Div,date,home_team,away_team,home_xg,away_xg
E0,2023-08-11 19:00:00,Burnley,Manchester City,0.311032,2.40074
E0,2023-08-12 11:30:00,Arsenal,Nottingham Forest,0.84262,0.966305
E0,2023-08-12 14:00:00,Bournemouth,West Ham,1.51025,1.4834
E0,2023-08-12 14:00:00,Brighton,Luton,4.36748,1.88594
E0,2023-08-12 14:00:00,Everton,Fulham,2.59001,1.58144
E0,2023-08-12 16:30:00,Newcastle United,Aston Villa,4.32208,1.486
E0,2023-08-12 14:00:00,Sheffield United,Crystal Palace,0.422704,2.27616
E0,2023-08-13 13:00:00,Brentford,Tottenham,1.90756,1.45316
E0,2023-08-13 15:30:00,Chelsea,Liverpool,1.93258,1.29994
E0,2023-08-14 19:00:00,Manchester United,Wolverhampton Wanderers,1.97087,1.72228
E0,2023-08-18 18:45:00,Nottingham Forest,Sheffield United,1.37181,0.551038
E0,2023-08-19 14:00:00,Fulham,Brentford,0.399899,3.46888
E0,2023-08-19 14:00:00,Liverpool,Bournemouth,3.25448,1.3867
E0,2023-08-19 19:00:00,Manchester City,Newcastle United,1.22528,0.257154
E0,2023-08-19 16:30:00,Tottenham,Manchester United,2.53904,2.44604
E0,2023-08-19 14:00:00,Wolverhampton Wanderers,Brighton,2.68821,3.15562
E0,2023-08-20 13:00:00,Aston Villa,Everton,3.24336,0.721465
E0,2023-08-20 15:30:00,West Ham,Chelsea,1.71234,1.60916
E0,2023-08-21 19:00:00,Crystal Palace,Arsenal,1.06916,2.20593
E0,2023-08-25 19:00:00,Chelsea,Luton,3.41419,0.465741
E0,2023-08-26 14:00:00,Arsenal,Fulham,3.23088,0.849817
E0,2023-08-26 11:30:00,Bournemouth,Tottenham,0.483582,2.26115
E0,2023-08-26 14:00:00,Brentford,Crystal Palace,0.948011,1.06061
E0,2023-08-26 16:30:00,Brighton,West Ham,1.3743,2.9527
E0,2023-08-26 14:00:00,Everton,Wolverhampton Wanderers,1.89792,1.40228
E0,2023-08-26 14:00:00,Manchester United,Nottingham Forest,3.02803,0.960354
E0,2023-08-27 13:00:00,Burnley,Aston Villa,0.630605,2.83691
E0,2023-08-27 15:30:00,Newcastle United,Liverpool,1.62037,0.856121
E0,2023-08-27 13:00:00,Sheffield United,Manchester City,0.762232,3.84804
E0,2023-09-01 19:00:00,Luton,West Ham,2.02244,1.22528
E0,2023-09-02 14:00:00,Brentford,Bournemouth,3.07185,2.11013
E0,2023-09-02 16:30:00,Brighton,Newcastle United,1.32258,0.90476
E0,2023-09-02 14:00:00,Burnley,Tottenham,1.66604,2.39785
E0,2023-09-02 14:00:00,Chelsea,Nottingham Forest,2.28442,1.1505
E0,2023-09-02 14:00:00,Manchester City,Fulham,2.00152,1.46427
E0,2023-09-02 11:30:00,Sheffield United,Everton,1.575,2.73871
E0,2023-09-03 15:30:00,Arsenal,Manchester United,1.90973,0.966109
E0,2023-09-03 13:00:00,Crystal Palace,Wolverhampton Wanderers,2.32935,1.13911
E0,2023-09-03 13:00:00,Liverpool,Aston Villa,2.73138,0.615503
E0,2023-09-16 14:00:00,Aston Villa,Crystal Palace,2.31518,1.11696
E0,2023-09-16 14:00:00,Fulham,Luton,1.75704,1.45705
E0,2023-09-16 14:00:00,Manchester United,Brighton,0.719951,1.93908
E0,2023-09-16 16:30:00,Newcastle United,Brentford,1.50126,0.633678
E0,2023-09-16 14:00:00,Tottenham,Sheffield United,2.15909,0.790655
E0,2023-09-16 14:00:00,West Ham,Manchester City,0.895632,4.15046
E0,2023-09-16 11:30:00,Wolverhampton Wanderers,Liverpool,0.538833,2.82701
E0,2023-09-17 13:00:00,Bournemouth,Chelsea,1.32515,1.39677
E0,2023-09-17 15:30:00,Everton,Arsenal,0.28317,0.802605
E0,2023-09-18 18:45:00,Nottingham Forest,Burnley,0.705795,0.807651
E0,2023-09-23 16:30:00,Brentford,Everton,1.57402,2.51497
E0,2023-09-23 19:00:00,Burnley,Manchester United,0.935444,0.840273
E0,2023-09-23 14:00:00,Crystal Palace,Fulham,0.37236,0.542678
E0,2023-09-23 14:00:00,Luton,Wolverhampton Wanderers,2.24101,0.762984
E0,2023-09-23 14:00:00,Manchester City,Nottingham Forest,1.33984,0.729109
E0,2023-09-24 13:00:00,Arsenal,Tottenham,2.3429,2.21166
E0,2023-09-24 13:00:00,Brighton,Bournemouth,2.14533,1.58984
E0,2023-09-24 13:00:00,Chelsea,Aston Villa,1.19716,1.13479
E0,2023-09-24 13:00:00,Liverpool,West Ham,4.14262,1.53878
E0,2023-09-24 15:30:00,Sheffield United,Newcastle United,0.579392,5.1082
E0,2023-09-30 11:30:00,Aston Villa,Brighton,1.90746,1.72819
E0,2023-09-30 14:00:00,Bournemouth,Arsenal,0.644443,4.0742
E0,2023-09-30 14:00:00,Everton,Luton,3.65377,1.5102
E0,2023-09-30 14:00:00,Manchester United,Crystal Palace,1.55408,1.19015
E0,2023-09-30 14:00:00,Newcastle United,Burnley,3.08516,0.801849
E0,2023-09-30 16:30:00,Tottenham,Liverpool,2.18823,1.12299
E0,2023-09-30 14:00:00,West Ham,Sheffield United,3.19753,0.911997
E0,2023-09-30 14:00:00,Wolverhampton Wanderers,Manchester City,0.673985,0.98075
E0,2023-10-01 13:00:00,Nottingham Forest,Brentford,0.800317,1.75862
E0,2023-10-02 19:00:00,Fulham,Chelsea,0.889383,1.98461
E0,2023-10-03 18:30:00,Luton,Burnley,1.53058,0.920206
E0,2023-10-07 14:00:00,Burnley,Chelsea,0.956642,1.97566
E0,2023-10-07 16:30:00,Crystal Palace,Nottingham Forest,0.982452,1.22105
E0,2023-10-07 14:00:00,Everton,Bournemouth,3.16482,0.981732
E0,2023-10-07 14:00:00,Fulham,Sheffield United,2.26612,0.251809
E0,2023-10-07 11:30:00,Luton,Tottenham,0.848118,2.37947
E0,2023-10-07 14:00:00,Manchester United,Brentford,1.29356,1.02509
E0,2023-10-08 15:30:00,Arsenal,Manchester City,0.386558,0.858071
E0,2023-10-08 13:00:00,Brighton,Liverpool,2.23187,2.51029
E0,2023-10-08 13:00:00,West Ham,Newcastle United,0.931345,1.97865
E0,2023-10-08 13:00:00,Wolverhampton Wanderers,Aston Villa,1.76232,1.81618
E0,2023-10-21 14:00:00,Bournemouth,Wolverhampton Wanderers,1.01839,2.30454
E0,2023-10-21 14:00:00,Brentford,Burnley,3.15685,0.693129
E0,2023-10-21 16:30:00,Chelsea,Arsenal,1.71838,1.05791
E0,2023-10-21 11:30:00,Liverpool,Everton,2.28568,0.0937725
E0,2023-10-21 14:00:00,Manchester City,Brighton,0.962509,0.963733
E0,2023-10-21 14:00:00,Newcastle United,Crystal Palace,3.73336,1.08795
E0,2023-10-21 14:00:00,Nottingham Forest,Luton,3.27549,1.49555
E0,2023-10-21 19:00:00,Sheffield United,Manchester United,1.41074,1.46187
E0,2023-10-22 15:30:00,Aston Villa,West Ham,2.34143,0.659622
E0,2023-10-23 19:00:00,Tottenham,Fulham,1.63523,0.745838
E0,2023-10-27 19:00:00,Crystal Palace,Tottenham,0.561834,0.989103
E0,2023-10-28 14:00:00,Arsenal,Sheffield United,3.03496,0.0281554
E0,2023-10-28 14:00:00,Bournemouth,Burnley,1.10052,0.90255
E0,2023-10-28 11:30:00,Chelsea,Brentford,1.71801,2.48137
E0,2023-10-28 16:30:00,Wolverhampton Wanderers,Newcastle United,0.863393,2.31987
E0,2023-10-29 14:00:00,Aston Villa,Luton,3.07654,0.453117
E0,2023-10-29 14:00:00,Brighton,Fulham,1.31996,0.552523
E0,2023-10-29 14:00:00,Liverpool,Nottingham Forest,2.70428,0.642014
E0,2023-10-29 15:30:00,Manchester United,Manchester City,0.714628,4.54595
E0,2023-10-29 13:00:00,West Ham,Everton,0.618578,0.733813
E0,2023-11-04 15:00:00,Brentford,West Ham,1.82944,1.75505
E0,2023-11-04 15:00:00,Burnley,Crystal Palace,1.4998,1.43653
E0,2023-11-04 15:00:00,Everton,Brighton,0.617607,0.442489
E0,2023-11-04 12:30:00,Fulham,Manchester United,1.18241,0.697095
E0,2023-11-04 15:00:00,Manchester City,Bournemouth,2.39949,0.643127
E0,2023-11-04 17:30:00,Newcastle United,Arsenal,1.12355,0.535473
E0,2023-11-04 15:00:00,Sheffield United,Wolverhampton Wanderers,1.10165,1.14803
E0,2023-11-05 16:30:00,Luton,Liverpool,1.3411,3.03925
E0,2023-11-05 14:00:00,Nottingham Forest,Aston Villa,0.592447,1.33116
E0,2023-11-06 20:00:00,Tottenham,Chelsea,0.959108,4.05865
E0,2023-11-11 15:00:00,Arsenal,Burnley,2.63194,0.327706
E0,2023-11-11 17:30:00,Bournemouth,Newcastle United,2.78424,0.306141
E0,2023-11-11 15:00:00,Crystal Palace,Everton,1.89194,1.7904
E0,2023-11-11 15:00:00,Manchester United,Luton,2.74105,0.408265
E0,2023-11-11 12:30:00,Wolverhampton Wanderers,Tottenham,1.90884,0.432315
E0,2023-11-12 14:00:00,Aston Villa,Fulham,2.86039,0.648745
E0,2023-11-12 14:00:00,Brighton,Sheffield United,1.08601,0.84434
E0,2023-11-12 16:30:00,Chelsea,Manchester City,3.47238,3.19324
E0,2023-11-12 14:00:00,Liverpool,Brentford,1.56004,1.44954
E0,2023-11-12 14:00:00,West Ham,Nottingham Forest,2.06402,1.42128
E0,2023-11-25 17:30:00,Brentford,Arsenal,1.66315,1.82699
E0,2023-11-25 15:00:00,Burnley,West Ham,1.44228,1.36963
E0,2023-11-25 15:00:00,Luton,Crystal Palace,0.996153,1.83546
E0,2023-11-25 12:30:00,Manchester City,Liverpool,1.79622,0.766278
E0,2023-11-25 15:00:00,Newcastle United,Chelsea,2.15227,0.968061
E0,2023-11-25 15:00:00,Nottingham Forest,Brighton,2.22655,1.21792
E0,2023-11-25 15:00:00,Sheffield United,Bournemouth,0.816227,3.13975
E0,2023-11-26 16:30:00,Everton,Manchester United,2.49764,2.07334
E0,2023-11-26 14:00:00,Tottenham,Aston Villa,2.22542,2.39755
E0,2023-11-27 20:00:00,Fulham,Wolverhampton Wanderers,2.49057,1.57875
E0,2023-12-02 15:00:00,Arsenal,Wolverhampton Wanderers,3.30368,1.07886
E0,2023-12-02 15:00:00,Brentford,Luton,3.25952,0.227176
E0,2023-12-02 15:00:00,Burnley,Sheffield United,2.60469,0.618131
E0,2023-12-02 20:00:00,Newcastle United,Manchester United,2.90191,0.422674
E0,2023-12-02 17:30:00,Nottingham Forest,Everton,0.673085,0.623789
E0,2023-12-03 14:00:00,Bournemouth,Aston Villa,2.54937,0.89511
E0,2023-12-03 14:00:00,Chelsea,Brighton,1.66304,0.855058
E0,2023-12-03 14:00:00,Liverpool,Fulham,2.72831,1.51005
E0,2023-12-03 16:30:00,Manchester City,Tottenham,2.90729,0.433077
E0,2023-12-03 14:00:00,West Ham,Crystal Palace,1.1466,0.987682
E0,2023-12-05 20:15:00,Luton,Arsenal,0.526254,2.58815
E0,2023-12-05 19:30:00,Wolverhampton Wanderers,Burnley,1.11886,0.781542
E0,2023-12-06 20:15:00,Aston Villa,Manchester City,2.1922,1.00198
E0,2023-12-06 19:30:00,Brighton,Brentford,1.54099,1.22007
E0,2023-12-06 19:30:00,Crystal Palace,Bournemouth,1.26441,1.79997
E0,2023-12-06 19:30:00,Fulham,Nottingham Forest,3.09427,0.218659
E0,2023-12-06 20:15:00,Manchester United,Chelsea,4.03949,2.3512
E0,2023-12-06 19:30:00,Sheffield United,Liverpool,0.834172,1.80116
E0,2023-12-07 19:30:00,Everton,Newcastle United,2.95393,1.29564
E0,2023-12-07 20:15:00,Tottenham,West Ham,1.61268,1.7409
E0,2023-12-09 17:30:00,Aston Villa,Arsenal,0.628499,1.71667
E0,2023-12-09 15:00:00,Brighton,Burnley,2.96247,1.05162
E0,2023-12-09 12:30:00,Crystal Palace,Liverpool,1.79152,1.3708
E0,2023-12-09 15:00:00,Manchester United,Bournemouth,1.11296,1.9742
E0,2023-12-09 15:00:00,Sheffield United,Brentford,0.841976,0.644638
E0,2023-12-09 15:00:00,Wolverhampton Wanderers,Nottingham Forest,1.02199,1.21801
E0,2023-12-10 14:00:00,Everton,Chelsea,1.11437,0.885512
E0,2023-12-10 14:00:00,Fulham,West Ham,2.1884,0.983
E0,2023-12-10 14:00:00,Luton,Manchester City,0.689037,2.23353
E0,2023-12-10 16:30:00,Tottenham,Newcastle United,4.40118,1.61368
E0,2023-12-15 20:00:00,Nottingham Forest,Tottenham,1.70569,1.60738
E0,2023-12-16 17:30:00,Burnley,Everton,0.811435,2.22305
E0,2023-12-16 15:00:00,Chelsea,Sheffield United,3.27322,0.44014
E0,2023-12-16 15:00:00,Manchester City,Crystal Palace,2.41646,1.64977
E0,2023-12-16 15:00:00,Newcastle United,Fulham,4.27933,0.471042
E0,2023-12-17 14:00:00,Arsenal,Brighton,2.76976,0.663054
E0,2023-12-17 14:00:00,Brentford,Aston Villa,0.796812,1.4664
E0,2023-12-17 16:30:00,Liverpool,Manchester United,1.97111,0.632715
E0,2023-12-17 14:00:00,West Ham,Wolverhampton Wanderers,1.03828,0.556206
E0,2023-12-21 20:00:00,Crystal Palace,Brighton,1.65409,1.33653
E0,2023-12-22 20:00:00,Aston Villa,Sheffield United,1.21861,0.646159
E0,2023-12-23 15:00:00,Fulham,Burnley,1.38096,0.41714
E0,2023-12-23 17:30:00,Liverpool,Arsenal,0.982901,0.851681
E0,2023-12-23 15:00:00,Luton,Newcastle United,1.81844,1.41488
E0,2023-12-23 15:00:00,Nottingham Forest,Bournemouth,0.791806,1.89067
E0,2023-12-23 15:00:00,Tottenham,Everton,1.57527,1.98385
E0,2023-12-23 12:30:00,West Ham,Manchester United,1.51468,0.730496
E0,2023-12-24 13:00:00,Wolverhampton Wanderers,Chelsea,1.74626,1.75447
E0,2023-12-26 15:00:00,Bournemouth,Fulham,2.07911,0.324365
E0,2023-12-26 17:30:00,Burnley,Liverpool,0.972389,1.68451
E0,2023-12-26 20:00:00,Manchester United,Aston Villa,1.20104,1.83637
E0,2023-12-26 12:30:00,Newcastle United,Nottingham Forest,2.79106,3.1074
E0,2023-12-26 15:00:00,Sheffield United,Luton,3.61788,0.715575
E0,2023-12-27 19:30:00,Brentford,Wolverhampton Wanderers,2.59347,1.89483
E0,2023-12-27 19:30:00,Chelsea,Crystal Palace,2.73005,0.958077
E0,2023-12-27 20:15:00,Everton,Manchester City,1.23529,2.28321
E0,2023-12-28 20:15:00,Arsenal,West Ham,2.7884,1.59711
E0,2023-12-28 19:30:00,Brighton,Tottenham,3.84702,2.06955
E0,2023-12-30 15:00:00,Aston Villa,Burnley,2.92587,1.11923
E0,2023-12-30 15:00:00,Crystal Palace,Brentford,1.61057,1.28731
E0,2023-12-30 12:30:00,Luton,Chelsea,2.64093,1.57463
E0,2023-12-30 15:00:00,Manchester City,Sheffield United,2.24229,0.263211
E0,2023-12-30 17:30:00,Nottingham Forest,Manchester United,0.744348,0.651905
E0,2023-12-30 15:00:00,Wolverhampton Wanderers,Everton,2.64477,0.519641
E0,2023-12-31 14:00:00,Fulham,Arsenal,1.52829,1.6591
E0,2023-12-31 14:00:00,Tottenham,Bournemouth,2.15027,1.58229
E0,2024-01-01 19:00:00,Liverpool,Newcastle United,6.67151,0.910974
E0,2024-01-02 18:30:00,West Ham,Brighton,0.9831,2.1552
E0,2024-01-12 19:45:00,Burnley,Luton,1.52023,0.965167
E0,2024-01-13 12:30:00,Chelsea,Fulham,2.0456,0.697847
E0,2024-01-13 17:30:00,Newcastle United,Manchester City,1.23638,2.55452
E0,2024-01-14 14:00:00,Everton,Aston Villa,1.03664,1.3435
E0,2024-01-14 16:30:00,Manchester United,Tottenham,0.923233,1.31224
E0,2024-01-20 12:30:00,Arsenal,Crystal Palace,3.52167,0.288083
E0,2024-01-20 17:30:00,Brentford,Nottingham Forest,1.94219,1.22251
E0,2024-01-21 16:30:00,Bournemouth,Liverpool,0.834585,1.53344
E0,2024-01-21 14:00:00,Sheffield United,West Ham,2.61362,2.4241
E0,2024-01-22 19:45:00,Brighton,Wolverhampton Wanderers,1.3701,1.14116
E0,2024-01-30 20:15:00,Aston Villa,Newcastle United,1.44485,3.3224
E0,2024-01-30 20:00:00,Crystal Palace,Sheffield United,1.1601,0.768467
E0,2024-01-30 19:45:00,Fulham,Everton,2.37499,2.83317
E0,2024-01-30 19:45:00,Luton,Brighton,3.63312,1.01366
E0,2024-01-30 19:30:00,Nottingham Forest,Arsenal,0.631618,1.39143
E0,2024-01-31 20:15:00,Liverpool,Chelsea,3.6627,0.477972
E0,2024-01-31 19:30:00,Manchester City,Burnley,1.84756,1.49114
E0,2024-01-31 19:30:00,Tottenham,Brentford,3.36194,1.59637
E0,2024-02-01 19:30:00,West Ham,Bournemouth,1.3128,1.13487
E0,2024-02-01 20:15:00,Wolverhampton Wanderers,Manchester United,2.27609,3.22698
E0,2024-02-03 15:00:00,Brighton,Crystal Palace,1.92591,0.241137
E0,2024-02-03 15:00:00,Burnley,Fulham,1.00428,1.28806
E0,2024-02-03 12:30:00,Everton,Tottenham,3.25881,0.922371
E0,2024-02-03 15:00:00,Newcastle United,Luton,2.37353,2.67463
E0,2024-02-03 17:30:00,Sheffield United,Aston Villa,1.52784,2.99015
E0,2024-02-04 16:30:00,Arsenal,Liverpool,2.8526,0.542052
E0,2024-02-04 14:00:00,Bournemouth,Nottingham Forest,1.1895,0.456548
E0,2024-02-04 14:00:00,Chelsea,Wolverhampton Wanderers,2.35967,2.48996
E0,2024-02-04 14:00:00,Manchester United,West Ham,0.96721,1.1807
E0,2024-02-05 20:00:00,Brentford,Manchester City,0.865741,2.10785
E0,2024-02-10 15:00:00,Fulham,Bournemouth,1.7456,2.60612
E0,2024-02-10 15:00:00,Liverpool,Burnley,3.14734,1.11123
E0,2024-02-10 15:00:00,Luton,Sheffield United,1.76215,1.98283
E0,2024-02-10 12:30:00,Manchester City,Everton,1.58971,0.192072
E0,2024-02-10 17:30:00,Nottingham Forest,Newcastle United,0.968075,0.511375
E0,2024-02-10 15:00:00,Tottenham,Brighton,2.10928,1.49285
E0,2024-02-10 15:00:00,Wolverhampton Wanderers,Brentford,1.05781,1.84908
E0,2024-02-11 16:30:00,Aston Villa,Manchester United,2.64675,2.44591
E0,2024-02-11 14:00:00,West Ham,Arsenal,0.191065,3.99893
E0,2024-02-12 20:00:00,Crystal Palace,Chelsea,0.719516,1.26948
E0,2024-02-17 12:30:00,Brentford,Liverpool,1.69518,3.08952
E0,2024-02-17 15:00:00,Burnley,Arsenal,0.335143,2.20575
E0,2024-02-17 15:00:00,Fulham,Aston Villa,1.41796,1.57297
E0,2024-02-17 17:30:00,Manchester City,Chelsea,2.77713,1.82903
E0,2024-02-17 15:00:00,Newcastle United,Bournemouth,2.38425,2.08098
E0,2024-02-17 15:00:00,Nottingham Forest,West Ham,2.66942,0.520016
E0,2024-02-17 15:00:00,Tottenham,Wolverhampton Wanderers,1.59768,1.77591
E0,2024-02-18 16:30:00,Luton,Manchester United,1.57234,3.58973
E0,2024-02-18 14:00:00,Sheffield United,Brighton,0.586214,3.35549
E0,2024-02-19 20:00:00,Everton,Crystal Palace,2.44588,0.734685
E0,2024-02-20 18:30:00,Manchester City,Brentford,2.53766,0.503799
E0,2024-02-21 15:00:00,Liverpool,Luton,3.70302,0.956512
E0,2024-02-24 20:00:00,Arsenal,Newcastle United,2.59336,0.217373
E0,2024-02-24 15:00:00,Aston Villa,Nottingham Forest,3.48861,2.25569
E0,2024-02-24 17:30:00,Bournemouth,Manchester City,0.925889,1.79636
E0,2024-02-24 15:00:00,Brighton,Everton,1.6538,0.286655
E0,2024-02-24 15:00:00,Crystal Palace,Burnley,2.41612,0.0760216
E0,2024-02-24 15:00:00,Manchester United,Fulham,1.96036,1.1385
E0,2024-02-25 13:30:00,Wolverhampton Wanderers,Sheffield United,1.21618,0.654342
E0,2024-02-26 20:00:00,West Ham,Brentford,2.06873,1.33683
E0,2024-03-02 15:00:00,Brentford,Chelsea,2.4732,2.1523
E0,2024-03-02 15:00:00,Everton,West Ham,3.12075,2.17948
E0,2024-03-02 15:00:00,Fulham,Brighton,1.37604,1.15198
E0,2024-03-02 17:30:00,Luton,Aston Villa,2.43312,2.08586
E0,2024-03-02 15:00:00,Newcastle United,Wolverhampton Wanderers,3.33495,0.507769
E0,2024-03-02 15:00:00,Nottingham Forest,Liverpool,0.971466,1.32259
E0,2024-03-02 15:00:00,Tottenham,Crystal Palace,2.6625,0.277887
E0,2024-03-03 13:00:00,Burnley,Bournemouth,1.60461,1.43616
E0,2024-03-03 15:30:00,Manchester City,Manchester United,2.64173,0.153764
E0,2024-03-04 20:00:00,Sheffield United,Arsenal,0.201374,2.47294
E0,2024-03-09 17:30:00,Arsenal,Brentford,1.59369,0.733239
E0,2024-03-09 15:00:00,Bournemouth,Sheffield United,3.92657,1.91752
E0,2024-03-09 15:00:00,Crystal Palace,Luton,3.25103,1.08531
E0,2024-03-09 12:30:00,Manchester United,Everton,2.9016,1.8214
E0,2024-03-09 15:00:00,Wolverhampton Wanderers,Fulham,1.29589,2.94155
E0,2024-03-10 13:00:00,Aston Villa,Tottenham,1.23267,2.25381
E0,2024-03-10 14:00:00,Brighton,Nottingham Forest,0.534518,0.687034
E0,2024-03-10 15:45:00,Liverpool,Manchester City,2.25492,1.37289
E0,2024-03-10 14:00:00,West Ham,Burnley,1.87414,0.88131
E0,2024-03-11 20:00:00,Chelsea,Newcastle United,1.78315,0.568435
E0,2024-03-13 19:30:00,Bournemouth,Luton,2.84403,2.79419
E0,2024-03-16 15:00:00,Burnley,Brentford,2.69776,1.25123
E0,2024-03-16 17:30:00,Fulham,Tottenham,2.47234,2.14564
E0,2024-03-16 15:00:00,Luton,Nottingham Forest,0.853782,1.95268
E0,2024-03-17 14:00:00,West Ham,Aston Villa,1.32829,0.911274
E0,2024-03-30 17:30:00,Aston Villa,Wolverhampton Wanderers,1.28271,1.66232
E0,2024-03-30 15:00:00,Bournemouth,Everton,1.39268,0.93378
E0,2024-03-30 20:00:00,Brentford,Manchester United,3.16487,0.989565
E0,2024-03-30 15:00:00,Chelsea,Burnley,4.46643,2.10422
E0,2024-03-30 12:30:00,Newcastle United,West Ham,3.80922,0.994584
E0,2024-03-30 15:00:00,Nottingham Forest,Crystal Palace,0.784652,0.900972
E0,2024-03-30 15:00:00,Sheffield United,Fulham,1.78824,1.10254
E0,2024-03-30 15:00:00,Tottenham,Luton,2.46523,0.402402
E0,2024-03-31 14:00:00,Liverpool,Brighton,3.21149,0.43922
E0,2024-03-31 16:30:00,Manchester City,Arsenal,1.22009,0.511402
E0,2024-04-02 18:45:00,Bournemouth,Crystal Palace,1.30969,0.174389
E0,2024-04-02 18:45:00,Burnley,Wolverhampton Wanderers,1.12581,1.01021
E0,2024-04-02 18:30:00,Newcastle United,Everton,2.65009,1.69834
E0,2024-04-02 18:30:00,Nottingham Forest,Fulham,1.94619,1.04304
E0,2024-04-02 19:15:00,West Ham,Tottenham,1.47017,1.39423
E0,2024-04-03 18:30:00,Arsenal,Luton,1.14384,0.292082
E0,2024-04-03 18:30:00,Brentford,Brighton,0.423299,1.22404
E0,2024-04-03 19:15:00,Manchester City,Aston Villa,3.87704,1.18643
E0,2024-04-04 19:15:00,Chelsea,Manchester United,3.48048,1.56686
E0,2024-04-04 18:30:00,Liverpool,Sheffield United,2.51772,0.720948
E0,2024-04-06 14:00:00,Aston Villa,Brentford,1.16333,1.42064
E0,2024-04-06 16:30:00,Brighton,Arsenal,0.428514,4.16518
E0,2024-04-06 11:30:00,Crystal Palace,Manchester City,1.49472,2.26381
E0,2024-04-06 14:00:00,Everton,Burnley,0.659844,0.34699
E0,2024-04-06 14:00:00,Fulham,Newcastle United,0.834564,1.18012
E0,2024-04-06 14:00:00,Luton,Bournemouth,1.30478,0.616108
E0,2024-04-06 14:00:00,Wolverhampton Wanderers,West Ham,1.78341,1.14133
E0,2024-04-07 14:30:00,Manchester United,Liverpool,0.814509,4.43457
E0,2024-04-07 16:30:00,Sheffield United,Chelsea,1.74265,0.521789
E0,2024-04-07 19:00:00,Tottenham,Nottingham Forest,1.61978,2.00122
E0,2024-04-13 16:30:00,Bournemouth,Manchester United,2.38519,1.52274
E0,2024-04-13 14:00:00,Brentford,Sheffield United,1.09071,0.834498
E0,2024-04-13 14:00:00,Burnley,Brighton,1.8522,0.889445
E0,2024-04-13 14:00:00,Manchester City,Luton,4.64245,0.809775
E0,2024-04-13 11:30:00,Newcastle United,Tottenham,3.1483,0.737596
E0,2024-04-13 14:00:00,Nottingham Forest,Wolverhampton Wanderers,1.76244,1.45688
E0,2024-04-14 15:30:00,Arsenal,Aston Villa,1.89003,0.929049
E0,2024-04-14 13:00:00,Liverpool,Crystal Palace,3.04497,2.12879
E0,2024-04-14 13:00:00,West Ham,Fulham,1.45307,3.61413
E0,2024-04-15 19:00:00,Chelsea,Everton,3.37093,1.21791
E0,2024-04-20 14:00:00,Luton,Brentford,0.497799,3.7809
E0,2024-04-20 14:00:00,Sheffield United,Burnley,1.97816,2.42338
E0,2024-04-20 18:30:00,Wolverhampton Wanderers,Arsenal,0.164516,1.66179
E0,2024-04-21 14:00:00,Aston Villa,Bournemouth,2.62687,2.05211
E0,2024-04-21 14:00:00,Crystal Palace,West Ham,3.7185,1.34536
E0,2024-04-21 12:30:00,Everton,Nottingham Forest,0.473233,1.18916
E0,2024-04-21 15:30:00,Fulham,Liverpool,0.83885,1.02445
E0,2024-04-23 19:00:00,Arsenal,Chelsea,3.45858,1.60343
E0,2024-04-24 19:00:00,Crystal Palace,Newcastle United,1.43661,0.55129
E0,2024-04-24 19:00:00,Everton,Liverpool,1.89111,1.87155
E0,2024-04-24 19:00:00,Manchester United,Sheffield United,3.51311,1.20517
E0,2024-04-24 18:45:00,Wolverhampton Wanderers,Bournemouth,0.484454,2.40311
E0,2024-04-25 19:00:00,Brighton,Manchester City,0.572021,1.90507
E0,2024-04-27 19:00:00,Aston Villa,Chelsea,0.612257,1.56401
E0,2024-04-27 16:30:00,Everton,Brentford,1.21399,0.956356
E0,2024-04-27 14:00:00,Fulham,Crystal Palace,1.39418,1.05387
E0,2024-04-27 14:00:00,Manchester United,Burnley,3.06197,1.89591
E0,2024-04-27 14:00:00,Newcastle United,Sheffield United,2.93477,1.82408
E0,2024-04-27 11:30:00,West Ham,Liverpool,0.794025,2.29298
E0,2024-04-27 14:00:00,Wolverhampton Wanderers,Luton,1.49011,0.90435
E0,2024-04-28 13:00:00,Bournemouth,Brighton,2.48132,1.35682
E0,2024-04-28 15:30:00,Nottingham Forest,Manchester City,2.17312,0.932063
E0,2024-04-28 13:00:00,Tottenham,Arsenal,2.60458,1.51469
E0,2024-05-02 18:30:00,Chelsea,Tottenham,2.22432,1.27064
E0,2024-05-03 19:00:00,Luton,Everton,0.950391,1.22959
E0,2024-05-04 11:30:00,Arsenal,Bournemouth,3.91372,0.4687
E0,2024-05-04 14:00:00,Brentford,Fulham,0.809379,1.45579
E0,2024-05-04 14:00:00,Burnley,Newcastle United,1.28632,4.25643
E0,2024-05-04 16:30:00,Manchester City,Wolverhampton Wanderers,4.52542,0.396887
E0,2024-05-04 14:00:00,Sheffield United,Nottingham Forest,2.48986,1.93818
E0,2024-05-05 13:00:00,Brighton,Aston Villa,2.63566,0.0644055
E0,2024-05-05 13:00:00,Chelsea,West Ham,4.21838,0.893899
E0,2024-05-05 15:30:00,Liverpool,Tottenham,3.26222,1.17205
E0,2024-05-06 19:00:00,Crystal Palace,Manchester United,2.0656,0.341417
E0,2024-05-11 14:00:00,Bournemouth,Brentford,1.07237,1.92722
E0,2024-05-11 14:00:00,Everton,Sheffield United,1.82411,0.465523
E0,2024-05-11 11:30:00,Fulham,Manchester City,0.0886245,3.15218
E0,2024-05-11 14:00:00,Newcastle United,Brighton,2.45163,1.91556
E0,2024-05-11 16:30:00,Nottingham Forest,Chelsea,2.44569,2.41068
E0,2024-05-11 14:00:00,Tottenham,Burnley,3.00238,0.950331
E0,2024-05-11 14:00:00,West Ham,Luton,3.71009,0.640456
E0,2024-05-11 14:00:00,Wolverhampton Wanderers,Crystal Palace,1.1561,2.51452
E0,2024-05-12 15:30:00,Manchester United,Arsenal,0.551669,1.73104
E0,2024-05-13 19:00:00,Aston Villa,Liverpool,2.71655,1.89968
E0,2024-05-14 19:00:00,Tottenham,Manchester City,1.84285,2.70331
E0,2024-05-15 18:45:00,Brighton,Chelsea,1.32423,1.544
E0,2024-05-15 19:00:00,Manchester United,Newcastle United,1.49706,2.27657
E0,2024-05-19 15:00:00,Arsenal,Everton,3.2117,0.664904
E0,2024-05-19 15:00:00,Brentford,Newcastle United,1.70157,3.65044
E0,2024-05-19 15:00:00,Brighton,Manchester United,1.9717,1.00404
E0,2024-05-19 15:00:00,Burnley,Nottingham Forest,1.08222,1.57962
E0,2024-05-19 15:00:00,Chelsea,Bournemouth,1.59771,2.002
E0,2024-05-19 15:00:00,Crystal Palace,Aston Villa,2.23189,0.598846
E0,2024-05-19 15:00:00,Liverpool,Wolverhampton Wanderers,5.65937,0.731254
E0,2024-05-19 15:00:00,Luton,Fulham,2.06743,1.11598
E0,2024-05-19 15:00:00,Manchester City,West Ham,2.31504,0.240159
E0,2024-05-19 15:00:00,Sheffield United,Tottenham,0.697312,3.19675
E0,2024-08-16 19:00:00,Manchester United,Fulham,2.04268,0.418711
E0,2024-08-17 14:00:00,Arsenal,Wolverhampton Wanderers,1.6283,0.575835
E0,2024-08-17 14:00:00,Everton,Brighton,0.405325,1.79083
E0,2024-08-17 11:30:00,Ipswich,Liverpool,0.342601,3.92906
E0,2024-08-17 14:00:00,Newcastle United,Southampton,0.433489,1.95483
E0,2024-08-17 14:00:00,Nottingham Forest,Bournemouth,1.24405,1.90915
E0,2024-08-17 16:30:00,West Ham,Aston Villa,2.8047,2.6703
E0,2024-08-18 13:00:00,Brentford,Crystal Palace,1.38064,1.14757
E0,2024-08-18 15:30:00,Chelsea,Manchester City,1.06123,1.18038
E0,2024-08-19 19:00:00,Leicester,Tottenham,1.02614,1.40775
E0,2024-08-24 16:30:00,Aston Villa,Arsenal,1.31664,1.41399
E0,2024-08-24 11:30:00,Brighton,Manchester United,2.14153,1.28556
E0,2024-08-24 14:00:00,Crystal Palace,West Ham,1.3761,1.53421
E0,2024-08-24 14:00:00,Fulham,Leicester,1.96218,0.857005
E0,2024-08-24 14:00:00,Manchester City,Ipswich,3.07818,0.479999
E0,2024-08-24 14:00:00,Southampton,Nottingham Forest,0.214952,2.86475
E0,2024-08-24 14:00:00,Tottenham,Everton,2.61143,0.648869
E0,2024-08-25 13:00:00,Bournemouth,Newcastle United,2.53513,1.89287
E0,2024-08-25 15:30:00,Liverpool,Brentford,2.71877,0.457239
E0,2024-08-25 13:00:00,Wolverhampton Wanderers,Chelsea,2.4181,2.02935
E0,2024-08-31 11:30:00,Arsenal,Brighton,2.41798,1.81748
E0,2024-08-31 14:00:00,Brentford,Southampton,3.86281,1.64713
E0,2024-08-31 14:00:00,Everton,Bournemouth,2.55629,2.95688
E0,2024-08-31 14:00:00,Ipswich,Fulham,0.707048,1.18883
E0,2024-08-31 14:00:00,Leicester,Aston Villa,0.774741,2.16385
E0,2024-08-31 14:00:00,Nottingham Forest,Wolverhampton Wanderers,1.41069,0.937632
E0,2024-08-31 16:30:00,West Ham,Manchester City,0.947201,3.19297
E0,2024-09-01 12:30:00,Chelsea,Crystal Palace,2.97743,0.459708
E0,2024-09-01 15:00:00,Manchester United,Liverpool,1.50087,2.10397
E0,2024-09-01 12:30:00,Newcastle United,Tottenham,1.58694,1.63304
E0,2024-09-14 16:30:00,Aston Villa,Everton,3.15876,0.852158
E0,2024-09-14 19:00:00,Bournemouth,Chelsea,1.53731,0.932726
E0,2024-09-14 14:00:00,Brighton,Ipswich,1.75696,0.721323
E0,2024-09-14 14:00:00,Crystal Palace,Leicester,2.88716,1.65187
E0,2024-09-14 14:00:00,Fulham,West Ham,2.88601,0.682719
E0,2024-09-14 14:00:00,Liverpool,Nottingham Forest,1.17044,0.589532
E0,2024-09-14 14:00:00,Manchester City,Brentford,1.55279,1.05094
E0,2024-09-14 11:30:00,Southampton,Manchester United,1.35593,3.02693
E0,2024-09-15 13:00:00,Tottenham,Arsenal,0.792595,1.1209
E0,2024-09-15 15:30:00,Wolverhampton Wanderers,Newcastle United,1.46969,1.48343
E0,2024-09-21 14:00:00,Aston Villa,Wolverhampton Wanderers,2.37351,0.520117
E0,2024-09-21 16:30:00,Crystal Palace,Manchester United,1.66928,2.35056
E0,2024-09-21 14:00:00,Fulham,Newcastle United,3.21141,1.09768
E0,2024-09-21 14:00:00,Leicester,Everton,1.33793,1.82377
E0,2024-09-21 14:00:00,Liverpool,Bournemouth,2.43731,1.46979
E0,2024-09-21 14:00:00,Southampton,Ipswich,2.89813,1.645
E0,2024-09-21 14:00:00,Tottenham,Brentford,3.89481,0.893565
E0,2024-09-21 11:30:00,West Ham,Chelsea,0.758267,2.39727
E0,2024-09-22 13:00:00,Brighton,Nottingham Forest,1.56836,1.36923
E0,2024-09-22 15:30:00,Manchester City,Arsenal,2.75588,1.28411
E0,2024-09-28 14:00:00,Arsenal,Leicester,6.05305,0.337909
E0,2024-09-28 14:00:00,Brentford,West Ham,0.370222,0.878617
E0,2024-09-28 14:00:00,Chelsea,Brighton,3.65839,1.20712
E0,2024-09-28 14:00:00,Everton,Crystal Palace,1.10959,1.12358
E0,2024-09-28 11:30:00,Newcastle United,Manchester City,1.34344,1.26516
E0,2024-09-28 14:00:00,Nottingham Forest,Fulham,0.614351,1.43592
E0,2024-09-28 16:30:00,Wolverhampton Wanderers,Liverpool,0.748925,2.11724
E0,2024-09-29 13:00:00,Ipswich,Aston Villa,1.84608,1.14494
E0,2024-09-29 15:30:00,Manchester United,Tottenham,0.600721,5.4072
E0,2024-09-30 19:00:00,Bournemouth,Southampton,1.44215,0.696068
E0,2024-10-05 14:00:00,Arsenal,Southampton,3.25165,1.27313
E0,2024-10-05 14:00:00,Brentford,Wolverhampton Wanderers,4.13513,0.696254
E0,2024-10-05 11:30:00,Crystal Palace,Liverpool,0.609481,2.07332
E0,2024-10-05 16:30:00,Everton,Newcastle United,0.692214,1.79048
E0,2024-10-05 14:00:00,Leicester,Bournemouth,0.912063,1.94963
E0,2024-10-05 14:00:00,Manchester City,Fulham,1.36684,2.75846
E0,2024-10-05 14:00:00,West Ham,Ipswich,4.39402,1.18463
E0,2024-10-06 13:00:00,Aston Villa,Manchester United,0.532809,0.448537
E0,2024-10-06 15:30:00,Brighton,Tottenham,1.97217,1.09279
E0,2024-10-06 13:00:00,Chelsea,Nottingham Forest,2.27752,1.66654
E0,2024-10-19 16:30:00,Bournemouth,Arsenal,2.18419,0.740758
E0,2024-10-19 14:00:00,Fulham,Aston Villa,2.63074,1.43595
E0,2024-10-19 14:00:00,Ipswich,Everton,1.174,1.60804
E0,2024-10-19 14:00:00,Manchester United,Brentford,1.76555,0.892843
E0,2024-10-19 14:00:00,Newcastle United,Brighton,1.93657,1.6779
E0,2024-10-19 14:00:00,Southampton,Leicester,2.42776,2.83826
E0,2024-10-19 11:30:00,Tottenham,West Ham,1.44052,0.858803
E0,2024-10-20 15:30:00,Liverpool,Chelsea,2.22517,1.33904
E0,2024-10-20 13:00:00,Wolverhampton Wanderers,Manchester City,0.761217,1.36569
E0,2024-10-21 19:00:00,Nottingham Forest,Crystal Palace,1.88573,0.835001
E0,2024-10-25 19:00:00,Leicester,Nottingham Forest,0.832415,2.54488
E0,2024-10-26 14:00:00,Aston Villa,Bournemouth,1.974,0.328651
E0,2024-10-26 14:00:00,Brentford,Ipswich,4.09663,1.65698
E0,2024-10-26 14:00:00,Brighton,Wolverhampton Wanderers,1.51347,1.11074
E0,2024-10-26 16:30:00,Everton,Fulham,0.884845,1.49531
E0,2024-10-26 14:00:00,Manchester City,Southampton,3.16286,0.369989
E0,2024-10-27 16:30:00,Arsenal,Liverpool,1.0883,1.35346
E0,2024-10-27 14:00:00,Chelsea,Newcastle United,1.61794,1.74225
E0,2024-10-27 14:00:00,Crystal Palace,Tottenham,0.978611,1.0192
E0,2024-10-27 14:00:00,West Ham,Manchester United,2.99312,2.62598
E0,2024-11-02 15:00:00,Bournemouth,Manchester City,2.4493,2.3527
E0,2024-11-02 15:00:00,Ipswich,Leicester,1.33617,2.33858
E0,2024-11-02 15:00:00,Liverpool,Brighton,1.81037,1.01568
E0,2024-11-02 12:30:00,Newcastle United,Arsenal,0.859715,0.911305
E0,2024-11-02 15:00:00,Nottingham Forest,West Ham,2.35011,0.132317
E0,2024-11-02 15:00:00,Southampton,Everton,0.540345,1.78581
E0,2024-11-02 17:30:00,Wolverhampton Wanderers,Crystal Palace,1.65018,2.64849
E0,2024-11-03 16:30:00,Manchester United,Chelsea,2.1605,1.21071
E0,2024-11-03 14:00:00,Tottenham,Aston Villa,2.09751,2.48749
E0,2024-11-04 20:00:00,Fulham,Brentford,1.43017,0.739231
E0,2024-11-09 15:00:00,Brentford,Bournemouth,1.56474,2.49234
E0,2024-11-09 17:30:00,Brighton,Manchester City,2.87116,2.60334
E0,2024-11-09 15:00:00,Crystal Palace,Fulham,1.96037,2.25331
E0,2024-11-09 20:00:00,Liverpool,Aston Villa,2.68196,1.66337
E0,2024-11-09 15:00:00,West Ham,Everton,1.1237,0.865983
E0,2024-11-09 15:00:00,Wolverhampton Wanderers,Southampton,0.912781,0.792655
E0,2024-11-10 16:30:00,Chelsea,Arsenal,1.24067,1.9605
E0,2024-11-10 14:00:00,Manchester United,Leicester,1.2369,0.417295
E0,2024-11-10 14:00:00,Nottingham Forest,Newcastle United,1.17852,1.86904
E0,2024-11-10 14:00:00,Tottenham,Ipswich,1.75088,2.18392
E0,2024-11-23 15:00:00,Arsenal,Nottingham Forest,1.66016,0.403136
E0,2024-11-23 15:00:00,Aston Villa,Crystal Palace,3.04455,1.61437
E0,2024-11-23 15:00:00,Bournemouth,Brighton,1.91157,1.23059
E0,2024-11-23 15:00:00,Everton,Brentford,1.5951,1.34314
E0,2024-11-23 15:00:00,Fulham,Wolverhampton Wanderers,0.717158,1.33903
E0,2024-11-23 12:30:00,Leicester,Chelsea,0.967987,2.81658
E0,2024-11-23 17:30:00,Manchester City,Tottenham,2.15899,3.30449
E0,2024-11-24 16:30:00,Ipswich,Manchester United,1.98714,1.26912
E0,2024-11-24 14:00:00,Southampton,Liverpool,1.53985,3.18835
E0,2024-11-25 20:00:00,Newcastle United,West Ham,1.49781,0.942824
E0,2024-11-29 20:00:00,Brighton,Southampton,1.86986,0.934969
E0,2024-11-30 15:00:00,Brentford,Leicester,2.21885,0.907555
E0,2024-11-30 15:00:00,Crystal Palace,Newcastle United,2.29595,0.020989
E0,2024-11-30 15:00:00,Nottingham Forest,Ipswich,1.76587,0.462771
E0,2024-11-30 17:30:00,West Ham,Arsenal,1.23539,3.99935
E0,2024-11-30 15:00:00,Wolverhampton Wanderers,Bournemouth,0.866034,3.07901
E0,2024-12-01 13:30:00,Chelsea,Aston Villa,1.94939,0.875443
E0,2024-12-01 16:00:00,Liverpool,Manchester City,3.70054,0.745015
E0,2024-12-01 13:30:00,Manchester United,Everton,1.76161,0.766749
E0,2024-12-01 13:30:00,Tottenham,Fulham,1.01086,1.57274
E0,2024-12-03 19:30:00,Ipswich,Crystal Palace,0.471708,1.65422
E0,2024-12-03 20:15:00,Leicester,West Ham,2.78061,2.87716
E0,2024-12-04 20:15:00,Arsenal,Manchester United,2.96684,0.256083
E0,2024-12-04 20:15:00,Aston Villa,Brentford,3.21673,1.13266
E0,2024-12-04 19:30:00,Everton,Wolverhampton Wanderers,1.49904,0.847724
E0,2024-12-04 19:30:00,Manchester City,Nottingham Forest,3.20169,0.802155
E0,2024-12-04 19:30:00,Newcastle United,Liverpool,1.52057,2.22766
E0,2024-12-04 19:30:00,Southampton,Chelsea,1.91014,5.8331
E0,2024-12-05 20:15:00,Bournemouth,Tottenham,3.27716,0.623934
E0,2024-12-05 19:30:00,Fulham,Brighton,0.666644,1.09939
E0,2024-12-07 15:00:00,Aston Villa,Southampton,2.51338,0.385832
E0,2024-12-07 15:00:00,Brentford,Newcastle United,1.746,1.95645
E0,2024-12-07 15:00:00,Crystal Palace,Manchester City,1.21476,1.5846
E0,2024-12-07 17:30:00,Manchester United,Nottingham Forest,1.4697,0.651217
E0,2024-12-08 14:00:00,Fulham,Arsenal,0.150988,2.4333
E0,2024-12-08 14:00:00,Ipswich,Bournemouth,1.5668,3.49127
E0,2024-12-08 14:00:00,Leicester,Brighton,1.42438,1.12184
E0,2024-12-08 16:30:00,Tottenham,Chelsea,3.25488,2.57326
E0,2024-12-09 20:00:00,West Ham,Wolverhampton Wanderers,1.19808,1.47567
E0,2024-12-14 15:00:00,Arsenal,Everton,1.30865,0.132166
E0,2024-12-14 15:00:00,Liverpool,Fulham,2.09698,1.2862
E0,2024-12-14 15:00:00,Newcastle United,Leicester,3.95461,0.186759
E0,2024-12-14 17:30:00,Nottingham Forest,Aston Villa,2.2861,0.389423
E0,2024-12-14 15:00:00,Wolverhampton Wanderers,Ipswich,1.23748,1.73349
E0,2024-12-15 14:00:00,Brighton,Crystal Palace,1.32323,3.00618
E0,2024-12-15 19:00:00,Chelsea,Brentford,2.59146,1.65861
E0,2024-12-15 16:30:00,Manchester City,Manchester United,0.638103,2.04662
E0,2024-12-15 19:00:00,Southampton,Tottenham,1.27356,3.89322
E0,2024-12-16 20:00:00,Bournemouth,West Ham,2.04842,1.81827
E0,2024-12-21 12:30:00,Aston Villa,Manchester City,2.05988,1.09627
E0,2024-12-21 15:00:00,Brentford,Nottingham Forest,0.769004,0.964897
E0,2024-12-21 17:30:00,Crystal Palace,Arsenal,1.6052,3.05434
E0,2024-12-21 15:00:00,Ipswich,Newcastle United,1.06427,3.23386
E0,2024-12-21 15:00:00,West Ham,Brighton,1.22937,1.34379
E0,2024-12-22 14:00:00,Everton,Chelsea,1.07081,1.51591
E0,2024-12-22 14:00:00,Fulham,Southampton,1.25255,0.280031
E0,2024-12-22 14:00:00,Leicester,Wolverhampton Wanderers,0.78868,1.13531
E0,2024-12-22 14:00:00,Manchester United,Bournemouth,2.28533,1.82831
E0,2024-12-22 16:30:00,Tottenham,Liverpool,1.20245,5.20214
E0,2024-12-26 15:00:00,Bournemouth,Crystal Palace,1.20189,0.500066
E0,2024-12-26 15:00:00,Chelsea,Fulham,1.55626,1.77929
E0,2024-12-26 20:00:00,Liverpool,Leicester,1.89935,0.22097
E0,2024-12-26 12:30:00,Manchester City,Everton,2.51965,0.653289
E0,2024-12-26 15:00:00,Newcastle United,Aston Villa,2.82867,0.225522
E0,2024-12-26 15:00:00,Nottingham Forest,Tottenham,1.30018,1.05758
E0,2024-12-26 15:00:00,Southampton,West Ham,2.19833,1.90111
E0,2024-12-26 17:30:00,Wolverhampton Wanderers,Manchester United,0.826489,0.358876
E0,2024-12-27 20:15:00,Arsenal,Ipswich,2.16462,0.0783327
E0,2024-12-27 19:30:00,Brighton,Brentford,1.33538,0.961233
E0,2024-12-29 15:00:00,Crystal Palace,Southampton,3.05417,1.21853
E0,2024-12-29 15:00:00,Everton,Nottingham Forest,0.615191,2.02753
E0,2024-12-29 15:00:00,Fulham,Bournemouth,0.961566,1.70692
E0,2024-12-29 14:30:00,Leicester,Manchester City,1.84208,1.58002
E0,2024-12-29 15:00:00,Tottenham,Wolverhampton Wanderers,2.28433,0.640697
E0,2024-12-29 17:15:00,West Ham,Liverpool,0.518279,3.29868
E0,2024-12-30 19:45:00,Aston Villa,Brighton,1.87997,0.938042
E0,2024-12-30 19:45:00,Ipswich,Chelsea,1.50093,1.60622
E0,2024-12-30 20:00:00,Manchester United,Newcastle United,1.00073,2.2424
E0,2025-01-01 17:30:00,Brentford,Arsenal,0.272604,1.99848
E0,2025-01-04 15:00:00,Aston Villa,Leicester,2.3456,0.81548
E0,2025-01-04 15:00:00,Bournemouth,Everton,2.61852,0.561015
E0,2025-01-04 17:30:00,Brighton,Arsenal,1.76513,1.81142
E0,2025-01-04 15:00:00,Crystal Palace,Chelsea,1.2766,1.51541
E0,2025-01-04 15:00:00,Manchester City,West Ham,1.97986,1.53286
E0,2025-01-04 15:00:00,Southampton,Brentford,0.249614,5.54874
E0,2025-01-04 12:30:00,Tottenham,Newcastle United,1.00333,2.42963
E0,2025-01-05 14:00:00,Fulham,Ipswich,2.65469,1.4434
E0,2025-01-05 16:30:00,Liverpool,Manchester United,2.862,1.67469
E0,2025-01-06 20:00:00,Wolverhampton Wanderers,Nottingham Forest,1.90463,2.57227
E0,2025-01-14 19:30:00,Brentford,Manchester City,2.39088,2.65315
E0,2025-01-14 19:30:00,Chelsea,Bournemouth,2.53808,1.14845
E0,2025-01-14 20:00:00,Nottingham Forest,Liverpool,0.5292,2.72291
E0,2025-01-14 19:30:00,West Ham,Fulham,0.937322,2.83581
E0,2025-01-15 20:00:00,Arsenal,Tottenham,2.25501,0.777071
E0,2025-01-15 19:30:00,Everton,Aston Villa,1.23126,1.28522
E0,2025-01-15 19:30:00,Leicester,Crystal Palace,2.09904,2.2647
E0,2025-01-15 19:30:00,Newcastle United,Wolverhampton Wanderers,2.13327,1.47433
E0,2025-01-16 19:30:00,Ipswich,Brighton,0.268127,1.06343
E0,2025-01-16 20:00:00,Manchester United,Southampton,3.10847,1.36705
E0,2025-01-18 17:30:00,Arsenal,Aston Villa,1.64458,1.20602
E0,2025-01-18 15:00:00,Brentford,Liverpool,1.20021,4.16249
E0,2025-01-18 15:00:00,Leicester,Fulham,0.676934,2.36823
E0,2025-01-18 12:30:00,Newcastle United,Bournemouth,0.837801,2.70174
E0,2025-01-18 15:00:00,West Ham,Crystal Palace,0.221062,1.62561
E0,2025-01-19 14:00:00,Everton,Tottenham,2.56089,1.35719
E0,2025-01-19 16:30:00,Ipswich,Manchester City,0.795637,3.20228
E0,2025-01-19 14:00:00,Manchester United,Brighton,1.31823,2.17172
E0,2025-01-19 14:00:00,Nottingham Forest,Southampton,2.36419,1.25922
E0,2025-01-20 20:00:00,Chelsea,Wolverhampton Wanderers,3.14882,1.06726
E0,2025-01-25 15:00:00,Bournemouth,Nottingham Forest,2.8254,0.996166
E0,2025-01-25 15:00:00,Brighton,Everton,0.64378,0.870883
E0,2025-01-25 15:00:00,Liverpool,Ipswich,2.16809,0.804707
E0,2025-01-25 17:30:00,Manchester City,Chelsea,2.23213,1.49843
E0,2025-01-25 15:00:00,Southampton,Newcastle United,0.825621,3.08319
E0,2025-01-25 15:00:00,Wolverhampton Wanderers,Arsenal,0.514724,0.887358
E0,2025-01-26 16:30:00,Aston Villa,West Ham,0.907851,1.67886
E0,2025-01-26 14:00:00,Crystal Palace,Brentford,1.23177,1.92037
E0,2025-01-26 19:00:00,Fulham,Manchester United,0.560571,0.201988
E0,2025-01-26 14:00:00,Tottenham,Leicester,1.27483,1.40469
E0,2025-02-01 15:00:00,Bournemouth,Liverpool,1.65273,2.7219
E0,2025-02-01 15:00:00,Everton,Leicester,3.11261,0.447136
E0,2025-02-01 15:00:00,Ipswich,Southampton,1.94845,1.17566
E0,2025-02-01 15:00:00,Newcastle United,Fulham,1.22716,1.60881
E0,2025-02-01 12:30:00,Nottingham Forest,Brighton,4.0677,0.756296
E0,2025-02-01 17:30:00,Wolverhampton Wanderers,Aston Villa,2.00146,0.742809
E0,2025-02-02 16:30:00,Arsenal,Manchester City,1.53202,0.743191
E0,2025-02-02 14:00:00,Brentford,Tottenham,1.66475,0.945355
E0,2025-02-02 14:00:00,Manchester United,Crystal Palace,1.50706,2.44633
E0,2025-02-03 20:00:00,Chelsea,West Ham,1.39066,1.1868
E0,2025-02-12 19:30:00,Everton,Liverpool,0.910523,0.929103
E0,2025-02-14 20:00:00,Brighton,Chelsea,2.06892,0.649788
E0,2025-02-15 15:00:00,Aston Villa,Ipswich,2.89841,0.332864
E0,2025-02-15 17:30:00,Crystal Palace,Everton,2.30646,1.01565
E0,2025-02-15 15:00:00,Fulham,Nottingham Forest,2.20993,0.331301
E0,2025-02-15 12:30:00,Leicester,Arsenal,0.233209,1.75
E0,2025-02-15 15:00:00,Manchester City,Newcastle United,2.12004,0.157211
E0,2025-02-15 15:00:00,Southampton,Bournemouth,0.974418,2.08722
E0,2025-02-15 15:00:00,West Ham,Brentford,0.673466,1.96499
E0,2025-02-16 14:00:00,Liverpool,Wolverhampton Wanderers,1.86758,1.05329
E0,2025-02-16 16:30:00,Tottenham,Manchester United,1.97109,1.42652
E0,2025-02-19 15:00:00,Aston Villa,Liverpool,1.02269,2.04279
E0,2025-02-21 20:00:00,Leicester,Brentford,0.727901,2.03465
E0,2025-02-22 15:00:00,Arsenal,West Ham,1.37264,1.02684
E0,2025-02-22 17:30:00,Aston Villa,Chelsea,2.69413,2.17418
E0,2025-02-22 15:00:00,Bournemouth,Wolverhampton Wanderers,0.629691,2.10124
E0,2025-02-22 12:30:00,Everton,Manchester United,2.10444,0.645685
E0,2025-02-22 15:00:00,Fulham,Crystal Palace,0.23426,1.46203
E0,2025-02-22 15:00:00,Ipswich,Tottenham,1.15389,1.58741
E0,2025-02-22 15:00:00,Southampton,Brighton,0.154147,5.12018
E0,2025-02-23 16:30:00,Manchester City,Liverpool,0.58248,0.807058
E0,2025-02-23 14:00:00,Newcastle United,Nottingham Forest,3.45858,2.38603
E0,2025-02-25 19:30:00,Brighton,Bournemouth,2.57927,1.70169
E0,2025-02-25 20:15:00,Chelsea,Southampton,2.98234,0.845039
E0,2025-02-25 19:30:00,Crystal Palace,Aston Villa,4.02522,0.667217
E0,2025-02-25 19:30:00,Wolverhampton Wanderers,Fulham,0.928973,1.43473
E0,2025-02-26 19:30:00,Brentford,Everton,1.34009,1.44955
E0,2025-02-26 20:15:00,Liverpool,Newcastle United,1.40027,0.45882
E0,2025-02-26 19:30:00,Manchester United,Ipswich,1.40202,1.04498
E0,2025-02-26 19:30:00,Nottingham Forest,Arsenal,0.508611,1.31766
E0,2025-02-26 19:30:00,Tottenham,Manchester City,1.28426,2.38641
E0,2025-02-27 20:00:00,West Ham,Leicester,1.70437,0.289578
E0,2025-03-08 17:30:00,Brentford,Aston Villa,0.637743,1.29638
E0,2025-03-08 15:00:00,Brighton,Fulham,1.94417,0.708227
E0,2025-03-08 15:00:00,Crystal Palace,Ipswich,3.13879,1.63282
E0,2025-03-08 15:00:00,Liverpool,Southampton,4.98996,0.511566
E0,2025-03-08 12:30:00,Nottingham Forest,Manchester City,0.501476,0.721234
E0,2025-03-08 20:00:00,Wolverhampton Wanderers,Everton,0.812432,1.3672
E0,2025-03-09 14:00:00,Chelsea,Leicester,1.76844,0.108487
E0,2025-03-09 16:30:00,Manchester United,Arsenal,1.31107,1.82996
E0,2025-03-09 14:00:00,Tottenham,Bournemouth,1.35053,2.22536
E0,2025-03-10 20:00:00,West Ham,Newcastle United,0.823986,1.62976
E0,2025-03-15 17:30:00,Bournemouth,Brentford,2.02714,1.60321
E0,2025-03-15 15:00:00,Everton,West Ham,1.189,0.516029
E0,2025-03-15 15:00:00,Ipswich,Nottingham Forest,0.520839,1.30722
E0,2025-03-15 15:00:00,Manchester City,Brighton,2.02642,2.11119
E0,2025-03-15 15:00:00,Southampton,Wolverhampton Wanderers,1.2821,0.540718
E0,2025-03-16 13:30:00,Arsenal,Chelsea,0.695725,0.286036
E0,2025-03-16 13:30:00,Fulham,Tottenham,1.03966,1.40865
E0,2025-03-16 19:00:00,Leicester,Manchester United,1.30455,1.13892
E0,2025-04-01 19:45:00,Arsenal,Fulham,2.30189,1.44206
E0,2025-04-01 20:00:00,Nottingham Forest,Manchester United,0.512063,1.86688
E0,2025-04-01 19:45:00,Wolverhampton Wanderers,West Ham,1.10359,1.73057
E0,2025-04-02 19:45:00,Bournemouth,Ipswich,1.99637,1.41263
E0,2025-04-02 19:45:00,Brighton,Aston Villa,0.558009,1.20715
E0,2025-04-02 20:00:00,Liverpool,Everton,1.29718,0.823136
E0,2025-04-02 19:45:00,Manchester City,Leicester,2.07165,0.104741
E0,2025-04-02 19:45:00,Newcastle United,Brentford,2.26584,1.53201
E0,2025-04-02 19:45:00,Southampton,Crystal Palace,0.687304,0.93776
E0,2025-04-03 19:00:00,Chelsea,Tottenham,1.30443,1.40274
E0,2025-04-05 16:30:00,Aston Villa,Nottingham Forest,2.63349,0.96769
E0,2025-04-05 14:00:00,Crystal Palace,Brighton,0.443965,1.27226
E0,2025-04-05 11:30:00,Everton,Arsenal,1.22875,1.4031
E0,2025-04-05 14:00:00,Ipswich,Wolverhampton Wanderers,0.872356,2.8096
E0,2025-04-05 14:00:00,West Ham,Bournemouth,0.907832,1.94869
E0,2025-04-06 13:00:00,Brentford,Chelsea,1.36123,1.47829
E0,2025-04-06 13:00:00,Fulham,Liverpool,1.72764,1.40638
E0,2025-04-06 15:30:00,Manchester United,Manchester City,1.23317,0.687894
E0,2025-04-06 13:00:00,Tottenham,Southampton,2.648,0.780439
E0,2025-04-07 19:00:00,Leicester,Newcastle United,0.354575,3.44111
E0,2025-04-12 16:30:00,Arsenal,Brentford,0.767369,0.588583
E0,2025-04-12 14:00:00,Brighton,Leicester,3.6978,1.98444
E0,2025-04-12 11:30:00,Manchester City,Crystal Palace,4.59724,1.33808
E0,2025-04-12 14:00:00,Nottingham Forest,Everton,0.423949,1.26036
E0,2025-04-12 14:00:00,Southampton,Aston Villa,0.412256,2.99927
E0,2025-04-13 13:00:00,Chelsea,Ipswich,2.90758,1.60301
E0,2025-04-13 13:00:00,Liverpool,West Ham,1.42902,1.46598
E0,2025-04-13 15:30:00,Newcastle United,Manchester United,2.6383,0.786568
E0,2025-04-13 13:00:00,Wolverhampton Wanderers,Tottenham,2.22977,1.62887
E0,2025-04-14 19:00:00,Bournemouth,Fulham,1.8577,1.07203
E0,2025-04-16 18:30:00,Newcastle United,Crystal Palace,2.32947,2.37548
E0,2025-04-19 16:30:00,Aston Villa,Newcastle United,3.05371,1.27176
E0,2025-04-19 14:00:00,Brentford,Brighton,2.95516,1.24107
E0,2025-04-19 14:00:00,Crystal Palace,Bournemouth,0.337818,0.664093
E0,2025-04-19 14:00:00,Everton,Manchester City,0.81683,1.87989
E0,2025-04-19 14:00:00,West Ham,Southampton,0.98423,0.922877
E0,2025-04-20 13:00:00,Fulham,Chelsea,0.306122,0.75172
E0,2025-04-20 13:00:00,Ipswich,Arsenal,0.192879,2.81362
E0,2025-04-20 15:30:00,Leicester,Liverpool,0.232205,4.52706
E0,2025-04-20 13:00:00,Manchester United,Wolverhampton Wanderers,1.13966,0.187814
E0,2025-04-21 19:00:00,Tottenham,Nottingham Forest,2.4024,0.557682
E0,2025-04-22 19:00:00,Manchester City,Aston Villa,1.36232,1.85906
E0,2025-04-23 19:00:00,Arsenal,Crystal Palace,1.92149,2.50515
E0,2025-04-26 14:00:00,Brighton,West Ham,1.29433,1.24134
E0,2025-04-26 11:30:00,Chelsea,Everton,0.768313,0.916838
E0,2025-04-26 14:00:00,Newcastle United,Ipswich,4.11539,0.127203
E0,2025-04-26 14:00:00,Southampton,Fulham,0.935581,1.9956
E0,2025-04-26 14:00:00,Wolverhampton Wanderers,Leicester,2.57666,1.04978
E0,2025-04-27 13:00:00,Bournemouth,Manchester United,0.60995,1.91039
E0,2025-04-27 15:30:00,Liverpool,Tottenham,2.51104,0.512812
E0,2025-05-01 18:30:00,Nottingham Forest,Brentford,0.670607,1.52054
E0,2025-05-02 19:00:00,Manchester City,Wolverhampton Wanderers,0.859463,0.622455
E0,2025-05-03 16:30:00,Arsenal,Bournemouth,2.05484,1.41783
E0,2025-05-03 11:30:00,Aston Villa,Fulham,1.29013,0.702787
E0,2025-05-03 14:00:00,Everton,Ipswich,0.808481,1.14351
E0,2025-05-03 14:00:00,Leicester,Southampton,1.60739,0.550774
E0,2025-05-04 13:00:00,Brentford,Manchester United,3.58737,1.13404
E0,2025-05-04 13:00:00,Brighton,Newcastle United,0.687863,1.63777
E0,2025-05-04 15:30:00,Chelsea,Liverpool,3.51944,1.4267
E0,2025-05-04 13:00:00,West Ham,Tottenham,1.15166,0.847022
E0,2025-05-05 19:00:00,Crystal Palace,Nottingham Forest,2.34037,0.63684
E0,2025-05-10 16:30:00,Bournemouth,Aston Villa,1.02272,1.12376
E0,2025-05-10 14:00:00,Fulham,Everton,1.20869,1.32604
E0,2025-05-10 14:00:00,Ipswich,Brentford,0.717433,1.32077
E0,2025-05-10 14:00:00,Southampton,Manchester City,0.136995,1.58463
E0,2025-05-10 14:00:00,Wolverhampton Wanderers,Brighton,0.73395,1.41254
E0,2025-05-11 15:30:00,Liverpool,Arsenal,2.74682,2.18795
E0,2025-05-11 13:15:00,Manchester United,West Ham,2.31287,2.15985
E0,2025-05-11 11:00:00,Newcastle United,Chelsea,1.6703,0.646426
E0,2025-05-11 13:15:00,Nottingham Forest,Leicester,1.76909,1.22949
E0,2025-05-11 13:15:00,Tottenham,Crystal Palace,0.806792,3.98546
E0,2025-05-16 18:30:00,Aston Villa,Tottenham,1.69061,0.523016
E0,2025-05-16 19:15:00,Chelsea,Manchester United,1.29571,0.337632
E0,2025-05-18 15:30:00,Arsenal,Newcastle United,1.15958,2.24634
E0,2025-05-18 14:00:00,Brentford,Fulham,2.43045,1.61741
E0,2025-05-18 11:00:00,Everton,Southampton,2.67793,1.05025
E0,2025-05-18 14:00:00,Leicester,Ipswich,0.788544,1.36957
E0,2025-05-18 13:15:00,West Ham,Nottingham Forest,0.850457,2.14756
E0,2025-05-19 19:00:00,Brighton,Liverpool,2.17789,3.065
E0,2025-05-20 19:00:00,Crystal Palace,Wolverhampton Wanderers,1.68451,1.42886
E0,2025-05-20 19:00:00,Manchester City,Bournemouth,1.59779,0.962014
E0,2025-05-25 15:00:00,Bournemouth,Leicester,2.72449,0.156702
E0,2025-05-25 15:00:00,Fulham,Manchester City,2.21797,2.45923
E0,2025-05-25 15:00:00,Ipswich,West Ham,0.893095,0.967379
E0,2025-05-25 15:00:00,Liverpool,Crystal Palace,1.92122,1.4144
E0,2025-05-25 15:00:00,Manchester United,Aston Villa,2.96259,0.335222
E0,2025-05-25 15:00:00,Newcastle United,Everton,1.1591,1.07279
E0,2025-05-25 15:00:00,Nottingham Forest,Chelsea,1.58014,1.30874
E0,2025-05-25 15:00:00,Southampton,Arsenal,0.598144,2.40711
E0,2025-05-25 15:00:00,Tottenham,Brighton,1.85265,3.11624
E0,2025-05-25 15:00:00,Wolverhampton Wanderers,Brentford,1.10889,1.97196
E0,2025-08-15 19:00:00,Liverpool,Bournemouth,2.33007,1.57303
E0,2025-08-16 11:30:00,Aston Villa,Newcastle United,0.318601,1.40098
E0,2025-08-16 14:00:00,Brighton,Fulham,1.44008,0.902883
E0,2025-08-16 14:00:00,Sunderland,West Ham,0.724368,0.558948
E0,2025-08-16 14:00:00,Tottenham,Burnley,1.97858,0.734138
E0,2025-08-16 16:30:00,Wolverhampton Wanderers,Manchester City,0.519436,2.29903
E0,2025-08-17 13:00:00,Chelsea,Crystal Palace,1.36793,1.03414
E0,2025-08-17 15:30:00,Manchester United,Arsenal,1.37653,1.3304
E0,2025-08-17 13:00:00,Nottingham Forest,Brentford,1.7555,1.32516
E0,2025-08-18 19:00:00,Leeds,Everton,2.3812,0.674338
E0,2025-08-22 19:00:00,West Ham,Chelsea,0.978572,3.94997
E0,2025-08-23 16:30:00,Arsenal,Leeds,2.73761,0.156761
E0,2025-08-23 14:00:00,Bournemouth,Wolverhampton Wanderers,1.78462,0.373367
E0,2025-08-23 14:00:00,Brentford,Aston Villa,1.12964,0.976852
E0,2025-08-23 14:00:00,Burnley,Sunderland,1.00381,1.12127
E0,2025-08-23 11:30:00,Manchester City,Tottenham,1.2475,1.28015
E0,2025-08-24 13:00:00,Crystal Palace,Nottingham Forest,1.10188,1.32987
E0,2025-08-24 13:00:00,Everton,Brighton,1.80116,2.08487
E0,2025-08-24 15:30:00,Fulham,Manchester United,1.65333,1.54603
E0,2025-08-25 19:00:00,Newcastle United,Liverpool,1.96342,0.646559
E0,2025-08-30 11:30:00,Chelsea,Fulham,2.4324,0.736228
E0,2025-08-30 16:30:00,Leeds,Newcastle United,0.6773,0.303635
E0,2025-08-30 14:00:00,Manchester United,Burnley,4.02237,1.32618
E0,2025-08-30 14:00:00,Sunderland,Brentford,1.57127,1.44604
E0,2025-08-30 14:00:00,Tottenham,Bournemouth,0.17067,2.1201
E0,2025-08-30 14:00:00,Wolverhampton Wanderers,Everton,0.943257,2.03791
E0,2025-08-31 18:00:00,Aston Villa,Crystal Palace,1.20586,2.59713
E0,2025-08-31 13:00:00,Brighton,Manchester City,2.20864,2.13418
E0,2025-08-31 15:30:00,Liverpool,Arsenal,0.481404,0.485679
E0,2025-08-31 13:00:00,Nottingham Forest,West Ham,0.716018,2.236
E0,2025-09-13 11:30:00,Arsenal,Nottingham Forest,2.8817,0.293681
E0,2025-09-13 14:00:00,Bournemouth,Brighton,1.44187,0.624923
E0,2025-09-13 19:00:00,Brentford,Chelsea,1.17533,0.755999
E0,2025-09-13 14:00:00,Crystal Palace,Sunderland,1.75805,0.354129
E0,2025-09-13 14:00:00,Everton,Aston Villa,1.8927,0.354327
E0,2025-09-13 14:00:00,Fulham,Leeds,1.13979,0.830398
E0,2025-09-13 14:00:00,Newcastle United,Wolverhampton Wanderers,1.19186,0.375942
E0,2025-09-13 16:30:00,West Ham,Tottenham,0.793248,1.51402
E0,2025-09-14 13:00:00,Burnley,Liverpool,0.168041,2.79492
E0,2025-09-14 15:30:00,Manchester City,Manchester United,1.99725,1.51915
E0,2025-09-20 14:00:00,Brighton,Tottenham,1.40466,1.19181
E0,2025-09-20 14:00:00,Burnley,Nottingham Forest,1.14159,0.830779
E0,2025-09-20 19:00:00,Fulham,Brentford,1.52431,0.826556
E0,2025-09-20 11:30:00,Liverpool,Everton,1.06166,0.721371
E0,2025-09-20 16:30:00,Manchester United,Chelsea,1.34458,0.469843
E0,2025-09-20 14:00:00,West Ham,Crystal Palace,0.466365,2.33565
E0,2025-09-20 14:00:00,Wolverhampton Wanderers,Leeds,1.5661,0.456988
E0,2025-09-21 15:30:00,Arsenal,Manchester City,0.718575,1.1227
E0,2025-09-21 13:00:00,Bournemouth,Newcastle United,0.55066,0.153629
E0,2025-09-21 13:00:00,Sunderland,Aston Villa,0.938312,0.939354
E0,2025-09-27 11:30:00,Brentford,Manchester United,2.78726,2.23609
E0,2025-09-27 14:00:00,Chelsea,Brighton,2.02653,2.4751
E0,2025-09-27 14:00:00,Crystal Palace,Liverpool,3.53323,3.10176
E0,2025-09-27 14:00:00,Leeds,Bournemouth,2.04728,1.06033
E0,2025-09-27 14:00:00,Manchester City,Burnley,3.22133,0.509491
E0,2025-09-27 16:30:00,Nottingham Forest,Sunderland,1.4203,1.94154
E0,2025-09-27 19:00:00,Tottenham,Wolverhampton Wanderers,0.818711,1.15951
E0,2025-09-28 13:00:00,Aston Villa,Fulham,1.36575,0.952612
E0,2025-09-28 15:30:00,Newcastle United,Arsenal,0.739851,2.07048
E0,2025-09-29 19:00:00,Everton,West Ham,0.909703,0.775766
E0,2025-10-03 19:00:00,Bournemouth,Fulham,1.33458,0.84335
E0,2025-10-04 14:00:00,Arsenal,West Ham,3.0585,0.864549
E0,2025-10-04 16:30:00,Chelsea,Liverpool,1.23721,2.05981
E0,2025-10-04 11:30:00,Leeds,Tottenham,1.48051,0.688198
E0,2025-10-04 14:00:00,Manchester United,Sunderland,1.9298,0.807119
E0,2025-10-05 13:00:00,Aston Villa,Burnley,1.73572,0.502292
E0,2025-10-05 15:30:00,Brentford,Manchester City,0.693758,1.09647
E0,2025-10-05 13:00:00,Everton,Crystal Palace,2.13876,2.17789
E0,2025-10-05 13:00:00,Newcastle United,Nottingham Forest,3.81662,0.337689
E0,2025-10-05 13:00:00,Wolverhampton Wanderers,Brighton,0.369404,1.39158
E0,2025-10-18 14:00:00,Brighton,Newcastle United,0.857104,1.28313
E0,2025-10-18 14:00:00,Burnley,Leeds,0.509647,2.33152
E0,2025-10-18 14:00:00,Crystal Palace,Bournemouth,4.56284,2.0471
E0,2025-10-18 16:30:00,Fulham,Arsenal,0.502332,2.07823
E0,2025-10-18 14:00:00,Manchester City,Everton,2.4799,0.794622
E0,2025-10-18 11:30:00,Nottingham Forest,Chelsea,2.0555,2.5583
E0,2025-10-18 14:00:00,Sunderland,Wolverhampton Wanderers,1.02481,0.676323
E0,2025-10-19 15:30:00,Liverpool,Manchester United,2.60972,2.53117
E0,2025-10-19 13:00:00,Tottenham,Aston Villa,1.51461,0.352231
E0,2025-10-20 19:00:00,West Ham,Brentford,0.260251,3.46635
E0,2025-10-24 19:00:00,Leeds,West Ham,2.2214,0.498653
E0,2025-10-25 19:00:00,Brentford,Liverpool,3.27126,2.11838
E0,2025-10-25 14:00:00,Chelsea,Sunderland,1.21332,1.5506
E0,2025-10-25 16:30:00,Manchester United,Brighton,1.96231,0.947154
E0,2025-10-25 14:00:00,Newcastle United,Fulham,2.76806,1.52001
E0,2025-10-26 13:00:00,Arsenal,Crystal Palace,0.856175,0.350534
E0,2025-10-26 13:00:00,Aston Villa,Manchester City,0.843906,1.36914
E0,2025-10-26 13:00:00,Bournemouth,Nottingham Forest,0.656601,0.305493
E0,2025-10-26 15:30:00,Everton,Tottenham,1.4032,2.09327
E0,2025-10-26 13:00:00,Wolverhampton Wanderers,Burnley,2.58132,1.54544
E0,2025-11-01 15:00:00,Brighton,Leeds,2.64127,0.35919
E0,2025-11-01 15:00:00,Burnley,Arsenal,0.679177,2.51649
E0,2025-11-01 15:00:00,Crystal Palace,Brentford,0.734558,0.820498
E0,2025-11-01 15:00:00,Fulham,Wolverhampton Wanderers,1.91207,0.209934
E0,2025-11-01 20:00:00,Liverpool,Aston Villa,1.47021,0.43502
E0,2025-11-01 15:00:00,Nottingham Forest,Manchester United,1.55066,0.91622
E0,2025-11-01 17:30:00,Tottenham,Chelsea,0.146954,3.34251
E0,2025-11-02 16:30:00,Manchester City,Bournemouth,2.48999,0.899846
E0,2025-11-02 14:00:00,West Ham,Newcastle United,1.41383,0.523615
E0,2025-11-03 20:00:00,Sunderland,Everton,1.18068,1.00741
E0,2025-11-08 20:00:00,Chelsea,Wolverhampton Wanderers,3.98342,0.111462
E0,2025-11-08 15:00:00,Everton,Fulham,2.30607,0.424478
E0,2025-11-08 17:30:00,Sunderland,Arsenal,1.20495,2.32943
E0,2025-11-08 12:30:00,Tottenham,Manchester United,1.35532,0.820256
E0,2025-11-08 15:00:00,West Ham,Burnley,2.96728,1.87478
E0,2025-11-09 14:00:00,Aston Villa,Bournemouth,1.88282,2.00992
E0,2025-11-09 14:00:00,Brentford,Newcastle United,2.73729,0.432277
E0,2025-11-09 14:00:00,Crystal Palace,Brighton,0.839547,0.637037
E0,2025-11-09 16:30:00,Manchester City,Liverpool,1.59542,1.0281
E0,2025-11-09 14:00:00,Nottingham Forest,Leeds,2.49097,0.419461
E0,2025-11-22 15:00:00,Bournemouth,West Ham,3.48299,0.390782
E0,2025-11-22 15:00:00,Brighton,Brentford,0.977488,2.19979
E0,2025-11-22 12:30:00,Burnley,Chelsea,0.660943,1.72093
E0,2025-11-22 15:00:00,Fulham,Sunderland,2.83729,0.222768
E0,2025-11-22 15:00:00,Liverpool,Nottingham Forest,1.79273,1.19459
E0,2025-11-22 17:30:00,Newcastle United,Manchester City,2.40555,2.45648
E0,2025-11-22 15:00:00,Wolverhampton Wanderers,Crystal Palace,1.66409,1.44933
E0,2025-11-23 16:30:00,Arsenal,Tottenham,2.27827,0.0300672
E0,2025-11-23 14:00:00,Leeds,Aston Villa,1.84668,1.35978
E0,2025-11-24 20:00:00,Manchester United,Everton,2.2737,0.155063
E0,2025-11-29 15:00:00,Brentford,Burnley,3.72106,0.874025
E0,2025-11-29 17:30:00,Everton,Newcastle United,1.01125,2.45882
E0,2025-11-29 15:00:00,Manchester City,Leeds,2.85292,1.75142
E0,2025-11-29 15:00:00,Sunderland,Bournemouth,1.16955,1.79274
E0,2025-11-29 20:00:00,Tottenham,Fulham,1.04396,0.494736
E0,2025-11-30 14:05:00,Aston Villa,Wolverhampton Wanderers,1.15486,0.692588
E0,2025-11-30 16:30:00,Chelsea,Arsenal,0.791914,1.22828
E0,2025-11-30 12:00:00,Crystal Palace,Manchester United,2.13561,1.47768
E0,2025-11-30 14:05:00,Nottingham Forest,Brighton,0.960325,2.0572
E0,2025-11-30 14:05:00,West Ham,Liverpool,0.364152,1.56793
E0,2025-12-02 19:30:00,Bournemouth,Everton,0.635415,1.19573
E0,2025-12-02 19:30:00,Fulham,Manchester City,0.972635,1.96225
E0,2025-12-02 20:15:00,Newcastle United,Tottenham,1.88558,1.05205
E0,2025-12-03 19:30:00,Arsenal,Brentford,2.63126,0.588716
E0,2025-12-03 19:30:00,Brighton,Aston Villa,1.96298,3.15745
E0,2025-12-03 19:30:00,Burnley,Crystal Palace,1.16852,0.987797
E0,2025-12-03 20:15:00,Leeds,Chelsea,2.2047,0.964018
E0,2025-12-03 20:15:00,Liverpool,Sunderland,1.37633,0.712662
E0,2025-12-03 19:30:00,Wolverhampton Wanderers,Nottingham Forest,1.02461,1.12389
E0,2025-12-04 20:00:00,Manchester United,West Ham,2.27674,1.36584
E0,2025-12-06 12:30:00,Aston Villa,Arsenal,2.71986,1.85965
E0,2025-12-06 15:00:00,Bournemouth,Chelsea,1.41931,0.672602
E0,2025-12-06 15:00:00,Everton,Nottingham Forest,1.25348,0.31234
E0,2025-12-06 17:30:00,Leeds,Liverpool,1.79333,2.04805
E0,2025-12-06 15:00:00,Manchester City,Sunderland,2.41605,0.626486
E0,2025-12-06 15:00:00,Newcastle United,Burnley,1.80708,1.58375
E0,2025-12-06 15:00:00,Tottenham,Brentford,2.42388,0.470563
E0,2025-12-07 14:00:00,Brighton,West Ham,2.10077,1.7064
E0,2025-12-07 16:30:00,Fulham,Crystal Palace,0.766771,1.71109
E0,2025-12-08 20:00:00,Wolverhampton Wanderers,Manchester United,0.262147,4.04708
E0,2025-12-13 20:00:00,Arsenal,Wolverhampton Wanderers,1.61796,0.61997
E0,2025-12-13 17:30:00,Burnley,Fulham,2.05486,1.65053
E0,2025-12-13 15:00:00,Chelsea,Everton,2.64457,1.34
E0,2025-12-13 15:00:00,Liverpool,Brighton,2.4127,1.69004
E0,2025-12-14 16:30:00,Brentford,Leeds,0.697006,1.63409
E0,2025-12-14 14:00:00,Crystal Palace,Manchester City,1.30092,1.35317
E0,2025-12-14 14:00:00,Nottingham Forest,Tottenham,2.32658,0.380246
E0,2025-12-14 14:00:00,Sunderland,Newcastle United,0.630045,0.169329
E0,2025-12-14 14:00:00,West Ham,Aston Villa,1.27701,0.595093
E0,2025-12-15 20:00:00,Manchester United,Bournemouth,3.21204,2.35196
E0,2025-12-20 15:00:00,Bournemouth,Burnley,1.81847,0.480528
E0,2025-12-20 15:00:00,Brighton,Sunderland,0.919272,1.31044
E0,2025-12-20 20:00:00,Everton,Arsenal,0.213273,1.84723
E0,2025-12-20 20:00:00,Leeds,Crystal Palace,2.90786,1.53058
E0,2025-12-20 15:00:00,Manchester City,West Ham,3.58188,1.02143
E0,2025-12-20 12:30:00,Newcastle United,Chelsea,2.87863,1.0261
E0,2025-12-20 17:30:00,Tottenham,Liverpool,1.34905,1.23164
E0,2025-12-20 15:00:00,Wolverhampton Wanderers,Brentford,1.26823,1.56309
E0,2025-12-21 16:30:00,Aston Villa,Manchester United,1.86917,1.30455
E0,2025-12-22 20:00:00,Fulham,Nottingham Forest,1.70568,0.486296
E0,2025-12-26 20:00:00,Manchester United,Newcastle United,0.940811,1.12998
E0,2025-12-27 15:00:00,Arsenal,Brighton,2.54318,0.710064
E0,2025-12-27 15:00:00,Brentford,Bournemouth,2.8513,2.56183
E0,2025-12-27 15:00:00,Burnley,Everton,1.24948,1.25204
E0,2025-12-27 17:30:00,Chelsea,Aston Villa,1.97155,2.05918
E0,2025-12-27 15:00:00,Liverpool,Wolverhampton Wanderers,1.56502,0.780664
E0,2025-12-27 12:30:00,Nottingham Forest,Manchester City,0.600141,1.46468
E0,2025-12-27 15:00:00,West Ham,Fulham,1.13719,1.11436
E0,2025-12-28 16:30:00,Crystal Palace,Tottenham,0.929681,0.870768
E0,2025-12-28 14:00:00,Sunderland,Leeds,0.805957,2.60653
E0,2025-12-30 20:15:00,Arsenal,Aston Villa,4.41335,2.94195
E0,2025-12-30 19:30:00,Burnley,Newcastle United,1.32551,2.49248
E0,2025-12-30 19:30:00,Chelsea,Bournemouth,2.33294,3.49142
E0,2025-12-30 20:15:00,Manchester United,Wolverhampton Wanderers,1.13306,1.21784
E0,2025-12-30 19:30:00,Nottingham Forest,Everton,1.75445,1.69525
E0,2025-12-30 19:30:00,West Ham,Brighton,2.27644,3.08914
E0,2026-01-01 20:00:00,Brentford,Tottenham,0.556304,0.608309
E0,2026-01-01 17:30:00,Crystal Palace,Fulham,2.35346,1.75434
E0,2026-01-01 17:30:00,Liverpool,Leeds,1.67833,0.15936
E0,2026-01-01 20:00:00,Sunderland,Manchester City,0.962141,2.44247
E0,2026-01-03 12:30:00,Aston Villa,Nottingham Forest,1.42988,0.8982
E0,2026-01-03 17:30:00,Bournemouth,Arsenal,0.947846,1.28
E0,2026-01-03 15:00:00,Brighton,Burnley,1.4717,0.254551
E0,2026-01-03 15:00:00,Wolverhampton Wanderers,West Ham,2.23925,0.235678
E0,2026-01-04 15:00:00,Everton,Brentford,1.00566,3.05179
E0,2026-01-04 15:00:00,Fulham,Liverpool,0.609182,1.7188
E0,2026-01-04 12:30:00,Leeds,Manchester United,0.970138,1.94781
E0,2026-01-04 17:30:00,Manchester City,Chelsea,1.03049,2.03726
E0,2026-01-04 15:00:00,Newcastle United,Crystal Palace,2.72764,1.27825
E0,2026-01-04 15:00:00,Tottenham,Sunderland,1.4175,0.467481
E0,2026-01-06 20:00:00,West Ham,Nottingham Forest,1.73697,1.26683
E0,2026-01-07 19:30:00,Bournemouth,Tottenham,1.19014,1.6261
E0,2026-01-07 19:30:00,Brentford,Sunderland,3.86096,1.50644
E0,2026-01-07 20:15:00,Burnley,Manchester United,0.31971,2.52488
E0,2026-01-07 19:30:00,Crystal Palace,Aston Villa,1.32505,2.07015
E0,2026-01-07 19:30:00,Everton,Wolverhampton Wanderers,1.63321,0.71329
E0,2026-01-07 19:30:00,Fulham,Chelsea,1.06013,2.45107
E0,2026-01-07 19:30:00,Manchester City,Brighton,2.95904,1.33162
E0,2026-01-07 20:15:00,Newcastle United,Leeds,2.43495,2.35318
E0,2026-01-08 20:00:00,Arsenal,Liverpool,0.701832,0.318642
E0,2026-01-17 15:00:00,Chelsea,Brentford,1.62263,1.47521
E0,2026-01-17 15:00:00,Leeds,Fulham,2.16898,0.258796
E0,2026-01-17 15:00:00,Liverpool,Burnley,3.49045,0.546971
E0,2026-01-17 12:30:00,Manchester United,Manchester City,3.07278,0.387015
E0,2026-01-17 17:30:00,Nottingham Forest,Arsenal,0.318481,2.86323
E0,2026-01-17 15:00:00,Sunderland,Crystal Palace,1.84601,1.15169
E0,2026-01-17 15:00:00,Tottenham,West Ham,1.65292,2.76761
E0,2026-01-18 16:30:00,Aston Villa,Everton,0.905393,0.745859
E0,2026-01-18 14:00:00,Wolverhampton Wanderers,Newcastle United,0.390216,0.813313
E0,2026-01-19 20:00:00,Brighton,Bournemouth,0.995777,1.69737
E0,2026-01-24 17:30:00,Bournemouth,Liverpool,3.31474,0.937335
E0,2026-01-24 15:00:00,Burnley,Tottenham,1.54884,2.59093
E0,2026-01-24 15:00:00,Fulham,Brighton,1.13243,1.94652
E0,2026-01-24 15:00:00,Manchester City,Wolverhampton Wanderers,1.0654,0.542683
E0,2026-01-24 12:30:00,West Ham,Sunderland,2.18675,0.713838
E0,2026-01-25 16:30:00,Arsenal,Manchester United,1.42411,0.640902
E0,2026-01-25 14:00:00,Brentford,Nottingham Forest,2.00413,1.38958
E0,2026-01-25 14:00:00,Crystal Palace,Chelsea,2.41793,3.08817
E0,2026-01-25 14:00:00,Newcastle United,Aston Villa,1.95484,1.32143
E0,2026-01-26 20:00:00,Everton,Leeds,0.889916,1.6766
E0,2026-01-31 15:00:00,Brighton,Everton,1.42825,1.28126
E0,2026-01-31 17:30:00,Chelsea,West Ham,2.66133,1.72585
E0,2026-01-31 15:00:00,Leeds,Arsenal,0.17871,3.54427
E0,2026-01-31 20:00:00,Liverpool,Newcastle United,3.09973,0.284319
E0,2026-01-31 15:00:00,Wolverhampton Wanderers,Bournemouth,2.10353,1.59116
E0,2026-02-01 14:00:00,Aston Villa,Brentford,2.15316,0.314916
E0,2026-02-01 14:00:00,Manchester United,Fulham,1.84362,1.71998
E0,2026-02-01 14:00:00,Nottingham Forest,Crystal Palace,0.987254,1.648
E0,2026-02-01 16:30:00,Tottenham,Manchester City,1.49738,2.03614
E0,2026-02-02 20:00:00,Sunderland,Burnley,1.8865,0.126371
E0,2026-02-06 20:00:00,Leeds,Nottingham Forest,3.38179,1.6608
E0,2026-02-07 15:00:00,Arsenal,Sunderland,1.19401,0.427225
E0,2026-02-07 15:00:00,Bournemouth,Aston Villa,1.82646,0.646496
E0,2026-02-07 15:00:00,Burnley,West Ham,1.84644,1.1223
E0,2026-02-07 15:00:00,Fulham,Everton,2.20126,1.88778
E0,2026-02-07 12:30:00,Manchester United,Tottenham,2.16576,0.593404
E0,2026-02-07 17:30:00,Newcastle United,Brentford,3.3215,1.65022
E0,2026-02-07 15:00:00,Wolverhampton Wanderers,Chelsea,1.11372,3.76278
E0,2026-02-08 14:00:00,Brighton,Crystal Palace,0.737798,0.928404
E0,2026-02-08 16:30:00,Liverpool,Manchester City,1.26652,2.41476
E0,2026-02-10 19:30:00,Chelsea,Leeds,3.21176,1.28948
E0,2026-02-10 19:30:00,Everton,Bournemouth,2.33114,1.4121
E0,2026-02-10 19:30:00,Tottenham,Newcastle United,1.68925,2.46991
E0,2026-02-10 20:15:00,West Ham,Manchester United,1.30746,0.735767
E0,2026-02-11 19:30:00,Aston Villa,Brighton,0.576138,0.481306
E0,2026-02-11 19:30:00,Crystal Palace,Burnley,2.1276,0.691273
E0,2026-02-11 19:30:00,Manchester City,Fulham,1.67722,1.05283
E0,2026-02-11 19:30:00,Nottingham Forest,Wolverhampton Wanderers,3.69094,0.406959
E0,2026-02-11 20:15:00,Sunderland,Liverpool,0.693794,3.08172
E0,2026-02-12 20:00:00,Brentford,Arsenal,1.81154,0.78418
E0,2026-02-18 20:00:00,Wolverhampton Wanderers,Arsenal,0.173119,2.01018
E0,2026-02-21 15:00:00,Aston Villa,Leeds,1.25439,1.27855
E0,2026-02-21 15:00:00,Brentford,Brighton,1.69023,1.37203
E0,2026-02-21 15:00:00,Chelsea,Burnley,2.51534,1.01255
E0,2026-02-21 20:00:00,Manchester City,Newcastle United,2.22648,0.507954
E0,2026-02-21 17:30:00,West Ham,Bournemouth,2.34412,0.522731
E0,2026-02-22 14:00:00,Crystal Palace,Wolverhampton Wanderers,2.03559,1.67749
E0,2026-02-22 14:00:00,Nottingham Forest,Liverpool,0.934768,2.39634
E0,2026-02-22 14:00:00,Sunderland,Fulham,1.7609,2.16696
E0,2026-02-22 16:30:00,Tottenham,Arsenal,0.383264,3.31701
E0,2026-02-23 20:00:00,Everton,Manchester United,0.560924,1.4547
E0,2026-02-27 20:00:00,Wolverhampton Wanderers,Aston Villa,1.50771,1.31328
E0,2026-02-28 12:30:00,Bournemouth,Sunderland,1.82434,1.07887
E0,2026-02-28 15:00:00,Burnley,Brentford,0.823824,2.44595
E0,2026-02-28 17:30:00,Leeds,Manchester City,1.37824,2.46834
E0,2026-02-28 15:00:00,Liverpool,West Ham,2.09939,1.3517
E0,2026-02-28 15:00:00,Newcastle United,Everton,1.11889,2.40731
E0,2026-03-01 16:30:00,Arsenal,Chelsea,1.71598,1.35268
E0,2026-03-01 14:00:00,Brighton,Nottingham Forest,1.20107,0.83055
E0,2026-03-01 14:00:00,Fulham,Tottenham,2.3207,0.952091
E0,2026-03-01 14:00:00,Manchester United,Crystal Palace,2.34609,0.384699
E0,2026-03-03 19:30:00,Bournemouth,Brentford,2.3177,0.673328
E0,2026-03-03 19:30:00,Everton,Burnley,1.15845,0.762229
E0,2026-03-03 19:30:00,Leeds,Sunderland,0.888232,0.843856
E0,2026-03-03 20:15:00,Wolverhampton Wanderers,Liverpool,0.636033,2.17217
E0,2026-03-04 19:30:00,Aston Villa,Chelsea,1.06854,3.38883
E0,2026-03-04 19:30:00,Brighton,Arsenal,0.919228,0.514803
E0,2026-03-04 19:30:00,Fulham,West Ham,0.628123,1.49528
E0,2026-03-04 19:30:00,Manchester City,Nottingham Forest,2.72655,1.23642
E0,2026-03-04 20:15:00,Newcastle United,Manchester United,1.96637,1.80571
E0,2026-03-05 20:00:00,Tottenham,Crystal Palace,1.29615,1.91515
E0,2026-03-14 17:30:00,Arsenal,Everton,1.90855,1.17847
E0,2026-03-14 15:00:00,Burnley,Bournemouth,1.67695,2.36979
E0,2026-03-14 17:30:00,Chelsea,Newcastle United,1.72508,1.03251
E0,2026-03-14 15:00:00,Sunderland,Brighton,0.659083,1.12832
E0,2026-03-14 20:00:00,West Ham,Manchester City,0.488982,1.9546
E0,2026-03-15 14:00:00,Crystal Palace,Leeds,0.525205,1.13558
E0,2026-03-15 16:30:00,Liverpool,Tottenham,1.30076,1.15636
E0,2026-03-15 14:00:00,Manchester United,Aston Villa,1.67823,1.21071
E0,2026-03-15 14:00:00,Nottingham Forest,Fulham,0.821011,0.933988
E0,2026-03-16 20:00:00,Brentford,Wolverhampton Wanderers,2.7966,1.80044
E0,2026-03-20 20:00:00,Bournemouth,Manchester United,1.76664,1.74574
E0,2026-03-21 12:30:00,Brighton,Liverpool,3.42956,0.956801
E0,2026-03-21 17:30:00,Everton,Chelsea,1.44532,1.35143
E0,2026-03-21 15:00:00,Fulham,Burnley,3.48438,1.92556
E0,2026-03-21 20:00:00,Leeds,Brentford,0.417296,0.302221
E0,2026-03-22 14:15:00,Aston Villa,West Ham,2.48528,0.760054
E0,2026-03-22 12:00:00,Newcastle United,Sunderland,1.26705,2.66657
E0,2026-03-22 14:15:00,Tottenham,Nottingham Forest,1.6189,1.54408
E0,2026-04-10 19:00:00,West Ham,Wolverhampton Wanderers,2.54379,0.571967
E0,2026-04-11 11:30:00,Arsenal,Bournemouth,3.16346,1.39461
E0,2026-04-11 14:00:00,Brentford,Everton,2.26302,1.57033
E0,2026-04-11 14:00:00,Burnley,Brighton,0.812029,1.07182
E0,2026-04-11 16:30:00,Liverpool,Fulham,2.01499,1.42024
E0,2026-04-12 15:30:00,Chelsea,Manchester City,1.22108,2.40839
E0,2026-04-12 13:00:00,Crystal Palace,Newcastle United,3.13933,1.27299
E0,2026-04-12 13:00:00,Nottingham Forest,Aston Villa,0.85045,1.36297
E0,2026-04-12 13:00:00,Sunderland,Tottenham,1.77584,1.01598
E0,2026-04-13 19:00:00,Manchester United,Leeds,1.36555,2.95118
E0,2026-04-18 11:30:00,Brentford,Fulham,2.33552,0.790707
E0,2026-04-18 19:00:00,Chelsea,Manchester United,1.28109,0.436043
E0,2026-04-18 14:00:00,Leeds,Wolverhampton Wanderers,3.55804,0.568627
E0,2026-04-18 14:00:00,Newcastle United,Bournemouth,1.61167,3.36662
E0,2026-04-18 16:30:00,Tottenham,Brighton,1.56052,1.1373
E0,2026-04-19 13:00:00,Aston Villa,Sunderland,3.90223,1.56008
E0,2026-04-19 13:00:00,Everton,Liverpool,1.4784,1.38333
E0,2026-04-19 15:30:00,Manchester City,Arsenal,2.61528,2.28964
E0,2026-04-19 13:00:00,Nottingham Forest,Burnley,1.4425,0.601418
E0,2026-04-20 19:00:00,Crystal Palace,West Ham,0.733442,0.622445
E0,2026-04-21 19:00:00,Brighton,Chelsea,2.51784,0.297865
E0,2026-04-22 19:00:00,Bournemouth,Leeds,1.91355,1.21601
E0,2026-04-22 19:00:00,Burnley,Manchester City,0.973776,3.40888
E0,2026-04-24 19:00:00,Sunderland,Nottingham Forest,0.614323,1.54208
E0,2026-04-25 16:30:00,Arsenal,Newcastle United,0.639189,0.868897
E0,2026-04-25 11:30:00,Fulham,Aston Villa,1.24069,0.906156
E0,2026-04-25 14:00:00,Liverpool,Crystal Palace,1.45071,2.19912
E0,2026-04-25 14:00:00,West Ham,Everton,1.8356,1.1144
E0,2026-04-25 14:00:00,Wolverhampton Wanderers,Tottenham,0.762656,1.06403
E0,2026-04-27 19:00:00,Manchester United,Brentford,1.84852,1.30383
E0,2026-05-01 20:00:00,Leeds,Burnley,2.09546,0.434597
E0,2026-05-02 17:30:00,Arsenal,Fulham,4.09079,0.696714
E0,2026-05-02 15:00:00,Brentford,West Ham,2.27374,0.753895
E0,2026-05-02 15:00:00,Newcastle United,Brighton,3.12933,1.87112
E0,2026-05-02 15:00:00,Wolverhampton Wanderers,Sunderland,1.96131,0.923954
E0,2026-05-03 19:00:00,Aston Villa,Tottenham,0.609494,1.12225
E0,2026-05-03 14:00:00,Bournemouth,Crystal Palace,2.29626,0.678329
E0,2026-05-03 15:30:00,Manchester United,Liverpool,2.55612,1.02814
E0,2026-05-04 15:00:00,Chelsea,Nottingham Forest,2.17132,2.31019
E0,2026-05-04 20:00:00,Everton,Manchester City,1.68558,1.41706
E0,2026-05-09 15:00:00,Brighton,Wolverhampton Wanderers,2.22427,0.515647
E0,2026-05-09 15:00:00,Fulham,Bournemouth,1.24334,0.998003
E0,2026-05-09 12:30:00,Liverpool,Chelsea,0.623191,0.597184
E0,2026-05-09 17:30:00,Manchester City,Brentford,4.37429,0.670038
E0,2026-05-09 15:00:00,Sunderland,Manchester United,1.2376,0.535981
E0,2026-05-10 14:00:00,Burnley,Aston Villa,1.71234,1.75493
E0,2026-05-10 14:00:00,Crystal Palace,Everton,3.28826,2.10265
E0,2026-05-10 14:00:00,Nottingham Forest,Newcastle United,1.46434,1.65067
E0,2026-05-10 16:30:00,West Ham,Arsenal,1.32011,1.42953
E0,2026-05-11 20:00:00,Tottenham,Leeds,1.49036,1.86976
E0,2026-05-13 20:00:00,Manchester City,Crystal Palace,1.95679,0.428862
E0,2026-05-15 20:00:00,Aston Villa,Liverpool,2.5252,1.55027
E0,2026-05-17 15:00:00,Brentford,Crystal Palace,1.54564,1.82274
E0,2026-05-17 15:00:00,Everton,Sunderland,1.32181,1.28383
E0,2026-05-17 15:00:00,Leeds,Brighton,0.747756,2.23238
E0,2026-05-17 12:30:00,Manchester United,Nottingham Forest,4.28532,1.84418
E0,2026-05-17 17:30:00,Newcastle United,West Ham,2.1336,0.957771
E0,2026-05-17 15:00:00,Wolverhampton Wanderers,Fulham,1.49725,1.48412
E0,2026-05-18 20:00:00,Arsenal,Burnley,1.22695,0.194884
E0,2026-05-19 19:30:00,Bournemouth,Manchester City,1.71486,1.26917
E0,2026-05-19 20:15:00,Chelsea,Tottenham,1.09262,2.15227
E0,2026-05-24 15:00:00,Brighton,Manchester United,0.702398,2.32868
E0,2026-05-24 15:00:00,Burnley,Wolverhampton Wanderers,1.28476,2.8433
E0,2026-05-24 15:00:00,Crystal Palace,Arsenal,1.00492,3.90645
E0,2026-05-24 15:00:00,Fulham,Newcastle United,1.72878,0.24232
E0,2026-05-24 15:00:00,Liverpool,Brentford,2.99412,1.46082
E0,2026-05-24 15:00:00,Manchester City,Aston Villa,1.38085,2.4397
E0,2026-05-24 15:00:00,Nottingham Forest,Bournemouth,2.05852,1.33684
E0,2026-05-24 15:00:00,Sunderland,Chelsea,2.33109,0.920885
E0,2026-05-24 15:00:00,Tottenham,Everton,1.40597,0.268476
E0,2026-05-24 15:00:00,West Ham,Leeds,2.73135,1.94969
SP1,2023-08-11 17:30:00,Almeria,Rayo Vallecano,1.1196,2.09532
SP1,2023-08-11 19:30:00,Sevilla,Valencia,0.714148,1.06796
SP1,2023-08-12 19:30:00,Athletic Club,Real Madrid,0.700577,1.33266
SP1,2023-08-12 17:30:00,Las Palmas,Mallorca,0.871699,1.49411
SP1,2023-08-12 15:00:00,Real Sociedad,Girona,1.46019,1.27791
SP1,2023-08-13 15:00:00,Celta Vigo,Osasuna,0.783184,0.964645
SP1,2023-08-13 19:30:00,Getafe,Barcelona,0.804505,1.67817
SP1,2023-08-13 17:30:00,Villarreal,Real Betis,0.737812,0.969349
SP1,2023-08-14 19:30:00,Atletico Madrid,Granada,3.01246,1.13452
SP1,2023-08-14 17:30:00,Cadiz,Alaves,0.822358,0.227442
SP1,2023-08-18 17:30:00,Mallorca,Villarreal,0.370077,2.12458
SP1,2023-08-18 19:30:00,Valencia,Las Palmas,1.50324,0.741978
SP1,2023-08-19 17:30:00,Almeria,Real Madrid,1.81328,2.8802
SP1,2023-08-19 19:30:00,Osasuna,Athletic Club,1.33582,1.88906
SP1,2023-08-19 15:00:00,Real Sociedad,Celta Vigo,0.917678,1.77937
SP1,2023-08-20 17:30:00,Barcelona,Cadiz,3.42524,1.11132
SP1,2023-08-20 15:30:00,Girona,Getafe,1.86612,0.754861
SP1,2023-08-20 19:30:00,Real Betis,Atletico Madrid,1.02642,0.34492
SP1,2023-08-21 17:00:00,Alaves,Sevilla,2.17962,0.958638
SP1,2023-08-21 19:30:00,Granada,Rayo Vallecano,0.837141,2.7851
SP1,2023-08-25 19:30:00,Celta Vigo,Real Madrid,1.17827,1.6167
SP1,2023-08-25 17:30:00,Las Palmas,Real Sociedad,1.56933,1.11751
SP1,2023-08-26 17:00:00,Cadiz,Almeria,1.56203,0.271622
SP1,2023-08-26 17:30:00,Granada,Mallorca,1.81377,2.50232
SP1,2023-08-26 19:30:00,Sevilla,Girona,1.93643,1.07498
SP1,2023-08-27 19:30:00,Athletic Club,Real Betis,2.86727,0.346198
SP1,2023-08-27 17:30:00,Valencia,Osasuna,1.87647,1.45939
SP1,2023-08-27 15:30:00,Villarreal,Barcelona,1.87195,2.95807
SP1,2023-08-28 17:30:00,Getafe,Alaves,2.67029,0.860623
SP1,2023-08-28 19:30:00,Rayo Vallecano,Atletico Madrid,0.542939,3.29424
SP1,2023-09-01 20:00:00,Almeria,Celta Vigo,3.16421,1.96028
SP1,2023-09-01 17:30:00,Cadiz,Villarreal,1.97214,0.494033
SP1,2023-09-02 16:30:00,Alaves,Valencia,1.90475,0.715753
SP1,2023-09-02 19:00:00,Real Betis,Rayo Vallecano,0.91924,1.53554
SP1,2023-09-02 14:15:00,Real Madrid,Getafe,2.64665,0.893748
SP1,2023-09-02 12:00:00,Real Sociedad,Granada,2.08686,0.549509
SP1,2023-09-03 12:00:00,Girona,Las Palmas,1.42397,1.18696
SP1,2023-09-03 14:15:00,Mallorca,Athletic Club,0.403052,0.645541
SP1,2023-09-03 19:00:00,Osasuna,Barcelona,0.801843,1.77255
SP1,2023-09-15 19:00:00,Rayo Vallecano,Alaves,2.64605,0.556231
SP1,2023-09-16 12:00:00,Athletic Club,Cadiz,4.05837,0.238836
SP1,2023-09-16 19:00:00,Barcelona,Real Betis,2.54628,0.852869
SP1,2023-09-16 16:30:00,Celta Vigo,Mallorca,2.06489,0.853213
SP1,2023-09-16 14:15:00,Valencia,Atletico Madrid,2.22142,0.564083
SP1,2023-09-17 12:00:00,Getafe,Osasuna,0.736469,1.29606
SP1,2023-09-17 19:00:00,Real Madrid,Real Sociedad,2.56902,2.1546
SP1,2023-09-17 16:30:00,Sevilla,Las Palmas,2.43059,1.03513
SP1,2023-09-17 14:15:00,Villarreal,Almeria,1.43205,1.76794
SP1,2023-09-18 19:00:00,Granada,Girona,1.97263,2.1418
SP1,2023-09-22 19:00:00,Alaves,Athletic Club,1.97317,1.77623
SP1,2023-09-23 19:00:00,Almeria,Valencia,2.46387,0.995742
SP1,2023-09-23 16:30:00,Barcelona,Celta Vigo,1.82246,1.67938
SP1,2023-09-23 12:00:00,Girona,Mallorca,4.19225,2.42602
SP1,2023-09-23 14:15:00,Osasuna,Sevilla,1.57361,0.693906
SP1,2023-09-24 19:00:00,Atletico Madrid,Real Madrid,1.79578,0.847915
SP1,2023-09-24 16:30:00,Las Palmas,Granada,0.701293,0.0378648
SP1,2023-09-24 14:15:00,Rayo Vallecano,Villarreal,1.0345,1.0365
SP1,2023-09-24 16:30:00,Real Betis,Cadiz,2.70742,0.570946
SP1,2023-09-24 12:00:00,Real Sociedad,Getafe,2.13384,1.59398
SP1,2023-09-26 19:30:00,Mallorca,Barcelona,1.21366,1.62815
SP1,2023-09-26 17:00:00,Sevilla,Almeria,2.90509,1.37069
SP1,2023-09-27 17:00:00,Athletic Club,Getafe,0.60877,1.30782
SP1,2023-09-27 19:30:00,Cadiz,Rayo Vallecano,0.35761,0.258447
SP1,2023-09-27 17:00:00,Real Madrid,Las Palmas,2.71542,0.618032
SP1,2023-09-27 19:30:00,Valencia,Real Sociedad,0.356756,0.29355
SP1,2023-09-27 17:00:00,Villarreal,Girona,1.89071,2.29941
SP1,2023-09-28 17:00:00,Celta Vigo,Alaves,0.497466,2.39712
SP1,2023-09-28 17:00:00,Granada,Real Betis,1.55108,0.870668
SP1,2023-09-28 19:30:00,Osasuna,Atletico Madrid,0.759357,1.22827
SP1,2023-09-29 19:00:00,Barcelona,Sevilla,2.5598,1.07557
SP1,2023-09-30 12:00:00,Getafe,Villarreal,0.768368,0.112227
SP1,2023-09-30 16:30:00,Girona,Real Madrid,2.17781,2.78602
SP1,2023-09-30 14:15:00,Rayo Vallecano,Mallorca,1.78616,1.33689
SP1,2023-09-30 19:00:00,Real Sociedad,Athletic Club,1.38238,1.96039
SP1,2023-10-01 14:15:00,Alaves,Osasuna,1.5824,1.26744
SP1,2023-10-01 12:00:00,Almeria,Granada,2.24188,3.51421
SP1,2023-10-01 19:00:00,Atletico Madrid,Cadiz,3.10102,0.677345
SP1,2023-10-01 19:00:00,Real Betis,Valencia,2.53745,0.510459
SP1,2023-10-02 19:00:00,Las Palmas,Celta Vigo,1.46382,1.54337
SP1,2023-10-06 19:00:00,Athletic Club,Almeria,3.02889,0.0892217
SP1,2023-10-07 12:00:00,Cadiz,Girona,0.653575,1.26462
SP1,2023-10-07 16:30:00,Mallorca,Valencia,0.919992,0.509313
SP1,2023-10-07 14:15:00,Real Madrid,Osasuna,4.47802,0.164111
SP1,2023-10-07 19:00:00,Sevilla,Rayo Vallecano,0.807105,0.998714
SP1,2023-10-08 16:30:00,Alaves,Real Betis,1.89594,0.872851
SP1,2023-10-08 14:15:00,Atletico Madrid,Real Sociedad,2.94239,0.928071
SP1,2023-10-08 16:30:00,Celta Vigo,Getafe,3.02859,1.00866
SP1,2023-10-08 19:00:00,Granada,Barcelona,0.611577,2.99552
SP1,2023-10-08 12:00:00,Villarreal,Las Palmas,1.16305,1.1602
SP1,2023-10-20 19:00:00,Osasuna,Granada,1.79846,0.776224
SP1,2023-10-21 19:00:00,Celta Vigo,Atletico Madrid,1.26757,2.39246
SP1,2023-10-21 14:15:00,Getafe,Real Betis,1.86677,1.42816
SP1,2023-10-21 12:00:00,Real Sociedad,Mallorca,2.0056,2.03914
SP1,2023-10-21 16:30:00,Sevilla,Real Madrid,1.8723,2.17904
SP1,2023-10-22 19:00:00,Barcelona,Athletic Club,1.70266,0.453295
SP1,2023-10-22 14:15:00,Girona,Almeria,2.1972,0.878392
SP1,2023-10-22 12:00:00,Las Palmas,Rayo Vallecano,1.18559,1.25598
SP1,2023-10-22 16:30:00,Villarreal,Alaves,1.71642,1.79896
SP1,2023-10-23 19:00:00,Valencia,Cadiz,1.6763,0.551967
SP1,2023-10-27 19:00:00,Girona,Celta Vigo,0.619488,0.174681
SP1,2023-10-28 12:00:00,Almeria,Las Palmas,0.275712,1.06446
SP1,2023-10-28 14:15:00,Barcelona,Real Madrid,1.32038,0.959404
SP1,2023-10-28 19:00:00,Cadiz,Sevilla,1.42705,1.28392
SP1,2023-10-28 16:30:00,Mallorca,Getafe,0.722341,0.292202
SP1,2023-10-29 17:30:00,Athletic Club,Valencia,1.63308,2.17868
SP1,2023-10-29 20:00:00,Atletico Madrid,Alaves,1.94088,0.385398
SP1,2023-10-29 15:15:00,Rayo Vallecano,Real Sociedad,0.844003,1.93178
SP1,2023-10-29 13:00:00,Real Betis,Osasuna,1.43393,0.446425
SP1,2023-10-30 20:00:00,Granada,Villarreal,2.80131,1.90197
SP1,2023-11-03 19:00:00,Las Palmas,Atletico Madrid,0.452709,1.52768
SP1,2023-11-04 17:30:00,Celta Vigo,Sevilla,3.01524,1.25089
SP1,2023-11-04 13:00:00,Osasuna,Girona,2.18398,2.78694
SP1,2023-11-04 15:15:00,Real Betis,Mallorca,2.84664,0.540374
SP1,2023-11-04 20:00:00,Real Sociedad,Barcelona,0.84705,1.22041
SP1,2023-11-05 13:00:00,Alaves,Almeria,2.57982,0.893084
SP1,2023-11-05 20:00:00,Real Madrid,Rayo Vallecano,1.85349,0.134981
SP1,2023-11-05 15:15:00,Valencia,Granada,1.18921,0.344591
SP1,2023-11-05 17:30:00,Villarreal,Athletic Club,1.78074,2.22797
SP1,2023-11-06 20:00:00,Getafe,Cadiz,1.21452,0.821864
SP1,2023-11-10 20:00:00,Athletic Club,Celta Vigo,4.72334,2.25302
SP1,2023-11-11 15:15:00,Almeria,Real Sociedad,0.637245,2.53693
SP1,2023-11-11 17:30:00,Granada,Getafe,1.4404,2.30149
SP1,2023-11-11 17:30:00,Osasuna,Las Palmas,1.44069,0.291858
SP1,2023-11-11 13:00:00,Rayo Vallecano,Girona,1.67584,4.2691
SP1,2023-11-11 20:00:00,Real Madrid,Valencia,1.90598,2.03068
SP1,2023-11-12 20:00:00,Atletico Madrid,Villarreal,3.93786,0.868854
SP1,2023-11-12 15:15:00,Barcelona,Alaves,1.81139,1.83858
SP1,2023-11-12 17:30:00,Sevilla,Real Betis,0.615603,2.17922
SP1,2023-11-24 20:00:00,Alaves,Granada,0.871813,1.13855
SP1,2023-11-25 20:00:00,Atletico Madrid,Mallorca,2.29683,0.945212
SP1,2023-11-25 17:30:00,Getafe,Almeria,1.39391,1.72918
SP1,2023-11-25 13:00:00,Rayo Vallecano,Barcelona,0.912299,1.30627
SP1,2023-11-25 15:15:00,Valencia,Celta Vigo,0.247015,0.609862
SP1,2023-11-26 17:30:00,Cadiz,Real Madrid,1.13056,1.84054
SP1,2023-11-26 20:00:00,Real Betis,Las Palmas,1.92649,0.751589
SP1,2023-11-26 15:15:00,Real Sociedad,Sevilla,1.05204,0.374082
SP1,2023-11-26 13:00:00,Villarreal,Osasuna,2.84591,1.26437
SP1,2023-11-27 20:00:00,Girona,Athletic Club,1.36177,1.67266
SP1,2023-11-29 20:00:00,Mallorca,Cadiz,0.8514,0.251799
SP1,2023-12-01 19:00:00,Las Palmas,Getafe,1.8817,0.76355
SP1,2023-12-02 15:15:00,Athletic Club,Rayo Vallecano,1.6869,0.34629
SP1,2023-12-02 13:00:00,Girona,Valencia,1.85396,1.00981
SP1,2023-12-02 20:00:00,Osasuna,Real Sociedad,1.01822,1.69944
SP1,2023-12-02 17:30:00,Real Madrid,Granada,2.2606,0.110085
SP1,2023-12-03 15:15:00,Almeria,Real Betis,2.69938,0.769817
SP1,2023-12-03 20:00:00,Barcelona,Atletico Madrid,3.18789,0.996297
SP1,2023-12-03 13:00:00,Mallorca,Alaves,0.909609,0.277842
SP1,2023-12-03 17:30:00,Sevilla,Villarreal,2.4784,1.47061
SP1,2023-12-04 20:00:00,Celta Vigo,Cadiz,2.73216,0.346727
SP1,2023-12-08 20:00:00,Getafe,Valencia,0.841976,0.183916
SP1,2023-12-09 13:00:00,Alaves,Las Palmas,2.20546,0.473883
SP1,2023-12-09 20:00:00,Mallorca,Sevilla,0.533315,0.554467
SP1,2023-12-09 15:15:00,Real Betis,Real Madrid,1.51575,0.803862
SP1,2023-12-09 17:30:00,Villarreal,Real Sociedad,2.37019,2.19834
SP1,2023-12-10 13:00:00,Atletico Madrid,Almeria,2.16876,1.6656
SP1,2023-12-10 20:00:00,Barcelona,Girona,4.25448,2.93797
SP1,2023-12-10 17:30:00,Cadiz,Osasuna,1.15321,1.81825
SP1,2023-12-11 20:00:00,Rayo Vallecano,Celta Vigo,1.32415,0.126167
SP1,2023-12-12 15:15:00,Granada,Athletic Club,0.543471,1.68816
SP1,2023-12-15 20:00:00,Osasuna,Rayo Vallecano,1.77561,1.15316
SP1,2023-12-16 15:15:00,Athletic Club,Atletico Madrid,2.73082,0.342126
SP1,2023-12-16 13:00:00,Celta Vigo,Granada,1.33261,0.690175
SP1,2023-12-16 17:30:00,Sevilla,Getafe,0.80788,2.83746
SP1,2023-12-16 20:00:00,Valencia,Barcelona,0.78681,3.16129
SP1,2023-12-17 13:00:00,Almeria,Mallorca,0.314828,1.51369
SP1,2023-12-17 17:30:00,Las Palmas,Cadiz,0.826817,1.42619
SP1,2023-12-17 20:00:00,Real Madrid,Villarreal,3.22478,0.421986
SP1,2023-12-17 15:15:00,Real Sociedad,Real Betis,0.989954,1.37163
SP1,2023-12-18 20:00:00,Girona,Alaves,1.92988,0.546438
SP1,2023-12-19 20:30:00,Atletico Madrid,Getafe,2.02936,2.53681
SP1,2023-12-19 20:30:00,Granada,Sevilla,1.12822,0.514939
SP1,2023-12-19 18:00:00,Rayo Vallecano,Valencia,0.51265,0.33485
SP1,2023-12-20 20:30:00,Athletic Club,Las Palmas,3.53577,0.2514
SP1,2023-12-20 18:00:00,Barcelona,Almeria,4.04903,1.39703
SP1,2023-12-20 20:30:00,Villarreal,Celta Vigo,2.59564,1.98503
SP1,2023-12-21 20:30:00,Alaves,Real Madrid,0.388196,0.947483
SP1,2023-12-21 18:00:00,Cadiz,Real Sociedad,0.856097,0.6603
SP1,2023-12-21 20:30:00,Mallorca,Osasuna,1.68391,1.5871
SP1,2023-12-21 18:00:00,Real Betis,Girona,1.61394,1.64551
SP1,2023-12-23 14:15:00,Atletico Madrid,Sevilla,1.53277,0.279969
SP1,2024-01-02 16:00:00,Getafe,Rayo Vallecano,0.651184,2.73568
SP1,2024-01-02 18:15:00,Real Sociedad,Alaves,0.98082,0.969339
SP1,2024-01-02 20:30:00,Valencia,Villarreal,2.78114,1.15004
SP1,2024-01-03 18:15:00,Celta Vigo,Real Betis,2.54675,1.73674
SP1,2024-01-03 20:30:00,Girona,Atletico Madrid,2.32369,2.67389
SP1,2024-01-03 16:00:00,Granada,Cadiz,3.87666,0.746073
SP1,2024-01-03 18:15:00,Real Madrid,Mallorca,1.87575,0.840414
SP1,2024-01-04 20:30:00,Las Palmas,Barcelona,0.967341,2.3608
SP1,2024-01-04 16:00:00,Osasuna,Almeria,2.03356,0.239636
SP1,2024-01-04 18:15:00,Sevilla,Athletic Club,0.54777,1.99704
SP1,2024-01-12 20:00:00,Sevilla,Alaves,2.49561,2.08895
SP1,2024-01-13 17:30:00,Athletic Club,Real Sociedad,1.73042,1.02381
SP1,2024-01-13 13:00:00,Las Palmas,Villarreal,0.963955,1.71198
SP1,2024-01-13 15:15:00,Mallorca,Celta Vigo,2.59976,0.711693
SP1,2024-01-13 20:00:00,Real Betis,Granada,2.00904,0.658067
SP1,2024-01-14 13:00:00,Almeria,Girona,2.20551,0.246622
SP1,2024-01-14 15:15:00,Cadiz,Valencia,1.55289,1.7596
SP1,2024-01-19 20:00:00,Alaves,Cadiz,1.83115,0.670357
SP1,2024-01-20 20:00:00,Celta Vigo,Real Sociedad,0.257377,0.630224
SP1,2024-01-20 13:00:00,Rayo Vallecano,Las Palmas,2.16832,0.786109
SP1,2024-01-20 17:30:00,Valencia,Athletic Club,0.7444,0.351363
SP1,2024-01-20 15:15:00,Villarreal,Mallorca,1.7328,0.430539
SP1,2024-01-21 20:00:00,Girona,Sevilla,2.95279,0.947841
SP1,2024-01-21 13:00:00,Osasuna,Getafe,1.57055,1.50775
SP1,2024-01-21 17:30:00,Real Betis,Barcelona,1.61122,2.71025
SP1,2024-01-21 15:15:00,Real Madrid,Almeria,3.07258,0.928735
SP1,2024-01-22 20:00:00,Granada,Atletico Madrid,0.684269,1.42876
SP1,2024-01-26 20:00:00,Almeria,Alaves,1.80182,2.061
SP1,2024-01-27 17:30:00,Barcelona,Villarreal,2.02779,2.36875
SP1,2024-01-27 15:15:00,Las Palmas,Real Madrid,0.929969,2.05683
SP1,2024-01-27 20:00:00,Mallorca,Real Betis,1.72961,0.400759
SP1,2024-01-27 13:00:00,Real Sociedad,Rayo Vallecano,0.251108,0.129675
SP1,2024-01-28 20:00:00,Atletico Madrid,Valencia,2.80234,0.406631
SP1,2024-01-28 15:15:00,Cadiz,Athletic Club,0.367526,0.25604
SP1,2024-01-28 13:00:00,Celta Vigo,Girona,1.03961,1.60712
SP1,2024-01-28 17:30:00,Sevilla,Osasuna,1.42372,1.07779
SP1,2024-01-29 20:00:00,Getafe,Granada,1.03385,1.504
SP1,2024-01-31 20:00:00,Atletico Madrid,Rayo Vallecano,1.29884,0.426602
SP1,2024-01-31 18:00:00,Barcelona,Osasuna,2.21737,1.41966
SP1,2024-02-01 20:00:00,Getafe,Real Madrid,0.791039,2.72231
SP1,2024-02-02 20:00:00,Athletic Club,Mallorca,1.95995,0.469702
SP1,2024-02-03 17:30:00,Alaves,Barcelona,1.04716,1.55781
SP1,2024-02-03 20:00:00,Girona,Real Sociedad,1.04543,0.583723
SP1,2024-02-03 15:15:00,Granada,Las Palmas,0.155607,1.27614
SP1,2024-02-03 13:00:00,Valencia,Almeria,1.38646,1.5882
SP1,2024-02-04 15:15:00,Osasuna,Celta Vigo,1.00524,1.37845
SP1,2024-02-04 17:30:00,Real Betis,Getafe,1.54414,1.9002
SP1,2024-02-04 20:00:00,Real Madrid,Atletico Madrid,2.36334,1.35012
SP1,2024-02-04 13:00:00,Villarreal,Cadiz,1.00089,0.686978
SP1,2024-02-05 20:00:00,Rayo Vallecano,Sevilla,2.1306,1.77647
SP1,2024-02-09 20:00:00,Cadiz,Real Betis,0.755069,1.43872
SP1,2024-02-10 13:00:00,Alaves,Villarreal,2.09111,1.29002
SP1,2024-02-10 20:00:00,Las Palmas,Valencia,1.41954,0.251178
SP1,2024-02-10 17:30:00,Real Madrid,Girona,3.32636,0.180194
SP1,2024-02-10 15:15:00,Real Sociedad,Osasuna,2.50503,0.704714
SP1,2024-02-11 20:00:00,Barcelona,Granada,2.5229,1.20453
SP1,2024-02-11 13:00:00,Getafe,Celta Vigo,2.22295,1.2733
SP1,2024-02-11 15:15:00,Mallorca,Rayo Vallecano,0.82898,1.40787
SP1,2024-02-11 17:30:00,Sevilla,Atletico Madrid,2.15338,1.67549
SP1,2024-02-12 20:00:00,Almeria,Athletic Club,0.900611,0.621857
SP1,2024-02-16 20:00:00,Villarreal,Getafe,1.61961,0.976893
SP1,2024-02-17 13:00:00,Atletico Madrid,Las Palmas,2.79269,0.660284
SP1,2024-02-17 17:30:00,Celta Vigo,Barcelona,0.636492,1.5046
SP1,2024-02-17 15:15:00,Osasuna,Cadiz,1.37854,0.919753
SP1,2024-02-17 20:00:00,Valencia,Sevilla,1.11987,0.0457854
SP1,2024-02-18 15:15:00,Granada,Almeria,1.79616,0.693843
SP1,2024-02-18 17:30:00,Mallorca,Real Sociedad,0.188904,1.20859
SP1,2024-02-18 13:00:00,Rayo Vallecano,Real Madrid,1.1431,1.0219
SP1,2024-02-18 20:00:00,Real Betis,Alaves,1.18267,0.490778
SP1,2024-02-19 20:00:00,Athletic Club,Girona,2.7904,1.80583
SP1,2024-02-23 20:00:00,Real Sociedad,Villarreal,1.48985,1.6421
SP1,2024-02-24 17:30:00,Alaves,Mallorca,0.501891,1.80166
SP1,2024-02-24 20:00:00,Almeria,Atletico Madrid,0.352281,1.87638
SP1,2024-02-24 15:15:00,Barcelona,Getafe,2.65095,0.316762
SP1,2024-02-25 13:00:00,Cadiz,Celta Vigo,1.87476,0.680213
SP1,2024-02-25 17:30:00,Las Palmas,Osasuna,0.942659,0.387933
SP1,2024-02-25 15:15:00,Real Betis,Athletic Club,0.921277,0.137757
SP1,2024-02-25 20:00:00,Real Madrid,Sevilla,1.01644,0.967099
SP1,2024-02-26 20:00:00,Girona,Rayo Vallecano,2.81311,0.564655
SP1,2024-03-01 20:00:00,Celta Vigo,Almeria,1.82317,0.3259
SP1,2024-03-02 17:30:00,Getafe,Las Palmas,2.38804,1.37145
SP1,2024-03-02 15:15:00,Rayo Vallecano,Cadiz,0.688061,1.21648
SP1,2024-03-02 13:00:00,Sevilla,Real Sociedad,2.15506,1.27238
SP1,2024-03-02 20:00:00,Valencia,Real Madrid,1.33185,1.45798
SP1,2024-03-03 20:00:00,Athletic Club,Barcelona,0.468397,0.714592
SP1,2024-03-03 15:15:00,Atletico Madrid,Real Betis,3.54138,0.588581
SP1,2024-03-03 17:30:00,Mallorca,Girona,0.943297,1.08616
SP1,2024-03-03 13:00:00,Villarreal,Granada,3.02991,0.276758
SP1,2024-03-04 20:00:00,Osasuna,Alaves,1.71646,1.14533
SP1,2024-03-08 20:00:00,Barcelona,Mallorca,2.06225,0.504754
SP1,2024-03-09 15:15:00,Cadiz,Atletico Madrid,1.18033,0.895711
SP1,2024-03-09 20:00:00,Girona,Osasuna,2.1772,0.185235
SP1,2024-03-09 17:30:00,Granada,Real Sociedad,2.0551,1.88323
SP1,2024-03-09 13:00:00,Valencia,Getafe,1.27245,1.17773
SP1,2024-03-10 13:00:00,Alaves,Rayo Vallecano,0.640241,0.579451
SP1,2024-03-10 15:15:00,Las Palmas,Athletic Club,0.834663,1.27321
SP1,2024-03-10 20:00:00,Real Betis,Villarreal,1.39975,1.30814
SP1,2024-03-10 17:30:00,Real Madrid,Celta Vigo,3.6885,0.53726
SP1,2024-03-11 20:00:00,Almeria,Sevilla,1.81235,2.6495
SP1,2024-03-15 20:00:00,Real Sociedad,Cadiz,2.34962,0.695705
SP1,2024-03-16 20:00:00,Athletic Club,Alaves,2.31129,1.38702
SP1,2024-03-16 17:30:00,Getafe,Girona,1.10963,1.70185
SP1,2024-03-16 13:00:00,Mallorca,Granada,1.65502,0.295993
SP1,2024-03-16 15:15:00,Osasuna,Real Madrid,0.669756,3.05767
SP1,2024-03-17 20:00:00,Atletico Madrid,Barcelona,0.570805,1.94966
SP1,2024-03-17 16:15:00,Las Palmas,Almeria,0.793707,0.688106
SP1,2024-03-17 17:30:00,Rayo Vallecano,Real Betis,0.790186,0.69375
SP1,2024-03-17 13:00:00,Sevilla,Celta Vigo,1.75591,2.23423
SP1,2024-03-17 15:15:00,Villarreal,Valencia,2.1872,1.07722
SP1,2024-03-29 20:00:00,Cadiz,Granada,1.19169,0.412637
SP1,2024-03-30 15:15:00,Almeria,Osasuna,0.745696,1.00888
SP1,2024-03-30 20:00:00,Barcelona,Las Palmas,1.72947,0.314295
SP1,2024-03-30 13:00:00,Getafe,Sevilla,1.57791,0.901033
SP1,2024-03-30 17:30:00,Valencia,Mallorca,1.33845,0.673736
SP1,2024-03-31 17:30:00,Alaves,Real Sociedad,0.142958,1.29248
SP1,2024-03-31 13:00:00,Celta Vigo,Rayo Vallecano,0.838396,0.515128
SP1,2024-03-31 15:15:00,Girona,Real Betis,2.43161,0.524961
SP1,2024-03-31 20:00:00,Real Madrid,Athletic Club,1.1877,0.304704
SP1,2024-04-01 19:00:00,Villarreal,Atletico Madrid,0.681964,1.2402
SP1,2024-04-04 18:00:00,Granada,Valencia,0.729135,0.718558
SP1,2024-04-12 19:00:00,Real Betis,Celta Vigo,1.22903,1.58129
SP1,2024-04-13 12:00:00,Atletico Madrid,Girona,2.58629,2.20992
SP1,2024-04-13 19:00:00,Cadiz,Barcelona,0.79048,0.833415
SP1,2024-04-13 16:30:00,Mallorca,Real Madrid,0.592998,1.81161
SP1,2024-04-13 14:15:00,Rayo Vallecano,Getafe,0.777828,0.25153
SP1,2024-04-14 16:30:00,Athletic Club,Villarreal,0.823044,2.1913
SP1,2024-04-14 14:15:00,Granada,Alaves,1.86823,0.279326
SP1,2024-04-14 12:00:00,Las Palmas,Sevilla,0.0909476,2.06406
SP1,2024-04-14 19:00:00,Real Sociedad,Almeria,1.68743,1.77546
SP1,2024-04-15 19:00:00,Osasuna,Valencia,2.26875,0.235711
SP1,2024-04-19 19:00:00,Athletic Club,Granada,1.64137,0.150973
SP1,2024-04-20 12:00:00,Celta Vigo,Las Palmas,3.58931,0.90843
SP1,2024-04-20 19:00:00,Girona,Cadiz,2.30941,1.82433
SP1,2024-04-20 14:15:00,Rayo Vallecano,Osasuna,0.560289,0.930714
SP1,2024-04-20 16:30:00,Valencia,Real Betis,0.951475,1.82123
SP1,2024-04-21 16:30:00,Alaves,Atletico Madrid,0.521018,0.715212
SP1,2024-04-21 14:15:00,Almeria,Villarreal,2.14538,1.60008
SP1,2024-04-21 12:00:00,Getafe,Real Sociedad,1.19821,1.03517
SP1,2024-04-21 19:00:00,Real Madrid,Barcelona,2.7698,1.34666
SP1,2024-04-22 19:00:00,Sevilla,Mallorca,1.72842,0.879845
SP1,2024-04-26 19:00:00,Real Sociedad,Real Madrid,0.380904,0.462672
SP1,2024-04-27 16:30:00,Alaves,Celta Vigo,3.41094,0.188273
SP1,2024-04-27 14:15:00,Almeria,Getafe,2.748,1.67485
SP1,2024-04-27 19:00:00,Atletico Madrid,Athletic Club,0.62028,0.894572
SP1,2024-04-27 12:00:00,Las Palmas,Girona,1.41676,2.0472
SP1,2024-04-28 12:00:00,Cadiz,Mallorca,0.441837,0.827497
SP1,2024-04-28 14:15:00,Granada,Osasuna,2.31468,0.989028
SP1,2024-04-28 19:00:00,Real Betis,Sevilla,2.39465,1.26484
SP1,2024-04-28 16:30:00,Villarreal,Rayo Vallecano,1.98091,0.896929
SP1,2024-04-29 19:00:00,Barcelona,Valencia,2.59636,1.49346
SP1,2024-05-03 19:00:00,Getafe,Athletic Club,4.41644,0.925588
SP1,2024-05-04 16:30:00,Girona,Barcelona,2.31519,2.6053
SP1,2024-05-04 19:00:00,Mallorca,Atletico Madrid,0.328479,0.874778
SP1,2024-05-04 14:15:00,Real Madrid,Cadiz,2.63447,0.998827
SP1,2024-05-04 12:00:00,Real Sociedad,Las Palmas,0.899129,0.56693
SP1,2024-05-05 14:15:00,Celta Vigo,Villarreal,4.41257,0.544766
SP1,2024-05-05 12:00:00,Osasuna,Real Betis,1.02463,1.44688
SP1,2024-05-05 19:00:00,Rayo Vallecano,Almeria,2.09609,0.555982
SP1,2024-05-05 19:00:00,Sevilla,Granada,2.45224,0.227083
SP1,2024-05-05 16:30:00,Valencia,Alaves,1.40821,1.16915
SP1,2024-05-10 19:00:00,Alaves,Girona,2.40148,1.53657
SP1,2024-05-11 19:00:00,Athletic Club,Osasuna,2.17034,1.05326
SP1,2024-05-11 16:30:00,Granada,Real Madrid,0.699759,2.7909
SP1,2024-05-11 12:00:00,Mallorca,Las Palmas,0.45718,0.313172
SP1,2024-05-11 14:15:00,Villarreal,Sevilla,3.10775,1.95835
SP1,2024-05-12 14:15:00,Atletico Madrid,Celta Vigo,1.81009,0.370026
SP1,2024-05-12 12:00:00,Cadiz,Getafe,1.42818,0.310309
SP1,2024-05-12 19:00:00,Real Betis,Almeria,1.69343,1.08304
SP1,2024-05-12 16:30:00,Valencia,Rayo Vallecano,1.1633,0.785651
SP1,2024-05-13 19:00:00,Barcelona,Real Sociedad,1.66029,0.799193
SP1,2024-05-14 20:00:00,Girona,Villarreal,2.28453,0.776468
SP1,2024-05-14 17:30:00,Osasuna,Mallorca,0.428998,0.919263
SP1,2024-05-14 19:30:00,Real Madrid,Alaves,2.88216,1.50657
SP1,2024-05-15 20:00:00,Celta Vigo,Athletic Club,0.758179,0.377111
SP1,2024-05-15 20:00:00,Getafe,Atletico Madrid,0.446969,1.67036
SP1,2024-05-15 17:30:00,Rayo Vallecano,Granada,3.00296,0.933417
SP1,2024-05-15 17:30:00,Sevilla,Cadiz,1.43788,2.85137
SP1,2024-05-16 19:30:00,Almeria,Barcelona,1.03949,2.13122
SP1,2024-05-16 17:30:00,Las Palmas,Real Betis,2.61533,1.3277
SP1,2024-05-16 20:00:00,Real Sociedad,Valencia,1.13192,0.774644
SP1,2024-05-18 19:00:00,Alaves,Getafe,1.57753,0.658124
SP1,2024-05-19 17:00:00,Athletic Club,Sevilla,1.78593,1.29208
SP1,2024-05-19 17:00:00,Atletico Madrid,Osasuna,1.76117,1.88434
SP1,2024-05-19 17:00:00,Barcelona,Rayo Vallecano,1.69959,1.68527
SP1,2024-05-19 17:00:00,Cadiz,Las Palmas,1.36112,0.966249
SP1,2024-05-19 17:00:00,Granada,Celta Vigo,1.75765,2.02078
SP1,2024-05-19 17:00:00,Mallorca,Almeria,2.45608,0.238391
SP1,2024-05-19 17:00:00,Real Betis,Real Sociedad,1.60754,0.792849
SP1,2024-05-19 17:00:00,Valencia,Girona,3.35606,2.90299
SP1,2024-05-19 17:00:00,Villarreal,Real Madrid,2.21178,1.59129
SP1,2024-05-24 19:00:00,Girona,Granada,4.75092,0.987219
SP1,2024-05-25 16:30:00,Almeria,Cadiz,3.23442,0.494605
SP1,2024-05-25 12:00:00,Osasuna,Villarreal,1.09355,0.835313
SP1,2024-05-25 16:30:00,Rayo Vallecano,Athletic Club,1.47462,0.930597
SP1,2024-05-25 19:00:00,Real Madrid,Real Betis,1.24417,1.15552
SP1,2024-05-25 14:15:00,Real Sociedad,Atletico Madrid,0.570544,2.19824
SP1,2024-05-26 14:15:00,Celta Vigo,Valencia,1.50162,2.16042
SP1,2024-05-26 12:00:00,Getafe,Mallorca,1.07908,1.34437
SP1,2024-05-26 14:15:00,Las Palmas,Alaves,1.15618,2.23542
SP1,2024-05-26 19:00:00,Sevilla,Barcelona,1.96266,1.4772
SP1,2024-08-15 17:00:00,Athletic Club,Getafe,0.290195,0.537517
SP1,2024-08-15 19:30:00,Real Betis,Girona,1.80582,1.54726
SP1,2024-08-16 17:00:00,Celta Vigo,Alaves,0.793797,1.9391
SP1,2024-08-16 19:30:00,Las Palmas,Sevilla,1.3187,2.09987
SP1,2024-08-17 17:00:00,Osasuna,Leganes,1.7631,1.33949
SP1,2024-08-17 19:30:00,Valencia,Barcelona,1.55206,3.48824
SP1,2024-08-18 19:30:00,Mallorca,Real Madrid,1.30561,0.608052
SP1,2024-08-18 17:00:00,Real Sociedad,Rayo Vallecano,1.56608,1.60148
SP1,2024-08-19 17:00:00,Real Valladolid,Espanyol,1.17753,0.515586
SP1,2024-08-19 19:30:00,Villarreal,Atletico Madrid,0.68684,1.13868
SP1,2024-08-23 17:00:00,Celta Vigo,Valencia,1.30571,1.1544
SP1,2024-08-23 19:30:00,Sevilla,Villarreal,1.23826,1.39825
SP1,2024-08-24 17:00:00,Barcelona,Athletic Club,2.41577,1.09985
SP1,2024-08-24 19:30:00,Espanyol,Real Sociedad,1.79566,0.796104
SP1,2024-08-24 19:30:00,Getafe,Rayo Vallecano,0.512723,0.161076
SP1,2024-08-24 15:00:00,Osasuna,Mallorca,0.887678,0.427602
SP1,2024-08-25 17:15:00,Alaves,Real Betis,0.172545,1.36012
SP1,2024-08-25 19:30:00,Atletico Madrid,Girona,1.42393,0.596524
SP1,2024-08-25 17:00:00,Leganes,Las Palmas,1.58998,1.23438
SP1,2024-08-25 15:00:00,Real Madrid,Real Valladolid,2.17954,0.378528
SP1,2024-08-26 19:30:00,Villarreal,Celta Vigo,4.3817,3.79183
SP1,2024-08-27 17:00:00,Mallorca,Sevilla,0.940858,0.60976
SP1,2024-08-27 19:30:00,Rayo Vallecano,Barcelona,0.392473,1.51872
SP1,2024-08-28 17:00:00,Athletic Club,Valencia,1.51595,0.0996371
SP1,2024-08-28 19:30:00,Atletico Madrid,Espanyol,3.88587,0.855829
SP1,2024-08-28 19:30:00,Real Sociedad,Alaves,0.951647,2.62561
SP1,2024-08-28 17:00:00,Real Valladolid,Leganes,0.773785,0.184577
SP1,2024-08-29 17:00:00,Girona,Osasuna,2.6015,0.0199618
SP1,2024-08-29 19:30:00,Las Palmas,Real Madrid,0.809213,3.28322
SP1,2024-08-31 17:00:00,Athletic Club,Atletico Madrid,0.252231,1.58613
SP1,2024-08-31 15:00:00,Barcelona,Real Valladolid,4.94022,0.422493
SP1,2024-08-31 17:15:00,Espanyol,Rayo Vallecano,1.84679,1.0088
SP1,2024-08-31 19:30:00,Leganes,Mallorca,0.52078,1.48758
SP1,2024-08-31 19:30:00,Valencia,Villarreal,1.14322,0.885369
SP1,2024-09-01 15:00:00,Alaves,Las Palmas,2.01026,0.547308
SP1,2024-09-01 17:15:00,Getafe,Real Sociedad,0.547095,0.0209183
SP1,2024-09-01 15:00:00,Osasuna,Celta Vigo,0.779621,1.72329
SP1,2024-09-01 19:30:00,Real Madrid,Real Betis,2.37168,0.831429
SP1,2024-09-01 17:00:00,Sevilla,Girona,0.812687,2.36355
SP1,2024-09-13 19:00:00,Real Betis,Leganes,1.72201,0.107021
SP1,2024-09-14 14:15:00,Espanyol,Alaves,1.95102,2.3693
SP1,2024-09-14 12:00:00,Mallorca,Villarreal,0.345425,2.41884
SP1,2024-09-14 19:00:00,Real Sociedad,Real Madrid,1.41828,2.2759
SP1,2024-09-14 16:30:00,Sevilla,Getafe,1.64801,0.971555
SP1,2024-09-15 19:00:00,Atletico Madrid,Valencia,3.22965,0.18311
SP1,2024-09-15 12:00:00,Celta Vigo,Real Valladolid,1.99273,0.382657
SP1,2024-09-15 14:15:00,Girona,Barcelona,1.09568,2.5936
SP1,2024-09-15 16:30:00,Las Palmas,Athletic Club,1.5194,1.80432
SP1,2024-09-16 19:00:00,Rayo Vallecano,Osasuna,1.48433,0.530311
SP1,2024-09-17 19:00:00,Mallorca,Real Sociedad,1.56932,0.499139
SP1,2024-09-18 17:00:00,Real Betis,Getafe,3.06176,0.864309
SP1,2024-09-19 17:00:00,Leganes,Athletic Club,0.666594,1.32325
SP1,2024-09-20 19:00:00,Alaves,Sevilla,1.40641,0.623937
SP1,2024-09-21 14:15:00,Osasuna,Las Palmas,1.97167,1.28282
SP1,2024-09-21 19:00:00,Real Madrid,Espanyol,4.89487,0.318831
SP1,2024-09-21 12:00:00,Real Valladolid,Real Sociedad,0.952589,1.3906
SP1,2024-09-21 16:30:00,Valencia,Girona,0.350785,0.387698
SP1,2024-09-22 14:15:00,Athletic Club,Celta Vigo,0.864304,1.21547
SP1,2024-09-22 12:00:00,Getafe,Leganes,1.24276,0.783211
SP1,2024-09-22 19:00:00,Rayo Vallecano,Atletico Madrid,1.68952,0.554066
SP1,2024-09-22 16:30:00,Villarreal,Barcelona,2.39605,4.1937
SP1,2024-09-23 19:00:00,Real Betis,Mallorca,1.37084,1.4369
SP1,2024-09-24 19:00:00,Real Madrid,Alaves,1.79791,0.853455
SP1,2024-09-24 17:00:00,Sevilla,Real Valladolid,1.67099,0.411515
SP1,2024-09-24 17:00:00,Valencia,Osasuna,1.17527,0.377552
SP1,2024-09-25 19:00:00,Barcelona,Getafe,2.20799,0.929851
SP1,2024-09-25 17:00:00,Girona,Rayo Vallecano,2.1579,0.377734
SP1,2024-09-26 19:00:00,Celta Vigo,Atletico Madrid,1.76126,0.778357
SP1,2024-09-26 17:00:00,Espanyol,Villarreal,0.355072,1.96233
SP1,2024-09-26 17:00:00,Las Palmas,Real Betis,1.10799,2.66646
SP1,2024-09-27 19:00:00,Real Valladolid,Mallorca,1.31551,2.49026
SP1,2024-09-28 12:00:00,Getafe,Alaves,2.55847,0.415348
SP1,2024-09-28 19:00:00,Osasuna,Barcelona,2.50067,0.751814
SP1,2024-09-28 14:15:00,Rayo Vallecano,Leganes,1.15229,0.852356
SP1,2024-09-28 16:30:00,Real Sociedad,Valencia,3.6853,0.805963
SP1,2024-09-29 14:15:00,Athletic Club,Sevilla,1.82961,1.24147
SP1,2024-09-29 19:00:00,Atletico Madrid,Real Madrid,1.05477,0.660987
SP1,2024-09-29 12:00:00,Celta Vigo,Girona,0.52399,1.41269
SP1,2024-09-29 16:30:00,Real Betis,Espanyol,1.97922,0.569387
SP1,2024-09-30 19:00:00,Villarreal,Las Palmas,4.07869,0.802357
SP1,2024-10-04 19:00:00,Leganes,Valencia,0.913168,0.703751
SP1,2024-10-05 12:00:00,Espanyol,Mallorca,0.948554,1.79839
SP1,2024-10-05 14:15:00,Getafe,Osasuna,1.34832,0.247706
SP1,2024-10-05 16:30:00,Las Palmas,Celta Vigo,0.964894,0.814163
SP1,2024-10-05 19:00:00,Real Madrid,Villarreal,0.459582,1.4618
SP1,2024-10-05 16:30:00,Real Valladolid,Rayo Vallecano,1.65842,1.64746
SP1,2024-10-06 14:15:00,Alaves,Barcelona,0.794829,2.49367
SP1,2024-10-06 12:00:00,Girona,Athletic Club,2.17393,3.15974
SP1,2024-10-06 19:00:00,Real Sociedad,Atletico Madrid,1.08517,0.561748
SP1,2024-10-06 16:30:00,Sevilla,Real Betis,1.8284,0.436615
SP1,2024-10-18 19:00:00,Alaves,Real Valladolid,0.433035,2.33646
SP1,2024-10-19 12:00:00,Athletic Club,Espanyol,1.46517,0.500795
SP1,2024-10-19 19:00:00,Celta Vigo,Real Madrid,1.79112,1.19816
SP1,2024-10-19 16:30:00,Girona,Real Sociedad,0.446152,1.86082
SP1,2024-10-19 14:15:00,Osasuna,Real Betis,2.21025,2.79181
SP1,2024-10-20 14:15:00,Atletico Madrid,Leganes,5.21397,0.271901
SP1,2024-10-20 19:00:00,Barcelona,Sevilla,4.08528,0.599652
SP1,2024-10-20 12:00:00,Mallorca,Rayo Vallecano,2.72076,0.464955
SP1,2024-10-20 16:30:00,Villarreal,Getafe,1.14683,2.02638
SP1,2024-10-21 19:00:00,Valencia,Las Palmas,1.94417,1.56861
SP1,2024-10-25 19:00:00,Espanyol,Sevilla,1.0292,0.813306
SP1,2024-10-26 16:30:00,Las Palmas,Girona,1.24451,1.04715
SP1,2024-10-26 14:15:00,Rayo Vallecano,Alaves,2.89009,0.871439
SP1,2024-10-26 19:00:00,Real Madrid,Barcelona,1.40359,2.51566
SP1,2024-10-26 12:00:00,Real Valladolid,Villarreal,0.97802,2.68435
SP1,2024-10-27 15:15:00,Getafe,Valencia,2.97825,0.63831
SP1,2024-10-27 13:00:00,Leganes,Celta Vigo,1.54881,0.767239
SP1,2024-10-27 17:30:00,Real Betis,Atletico Madrid,2.20384,0.555217
SP1,2024-10-27 20:00:00,Real Sociedad,Osasuna,1.6767,1.06487
SP1,2024-10-28 20:00:00,Mallorca,Athletic Club,0.542356,0.755466
SP1,2024-11-01 20:00:00,Alaves,Mallorca,1.43582,0.708287
SP1,2024-11-02 15:15:00,Girona,Leganes,1.81274,0.320545
SP1,2024-11-02 13:00:00,Osasuna,Real Valladolid,3.21695,0.204092
SP1,2024-11-03 20:00:00,Athletic Club,Real Betis,4.2033,1.54499
SP1,2024-11-03 13:00:00,Atletico Madrid,Las Palmas,1.73469,0.0329044
SP1,2024-11-03 15:15:00,Barcelona,Espanyol,1.94398,0.787359
SP1,2024-11-03 17:30:00,Sevilla,Real Sociedad,0.629505,1.21835
SP1,2024-11-04 20:00:00,Celta Vigo,Getafe,2.12477,0.424746
SP1,2024-11-08 20:00:00,Rayo Vallecano,Las Palmas,2.63982,1.25211
SP1,2024-11-09 21:00:00,Leganes,Sevilla,1.09319,0.539924
SP1,2024-11-09 13:00:00,Real Madrid,Osasuna,3.27315,0.0678926
SP1,2024-11-09 15:15:00,Villarreal,Alaves,1.44293,0.608571
SP1,2024-11-10 17:30:00,Getafe,Girona,0.220796,0.521025
SP1,2024-11-10 15:15:00,Mallorca,Atletico Madrid,0.735147,0.93863
SP1,2024-11-10 13:00:00,Real Betis,Celta Vigo,1.65065,0.941675
SP1,2024-11-10 20:00:00,Real Sociedad,Barcelona,1.88518,0.514102
SP1,2024-11-10 17:30:00,Real Valladolid,Athletic Club,0.887674,1.487
SP1,2024-11-22 20:00:00,Getafe,Real Valladolid,0.658487,0.729169
SP1,2024-11-23 15:15:00,Atletico Madrid,Alaves,2.05318,0.785902
SP1,2024-11-23 20:00:00,Celta Vigo,Barcelona,2.75981,1.93782
SP1,2024-11-23 17:30:00,Girona,Espanyol,3.28521,0.488285
SP1,2024-11-23 17:30:00,Las Palmas,Mallorca,1.15972,1.45816
SP1,2024-11-23 13:00:00,Valencia,Real Betis,1.67338,1.05242
SP1,2024-11-24 20:00:00,Athletic Club,Real Sociedad,1.65075,0.799084
SP1,2024-11-24 17:30:00,Leganes,Real Madrid,0.108948,2.73014
SP1,2024-11-24 13:00:00,Osasuna,Villarreal,1.3273,2.68193
SP1,2024-11-24 15:15:00,Sevilla,Rayo Vallecano,1.57063,0.862262
SP1,2024-11-29 20:00:00,Mallorca,Valencia,0.721435,1.33443
SP1,2024-11-30 15:15:00,Alaves,Leganes,1.28884,1.3688
SP1,2024-11-30 13:00:00,Barcelona,Las Palmas,2.18354,0.599185
SP1,2024-11-30 17:30:00,Espanyol,Celta Vigo,1.50136,1.55998
SP1,2024-11-30 20:00:00,Real Valladolid,Atletico Madrid,0.437294,3.40487
SP1,2024-12-01 17:30:00,Rayo Vallecano,Athletic Club,0.590024,0.556919
SP1,2024-12-01 15:15:00,Real Madrid,Getafe,3.23626,0.34657
SP1,2024-12-01 20:00:00,Real Sociedad,Real Betis,0.818081,0.366137
SP1,2024-12-01 13:00:00,Villarreal,Girona,1.96842,0.516301
SP1,2024-12-02 20:00:00,Sevilla,Osasuna,1.09081,1.04839
SP1,2024-12-03 18:00:00,Mallorca,Barcelona,0.921728,5.38074
SP1,2024-12-04 20:00:00,Athletic Club,Real Madrid,2.08134,1.97732
SP1,2024-12-06 20:00:00,Celta Vigo,Mallorca,1.19949,1.09038
SP1,2024-12-07 20:00:00,Girona,Real Madrid,0.351337,1.16034
SP1,2024-12-07 13:00:00,Las Palmas,Real Valladolid,1.27625,1.30835
SP1,2024-12-07 15:15:00,Real Betis,Barcelona,2.76257,1.54117
SP1,2024-12-07 17:30:00,Valencia,Rayo Vallecano,1.0002,1.02294
SP1,2024-12-08 15:15:00,Athletic Club,Villarreal,1.31484,0.796459
SP1,2024-12-08 20:00:00,Atletico Madrid,Sevilla,2.32183,0.635773
SP1,2024-12-08 13:00:00,Leganes,Real Sociedad,0.463722,1.74462
SP1,2024-12-08 17:30:00,Osasuna,Alaves,2.31345,1.50067
SP1,2024-12-09 20:00:00,Getafe,Espanyol,0.530268,1.17303
SP1,2024-12-13 20:00:00,Real Valladolid,Valencia,0.531831,0.657242
SP1,2024-12-14 13:00:00,Espanyol,Osasuna,0.298744,0.213917
SP1,2024-12-14 15:15:00,Mallorca,Girona,1.65091,0.939735
SP1,2024-12-14 20:00:00,Rayo Vallecano,Real Madrid,1.60769,1.15429
SP1,2024-12-14 17:30:00,Sevilla,Celta Vigo,0.487466,0.928845
SP1,2024-12-15 15:15:00,Alaves,Athletic Club,0.803776,0.843706
SP1,2024-12-15 13:00:00,Atletico Madrid,Getafe,1.85376,0.238672
SP1,2024-12-15 20:00:00,Barcelona,Leganes,2.16597,0.77236
SP1,2024-12-15 17:30:00,Real Sociedad,Las Palmas,1.24562,0.840973
SP1,2024-12-15 17:30:00,Villarreal,Real Betis,1.60957,1.6735
SP1,2024-12-18 20:30:00,Espanyol,Valencia,1.87851,1.78128
SP1,2024-12-18 20:30:00,Villarreal,Rayo Vallecano,2.52908,1.85712
SP1,2024-12-20 20:00:00,Girona,Real Valladolid,2.16439,0.0119855
SP1,2024-12-21 20:00:00,Barcelona,Atletico Madrid,3.37424,0.710716
SP1,2024-12-21 15:15:00,Celta Vigo,Real Sociedad,1.22165,0.314488
SP1,2024-12-21 13:00:00,Getafe,Mallorca,0.735241,2.06274
SP1,2024-12-21 17:30:00,Osasuna,Athletic Club,0.417557,1.18093
SP1,2024-12-22 17:30:00,Las Palmas,Espanyol,0.956162,0.878983
SP1,2024-12-22 17:30:00,Leganes,Villarreal,1.47457,4.01011
SP1,2024-12-22 20:00:00,Real Betis,Rayo Vallecano,1.93031,0.878426
SP1,2024-12-22 15:15:00,Real Madrid,Sevilla,2.90098,1.41183
SP1,2024-12-22 13:00:00,Valencia,Alaves,1.34762,1.54294
SP1,2025-01-03 20:00:00,Valencia,Real Madrid,1.35313,2.69157
SP1,2025-01-10 20:00:00,Rayo Vallecano,Celta Vigo,1.00439,3.25801
SP1,2025-01-11 13:00:00,Alaves,Girona,1.72201,0.625652
SP1,2025-01-11 17:30:00,Espanyol,Leganes,1.05544,1.92496
SP1,2025-01-11 15:15:00,Real Valladolid,Real Betis,1.62446,1.03813
SP1,2025-01-11 20:00:00,Sevilla,Valencia,0.734356,1.08107
SP1,2025-01-12 15:15:00,Atletico Madrid,Osasuna,2.28719,0.391974
SP1,2025-01-12 13:00:00,Las Palmas,Getafe,1.62636,1.39575
SP1,2025-01-13 20:00:00,Real Sociedad,Villarreal,0.805968,1.22527
SP1,2025-01-17 20:00:00,Espanyol,Real Valladolid,1.28839,1.72021
SP1,2025-01-18 20:00:00,Getafe,Barcelona,1.16921,3.50383
SP1,2025-01-18 13:00:00,Girona,Sevilla,1.14329,3.09224
SP1,2025-01-18 15:15:00,Leganes,Atletico Madrid,0.770342,3.0563
SP1,2025-01-18 17:30:00,Real Betis,Alaves,0.501492,1.6539
SP1,2025-01-19 13:00:00,Celta Vigo,Athletic Club,0.40033,2.49675
SP1,2025-01-19 17:30:00,Osasuna,Rayo Vallecano,0.660386,0.797534
SP1,2025-01-19 15:15:00,Real Madrid,Las Palmas,6.40549,1.06201
SP1,2025-01-19 20:00:00,Valencia,Real Sociedad,1.77248,0.758224
SP1,2025-01-20 20:00:00,Villarreal,Mallorca,2.35437,0.390989
SP1,2025-01-24 20:00:00,Las Palmas,Osasuna,0.833212,2.53692
SP1,2025-01-25 15:15:00,Atletico Madrid,Villarreal,1.72274,1.78456
SP1,2025-01-25 13:00:00,Mallorca,Real Betis,0.789384,0.59491
SP1,2025-01-25 20:00:00,Real Valladolid,Real Madrid,0.234653,2.45677
SP1,2025-01-25 17:30:00,Sevilla,Espanyol,1.15013,1.27943
SP1,2025-01-26 17:30:00,Athletic Club,Leganes,2.27277,1.57401
SP1,2025-01-26 20:00:00,Barcelona,Valencia,4.35875,1.30328
SP1,2025-01-26 13:00:00,Rayo Vallecano,Girona,3.01055,1.56182
SP1,2025-01-26 15:15:00,Real Sociedad,Getafe,1.26074,2.01027
SP1,2025-01-27 20:00:00,Alaves,Celta Vigo,0.891741,0.155093
SP1,2025-01-31 20:00:00,Leganes,Rayo Vallecano,1.00009,2.39088
SP1,2025-02-01 17:30:00,Atletico Madrid,Mallorca,1.59869,0.421783
SP1,2025-02-01 20:00:00,Espanyol,Real Madrid,0.52719,1.52796
SP1,2025-02-01 13:00:00,Getafe,Sevilla,0.922731,0.871043
SP1,2025-02-01 15:15:00,Villarreal,Real Valladolid,3.89354,0.747261
SP1,2025-02-02 13:00:00,Barcelona,Alaves,1.18526,0.126278
SP1,2025-02-02 17:30:00,Osasuna,Real Sociedad,1.11088,2.35115
SP1,2025-02-02 20:00:00,Real Betis,Athletic Club,1.31717,1.75905
SP1,2025-02-02 15:15:00,Valencia,Celta Vigo,1.93065,0.51501
SP1,2025-02-03 20:00:00,Girona,Las Palmas,2.19186,1.31791
SP1,2025-02-07 20:00:00,Rayo Vallecano,Real Valladolid,2.87261,0.610157
SP1,2025-02-08 15:15:00,Athletic Club,Girona,3.81937,0.0558089
SP1,2025-02-08 13:00:00,Celta Vigo,Real Betis,1.75134,1.51159
SP1,2025-02-08 17:30:00,Las Palmas,Villarreal,1.90619,1.26021
SP1,2025-02-08 20:00:00,Real Madrid,Atletico Madrid,2.55575,1.62463
SP1,2025-02-09 13:00:00,Alaves,Getafe,1.25855,0.825065
SP1,2025-02-09 17:30:00,Real Sociedad,Espanyol,1.67839,0.872507
SP1,2025-02-09 20:00:00,Sevilla,Barcelona,0.921429,1.93199
SP1,2025-02-09 15:15:00,Valencia,Leganes,2.03187,0.417562
SP1,2025-02-10 20:00:00,Mallorca,Osasuna,1.17321,1.81967
SP1,2025-02-14 20:00:00,Girona,Getafe,1.287,0.95535
SP1,2025-02-15 17:30:00,Atletico Madrid,Celta Vigo,0.689105,1.45388
SP1,2025-02-15 13:00:00,Leganes,Alaves,1.76328,1.4212
SP1,2025-02-15 15:15:00,Osasuna,Real Madrid,1.64382,2.73344
SP1,2025-02-15 20:00:00,Villarreal,Valencia,1.04228,0.740954
SP1,2025-02-16 13:00:00,Espanyol,Athletic Club,1.19577,0.896815
SP1,2025-02-16 17:30:00,Mallorca,Las Palmas,2.33414,1.04401
SP1,2025-02-16 20:00:00,Real Betis,Real Sociedad,2.49445,0.20529
SP1,2025-02-16 15:15:00,Real Valladolid,Sevilla,0.532481,1.4827
SP1,2025-02-17 20:00:00,Barcelona,Rayo Vallecano,2.82775,1.30941
SP1,2025-02-21 20:00:00,Celta Vigo,Osasuna,2.31891,0.838476
SP1,2025-02-22 13:00:00,Alaves,Espanyol,1.54627,0.495881
SP1,2025-02-22 20:00:00,Las Palmas,Barcelona,0.431009,1.66486
SP1,2025-02-22 15:15:00,Rayo Vallecano,Villarreal,0.514336,0.79404
SP1,2025-02-22 17:30:00,Valencia,Atletico Madrid,1.35435,2.31785
SP1,2025-02-23 13:00:00,Athletic Club,Real Valladolid,5.3162,0.598765
SP1,2025-02-23 17:30:00,Getafe,Real Betis,0.86267,2.34571
SP1,2025-02-23 15:15:00,Real Madrid,Girona,2.36313,0.325619
SP1,2025-02-23 20:00:00,Real Sociedad,Leganes,1.0679,0.256673
SP1,2025-02-24 20:00:00,Sevilla,Mallorca,1.5822,1.64957
SP1,2025-02-28 20:00:00,Real Valladolid,Las Palmas,2.17386,0.163235
SP1,2025-03-01 20:00:00,Atletico Madrid,Athletic Club,2.01612,1.54329
SP1,2025-03-01 13:00:00,Girona,Celta Vigo,0.89503,1.64758
SP1,2025-03-01 15:15:00,Rayo Vallecano,Sevilla,2.59009,0.807803
SP1,2025-03-01 17:30:00,Real Betis,Real Madrid,2.23957,1.05072
SP1,2025-03-02 15:15:00,Barcelona,Real Sociedad,3.63697,0.0
SP1,2025-03-02 13:00:00,Leganes,Getafe,0.554524,0.585024
SP1,2025-03-02 17:30:00,Mallorca,Alaves,1.83195,1.63763
SP1,2025-03-02 20:00:00,Osasuna,Valencia,1.26777,1.54983
SP1,2025-03-08 15:15:00,Alaves,Villarreal,1.21479,2.63287
SP1,2025-03-08 13:00:00,Celta Vigo,Leganes,1.07104,0.99815
SP1,2025-03-08 17:30:00,Valencia,Real Valladolid,2.37105,0.645621
SP1,2025-03-09 17:30:00,Athletic Club,Mallorca,0.938663,1.02509
SP1,2025-03-09 13:00:00,Getafe,Atletico Madrid,1.39814,1.02142
SP1,2025-03-09 17:30:00,Real Betis,Las Palmas,2.31412,0.426529
SP1,2025-03-09 15:15:00,Real Madrid,Rayo Vallecano,1.59439,1.21003
SP1,2025-03-09 20:00:00,Real Sociedad,Sevilla,0.803868,1.01162
SP1,2025-03-10 20:00:00,Espanyol,Girona,0.325296,1.58787
SP1,2025-03-14 20:00:00,Las Palmas,Alaves,1.94387,1.49888
SP1,2025-03-15 20:00:00,Girona,Valencia,1.17978,1.21975
SP1,2025-03-15 15:15:00,Mallorca,Espanyol,2.57036,0.184342
SP1,2025-03-15 13:00:00,Real Valladolid,Celta Vigo,0.839415,1.81654
SP1,2025-03-15 17:30:00,Villarreal,Real Madrid,2.00539,1.10001
SP1,2025-03-16 20:00:00,Atletico Madrid,Barcelona,1.09435,2.16215
SP1,2025-03-16 13:00:00,Leganes,Real Betis,1.57329,2.92809
SP1,2025-03-16 17:30:00,Osasuna,Getafe,2.08486,0.900928
SP1,2025-03-16 17:30:00,Rayo Vallecano,Real Sociedad,0.536859,0.905535
SP1,2025-03-16 15:15:00,Sevilla,Athletic Club,0.459323,1.64488
SP1,2025-03-27 20:00:00,Barcelona,Osasuna,4.63707,0.53356
SP1,2025-03-29 17:30:00,Alaves,Rayo Vallecano,1.60064,0.681703
SP1,2025-03-29 15:15:00,Espanyol,Atletico Madrid,0.985043,0.994468
SP1,2025-03-29 20:00:00,Real Madrid,Leganes,3.59257,2.38359
SP1,2025-03-29 13:00:00,Real Sociedad,Real Valladolid,1.32811,1.29525
SP1,2025-03-30 17:30:00,Athletic Club,Osasuna,0.759463,0.564979
SP1,2025-03-30 15:15:00,Barcelona,Girona,2.75333,0.490847
SP1,2025-03-30 13:00:00,Getafe,Villarreal,0.940085,1.38471
SP1,2025-03-30 20:00:00,Real Betis,Sevilla,0.894203,0.867589
SP1,2025-03-30 17:30:00,Valencia,Mallorca,0.731544,0.657805
SP1,2025-03-31 20:00:00,Celta Vigo,Las Palmas,1.07663,0.52734
SP1,2025-04-04 19:00:00,Rayo Vallecano,Espanyol,0.501253,3.48741
SP1,2025-04-05 19:00:00,Barcelona,Real Betis,1.46844,0.249939
SP1,2025-04-05 12:00:00,Girona,Alaves,1.73306,0.805674
SP1,2025-04-05 16:30:00,Mallorca,Celta Vigo,0.670008,1.12056
SP1,2025-04-05 14:15:00,Real Madrid,Valencia,3.36121,1.08997
SP1,2025-04-06 12:00:00,Las Palmas,Real Sociedad,1.75387,2.81501
SP1,2025-04-06 16:30:00,Real Valladolid,Getafe,0.300994,2.80288
SP1,2025-04-06 14:15:00,Sevilla,Atletico Madrid,0.818692,1.23653
SP1,2025-04-06 19:00:00,Villarreal,Athletic Club,1.59491,0.998653
SP1,2025-04-07 19:00:00,Leganes,Osasuna,2.22334,2.07408
SP1,2025-04-11 19:00:00,Valencia,Sevilla,1.42634,0.910522
SP1,2025-04-12 16:30:00,Celta Vigo,Espanyol,0.824366,0.780846
SP1,2025-04-12 14:15:00,Getafe,Las Palmas,1.61783,1.54225
SP1,2025-04-12 19:00:00,Leganes,Barcelona,0.5988,1.10105
SP1,2025-04-12 12:00:00,Real Sociedad,Mallorca,0.616782,0.801126
SP1,2025-04-13 14:15:00,Alaves,Real Madrid,0.607781,1.26541
SP1,2025-04-13 19:00:00,Athletic Club,Rayo Vallecano,1.97654,1.81883
SP1,2025-04-13 12:00:00,Osasuna,Girona,1.68846,0.57428
SP1,2025-04-13 16:30:00,Real Betis,Villarreal,2.04046,1.32607
SP1,2025-04-14 19:00:00,Atletico Madrid,Real Valladolid,4.06291,1.38016
SP1,2025-04-18 19:00:00,Espanyol,Getafe,0.367268,0.736613
SP1,2025-04-19 14:15:00,Barcelona,Celta Vigo,2.56587,2.50499
SP1,2025-04-19 19:00:00,Las Palmas,Atletico Madrid,0.768437,0.757145
SP1,2025-04-19 16:30:00,Mallorca,Leganes,1.06921,0.951824
SP1,2025-04-19 12:00:00,Rayo Vallecano,Valencia,0.722317,2.06284
SP1,2025-04-20 19:00:00,Real Madrid,Athletic Club,2.40667,0.132511
SP1,2025-04-20 12:00:00,Real Valladolid,Osasuna,1.45455,2.36202
SP1,2025-04-20 16:30:00,Sevilla,Alaves,1.89613,1.30312
SP1,2025-04-20 14:15:00,Villarreal,Real Sociedad,2.14498,2.29777
SP1,2025-04-21 19:00:00,Girona,Real Betis,1.10326,2.28252
SP1,2025-04-22 19:30:00,Barcelona,Mallorca,3.43457,0.326579
SP1,2025-04-22 19:00:00,Valencia,Espanyol,1.07897,0.344156
SP1,2025-04-23 19:30:00,Alaves,Real Sociedad,0.815479,0.472083
SP1,2025-04-23 17:00:00,Athletic Club,Las Palmas,2.63805,1.01774
SP1,2025-04-23 17:00:00,Celta Vigo,Villarreal,3.19678,0.5946
SP1,2025-04-23 19:30:00,Getafe,Real Madrid,2.53565,1.74803
SP1,2025-04-24 19:30:00,Atletico Madrid,Rayo Vallecano,3.34529,1.13186
SP1,2025-04-24 17:00:00,Leganes,Girona,0.330809,0.764098
SP1,2025-04-24 17:00:00,Osasuna,Sevilla,0.373711,0.934425
SP1,2025-04-24 19:30:00,Real Betis,Real Valladolid,2.26702,0.839722
SP1,2025-04-27 14:15:00,Villarreal,Espanyol,1.35413,1.53522
SP1,2025-05-02 19:00:00,Rayo Vallecano,Getafe,1.2162,0.8041
SP1,2025-05-03 12:00:00,Alaves,Atletico Madrid,0.908148,0.391409
SP1,2025-05-03 16:30:00,Las Palmas,Valencia,1.80995,1.6731
SP1,2025-05-03 19:00:00,Real Valladolid,Barcelona,0.745612,2.21168
SP1,2025-05-03 14:15:00,Villarreal,Osasuna,2.30041,1.41412
SP1,2025-05-04 16:30:00,Espanyol,Real Betis,0.873167,1.05631
SP1,2025-05-04 12:00:00,Real Madrid,Celta Vigo,3.07408,2.13071
SP1,2025-05-04 19:00:00,Real Sociedad,Athletic Club,0.893155,0.232928
SP1,2025-05-04 14:15:00,Sevilla,Leganes,2.33742,0.804853
SP1,2025-05-05 19:00:00,Girona,Mallorca,1.77813,0.488126
SP1,2025-05-09 19:00:00,Las Palmas,Rayo Vallecano,0.721442,1.00781
SP1,2025-05-10 19:00:00,Atletico Madrid,Real Sociedad,1.71528,0.298675
SP1,2025-05-10 14:15:00,Celta Vigo,Sevilla,0.959531,2.61391
SP1,2025-05-10 16:30:00,Girona,Villarreal,0.280235,2.28245
SP1,2025-05-10 16:30:00,Mallorca,Real Valladolid,1.75638,2.76393
SP1,2025-05-10 12:00:00,Valencia,Getafe,2.97396,0.590071
SP1,2025-05-11 16:30:00,Athletic Club,Alaves,1.35049,0.642793
SP1,2025-05-11 14:15:00,Barcelona,Real Madrid,4.10632,2.5616
SP1,2025-05-11 12:00:00,Leganes,Espanyol,2.05779,1.57739
SP1,2025-05-11 19:00:00,Real Betis,Osasuna,0.359348,2.2272
SP1,2025-05-13 18:00:00,Real Sociedad,Celta Vigo,3.31324,1.29945
SP1,2025-05-13 17:00:00,Real Valladolid,Girona,1.30694,1.56752
SP1,2025-05-13 19:30:00,Sevilla,Las Palmas,0.93125,0.399067
SP1,2025-05-14 17:00:00,Alaves,Valencia,2.06262,0.584778
SP1,2025-05-14 19:30:00,Real Madrid,Mallorca,3.46174,0.475193
SP1,2025-05-14 17:00:00,Villarreal,Leganes,2.28885,1.19032
SP1,2025-05-15 19:30:00,Espanyol,Barcelona,1.51531,0.735877
SP1,2025-05-15 19:30:00,Getafe,Athletic Club,0.73382,1.33336
SP1,2025-05-15 17:00:00,Osasuna,Atletico Madrid,1.07473,1.34093
SP1,2025-05-15 17:00:00,Rayo Vallecano,Real Betis,1.30199,1.17134
SP1,2025-05-18 17:00:00,Atletico Madrid,Real Betis,4.94276,0.821908
SP1,2025-05-18 17:00:00,Barcelona,Villarreal,1.569,1.96183
SP1,2025-05-18 17:00:00,Celta Vigo,Rayo Vallecano,2.4242,0.906857
SP1,2025-05-18 17:00:00,Las Palmas,Leganes,0.513718,1.06274
SP1,2025-05-18 17:00:00,Mallorca,Getafe,0.809089,1.55977
SP1,2025-05-18 17:00:00,Osasuna,Espanyol,1.92502,0.572332
SP1,2025-05-18 17:00:00,Real Sociedad,Girona,1.87253,1.64512
SP1,2025-05-18 17:00:00,Real Valladolid,Alaves,0.890453,1.22692
SP1,2025-05-18 17:00:00,Sevilla,Real Madrid,0.484891,1.95992
SP1,2025-05-18 17:00:00,Valencia,Athletic Club,0.388682,1.16214
SP1,2025-05-23 19:00:00,Real Betis,Valencia,1.15286,0.647724
SP1,2025-05-24 19:00:00,Alaves,Osasuna,1.57466,1.88098
SP1,2025-05-24 16:30:00,Espanyol,Las Palmas,1.72167,0.735505
SP1,2025-05-24 19:00:00,Getafe,Celta Vigo,0.35897,1.30818
SP1,2025-05-24 16:30:00,Leganes,Real Valladolid,1.74736,0.479375
SP1,2025-05-24 19:00:00,Rayo Vallecano,Mallorca,2.11982,0.747939
SP1,2025-05-24 14:15:00,Real Madrid,Real Sociedad,2.61915,1.18496
SP1,2025-05-25 19:00:00,Athletic Club,Barcelona,0.750806,3.36402
SP1,2025-05-25 12:00:00,Girona,Atletico Madrid,0.0503369,3.10637
SP1,2025-05-25 14:15:00,Villarreal,Sevilla,1.28805,1.64829
SP1,2025-08-15 17:00:00,Girona,Rayo Vallecano,0.795304,3.25355
SP1,2025-08-15 19:30:00,Villarreal,Real Oviedo,2.60739,0.85578
SP1,2025-08-16 19:30:00,Alaves,Levante,1.72315,0.74203
SP1,2025-08-16 17:30:00,Mallorca,Barcelona,0.529217,2.0243
SP1,2025-08-16 19:30:00,Valencia,Real Sociedad,1.58599,1.04897
SP1,2025-08-17 17:30:00,Athletic Club,Sevilla,2.67586,0.901645
SP1,2025-08-17 15:00:00,Celta Vigo,Getafe,0.744247,1.50131
SP1,2025-08-17 19:30:00,Espanyol,Atletico Madrid,1.41508,1.29319
SP1,2025-08-18 19:00:00,Elche,Real Betis,0.981494,1.59562
SP1,2025-08-19 19:00:00,Real Madrid,Osasuna,1.4294,0.201044
SP1,2025-08-22 19:30:00,Real Betis,Alaves,2.13985,1.43838
SP1,2025-08-23 17:30:00,Atletico Madrid,Elche,1.68159,0.313268
SP1,2025-08-23 19:30:00,Levante,Barcelona,2.68812,2.48128
SP1,2025-08-23 15:00:00,Mallorca,Celta Vigo,0.664974,0.917413
SP1,2025-08-24 15:00:00,Osasuna,Valencia,0.946758,0.589594
SP1,2025-08-24 19:30:00,Real Oviedo,Real Madrid,0.33749,1.82072
SP1,2025-08-24 17:30:00,Real Sociedad,Espanyol,1.43366,1.87234
SP1,2025-08-24 17:30:00,Villarreal,Girona,2.97707,0.140267
SP1,2025-08-25 17:30:00,Athletic Club,Rayo Vallecano,1.68759,0.493587
SP1,2025-08-25 19:30:00,Sevilla,Getafe,0.833075,1.32944
SP1,2025-08-27 19:00:00,Celta Vigo,Real Betis,0.905201,0.714458
SP1,2025-08-29 17:30:00,Elche,Levante,1.44309,0.969663
SP1,2025-08-29 19:30:00,Valencia,Getafe,1.54336,0.757418
SP1,2025-08-30 15:00:00,Alaves,Atletico Madrid,0.855094,0.960547
SP1,2025-08-30 17:30:00,Girona,Sevilla,2.00908,1.62032
SP1,2025-08-30 19:30:00,Real Madrid,Mallorca,1.84116,0.549872
SP1,2025-08-30 17:00:00,Real Oviedo,Real Sociedad,0.45706,0.92221
SP1,2025-08-31 15:00:00,Celta Vigo,Villarreal,0.876041,0.96978
SP1,2025-08-31 17:30:00,Espanyol,Osasuna,1.36886,1.38167
SP1,2025-08-31 19:30:00,Rayo Vallecano,Barcelona,1.87124,2.35774
SP1,2025-08-31 17:00:00,Real Betis,Athletic Club,0.716186,1.11141
SP1,2025-09-12 19:00:00,Sevilla,Elche,0.346397,0.781151
SP1,2025-09-13 16:30:00,Athletic Club,Alaves,0.866662,0.090756
SP1,2025-09-13 19:00:00,Atletico Madrid,Villarreal,1.5106,0.668177
SP1,2025-09-13 12:00:00,Getafe,Real Oviedo,0.954087,0.369812
SP1,2025-09-13 14:15:00,Real Sociedad,Real Madrid,3.14772,2.54171
SP1,2025-09-14 19:00:00,Barcelona,Valencia,3.46022,0.12495
SP1,2025-09-14 12:00:00,Celta Vigo,Girona,1.80278,1.41213
SP1,2025-09-14 14:15:00,Levante,Real Betis,1.02425,2.19546
SP1,2025-09-14 16:30:00,Osasuna,Rayo Vallecano,1.4012,0.979149
SP1,2025-09-15 19:00:00,Espanyol,Mallorca,2.67405,2.03185
SP1,2025-09-19 19:00:00,Real Betis,Real Sociedad,2.53579,0.606673
SP1,2025-09-20 16:30:00,Alaves,Sevilla,0.910257,0.891992
SP1,2025-09-20 12:00:00,Girona,Levante,0.423855,4.50183
SP1,2025-09-20 14:15:00,Real Madrid,Espanyol,2.06136,0.969443
SP1,2025-09-20 19:00:00,Valencia,Athletic Club,2.01007,0.499198
SP1,2025-09-20 16:30:00,Villarreal,Osasuna,3.56395,1.95599
SP1,2025-09-21 19:00:00,Barcelona,Getafe,2.96429,0.215949
SP1,2025-09-21 16:30:00,Elche,Real Oviedo,1.57497,1.10565
SP1,2025-09-21 14:15:00,Mallorca,Atletico Madrid,0.530939,2.08772
SP1,2025-09-21 12:00:00,Rayo Vallecano,Celta Vigo,1.3145,1.28175
SP1,2025-09-23 17:00:00,Athletic Club,Girona,2.02629,0.856618
SP1,2025-09-23 17:00:00,Espanyol,Valencia,3.31313,1.00785
SP1,2025-09-23 19:30:00,Levante,Real Madrid,1.70121,4.06315
SP1,2025-09-23 19:30:00,Sevilla,Villarreal,0.83617,2.40523
SP1,2025-09-24 19:30:00,Atletico Madrid,Rayo Vallecano,4.95017,1.61988
SP1,2025-09-24 17:00:00,Getafe,Alaves,0.576203,1.21176
SP1,2025-09-24 19:30:00,Real Sociedad,Mallorca,2.82857,0.641137
SP1,2025-09-25 17:30:00,Osasuna,Elche,1.17524,1.05089
SP1,2025-09-25 19:30:00,Real Oviedo,Barcelona,1.45014,2.07001
SP1,2025-09-26 19:00:00,Girona,Espanyol,1.07661,0.949116
SP1,2025-09-27 14:15:00,Atletico Madrid,Real Madrid,2.79075,1.02797
SP1,2025-09-27 12:00:00,Getafe,Levante,0.830967,1.27833
SP1,2025-09-27 16:30:00,Mallorca,Alaves,1.04267,0.566415
SP1,2025-09-27 19:00:00,Villarreal,Athletic Club,1.86396,1.56287
SP1,2025-09-28 16:30:00,Barcelona,Real Sociedad,3.00954,0.957079
SP1,2025-09-28 14:15:00,Elche,Celta Vigo,4.03596,0.821768
SP1,2025-09-28 12:00:00,Rayo Vallecano,Sevilla,1.89093,0.579597
SP1,2025-09-28 19:00:00,Real Betis,Osasuna,1.18955,0.578485
SP1,2025-09-29 19:00:00,Valencia,Real Oviedo,1.72261,0.997143
SP1,2025-10-03 19:00:00,Osasuna,Getafe,0.692026,0.856515
SP1,2025-10-04 16:30:00,Athletic Club,Mallorca,1.73351,0.213773
SP1,2025-10-04 14:15:00,Girona,Valencia,1.16415,2.22808
SP1,2025-10-04 19:00:00,Real Madrid,Villarreal,4.32336,0.956644
SP1,2025-10-04 12:00:00,Real Oviedo,Levante,1.08551,1.62121
SP1,2025-10-05 12:00:00,Alaves,Elche,2.85063,0.661537
SP1,2025-10-05 19:00:00,Celta Vigo,Atletico Madrid,2.27285,0.710823
SP1,2025-10-05 16:30:00,Espanyol,Real Betis,2.0699,1.43721
SP1,2025-10-05 16:30:00,Real Sociedad,Rayo Vallecano,0.768998,0.684504
SP1,2025-10-05 14:15:00,Sevilla,Barcelona,2.89414,2.4823
SP1,2025-10-17 19:00:00,Real Oviedo,Espanyol,1.21155,4.46256
SP1,2025-10-18 19:00:00,Atletico Madrid,Osasuna,2.24415,0.981492
SP1,2025-10-18 14:15:00,Barcelona,Girona,2.41958,1.69375
SP1,2025-10-18 12:00:00,Sevilla,Mallorca,1.25884,1.95555
SP1,2025-10-18 16:30:00,Villarreal,Real Betis,0.980598,0.895532
SP1,2025-10-19 14:15:00,Celta Vigo,Real Sociedad,0.717367,2.13562
SP1,2025-10-19 12:00:00,Elche,Athletic Club,0.823916,0.240214
SP1,2025-10-19 19:00:00,Getafe,Real Madrid,0.530119,2.14595
SP1,2025-10-19 16:30:00,Levante,Rayo Vallecano,0.940509,2.53118
SP1,2025-10-20 19:00:00,Alaves,Valencia,1.05624,0.318076
SP1,2025-10-24 19:00:00,Real Sociedad,Sevilla,1.64382,0.247146
SP1,2025-10-25 16:30:00,Athletic Club,Getafe,0.358524,1.00378
SP1,2025-10-25 14:15:00,Espanyol,Elche,1.70342,1.11414
SP1,2025-10-25 12:00:00,Girona,Real Oviedo,2.24132,2.22406
SP1,2025-10-25 19:00:00,Valencia,Villarreal,0.641435,2.62387
SP1,2025-10-26 13:00:00,Mallorca,Levante,1.86979,2.3579
SP1,2025-10-26 17:30:00,Osasuna,Celta Vigo,2.318,1.54054
SP1,2025-10-26 20:00:00,Rayo Vallecano,Alaves,1.54971,1.41466
SP1,2025-10-26 15:15:00,Real Madrid,Barcelona,3.41322,1.12434
SP1,2025-10-27 20:00:00,Real Betis,Atletico Madrid,1.33792,0.876554
SP1,2025-10-31 20:00:00,Getafe,Girona,1.40213,1.54366
SP1,2025-11-01 15:15:00,Atletico Madrid,Sevilla,2.98632,0.376887
SP1,2025-11-01 20:00:00,Real Madrid,Valencia,2.89965,0.292177
SP1,2025-11-01 17:30:00,Real Sociedad,Athletic Club,1.8412,1.13112
SP1,2025-11-01 13:00:00,Villarreal,Rayo Vallecano,2.7136,1.08632
SP1,2025-11-02 15:15:00,Alaves,Espanyol,2.18038,1.04283
SP1,2025-11-02 17:30:00,Barcelona,Elche,2.8073,0.549079
SP1,2025-11-02 13:00:00,Levante,Celta Vigo,1.23651,1.92474
SP1,2025-11-02 20:00:00,Real Betis,Mallorca,2.82134,0.749852
SP1,2025-11-03 20:00:00,Real Oviedo,Osasuna,0.717473,0.626317
SP1,2025-11-07 20:00:00,Elche,Real Sociedad,0.808307,1.47221
SP1,2025-11-08 17:30:00,Atletico Madrid,Levante,3.03599,1.29112
SP1,2025-11-08 20:00:00,Espanyol,Villarreal,0.476157,1.47118
SP1,2025-11-08 13:00:00,Girona,Alaves,1.26365,2.00772
SP1,2025-11-08 15:15:00,Sevilla,Osasuna,1.22271,0.967352
SP1,2025-11-09 13:00:00,Athletic Club,Real Oviedo,2.65219,0.182696
SP1,2025-11-09 20:00:00,Celta Vigo,Barcelona,0.512253,3.42936
SP1,2025-11-09 17:30:00,Mallorca,Getafe,1.30353,0.539674
SP1,2025-11-09 15:15:00,Rayo Vallecano,Real Madrid,1.60641,0.841463
SP1,2025-11-09 17:30:00,Valencia,Real Betis,1.95148,1.58932
SP1,2025-11-21 20:00:00,Valencia,Levante,1.65038,0.67426
SP1,2025-11-22 13:00:00,Alaves,Celta Vigo,0.3056,1.32351
SP1,2025-11-22 15:15:00,Barcelona,Athletic Club,2.32922,1.04615
SP1,2025-11-22 17:30:00,Osasuna,Real Sociedad,1.27964,1.76546
SP1,2025-11-22 20:00:00,Villarreal,Mallorca,2.6371,1.38464
SP1,2025-11-23 20:00:00,Elche,Real Madrid,1.59518,3.88258
SP1,2025-11-23 17:30:00,Getafe,Atletico Madrid,0.578828,1.47677
SP1,2025-11-23 15:15:00,Real Betis,Girona,1.5784,1.48903
SP1,2025-11-23 13:00:00,Real Oviedo,Rayo Vallecano,0.499406,0.922998
SP1,2025-11-24 20:00:00,Espanyol,Sevilla,1.16625,1.80002
SP1,2025-11-28 20:00:00,Getafe,Elche,1.34046,0.448894
SP1,2025-11-29 20:00:00,Atletico Madrid,Real Oviedo,2.40693,0.921985
SP1,2025-11-29 15:15:00,Barcelona,Alaves,2.51096,2.09256
SP1,2025-11-29 17:30:00,Levante,Athletic Club,1.20253,2.80864
SP1,2025-11-29 13:00:00,Mallorca,Osasuna,1.10581,1.11108
SP1,2025-11-30 17:30:00,Celta Vigo,Espanyol,0.635572,0.599243
SP1,2025-11-30 20:00:00,Girona,Real Madrid,1.05171,2.21359
SP1,2025-11-30 13:00:00,Real Sociedad,Villarreal,1.3715,1.63038
SP1,2025-11-30 15:15:00,Sevilla,Real Betis,0.735196,1.17861
SP1,2025-12-01 20:00:00,Rayo Vallecano,Valencia,2.13298,0.897663
SP1,2025-12-02 20:00:00,Barcelona,Atletico Madrid,3.46121,1.35018
SP1,2025-12-03 18:00:00,Athletic Club,Real Madrid,0.917315,2.36743
SP1,2025-12-05 20:00:00,Real Oviedo,Mallorca,1.60009,0.617185
SP1,2025-12-06 15:15:00,Alaves,Real Sociedad,1.88765,1.09935
SP1,2025-12-06 20:00:00,Athletic Club,Atletico Madrid,1.18636,0.771885
SP1,2025-12-06 17:30:00,Real Betis,Barcelona,2.74214,3.30288
SP1,2025-12-06 13:00:00,Villarreal,Getafe,0.816941,0.282254
SP1,2025-12-07 13:00:00,Elche,Girona,1.59513,0.781043
SP1,2025-12-07 17:30:00,Espanyol,Rayo Vallecano,1.57985,0.285545
SP1,2025-12-07 20:00:00,Real Madrid,Celta Vigo,2.41681,1.60908
SP1,2025-12-07 15:15:00,Valencia,Sevilla,1.23901,0.635478
SP1,2025-12-08 20:00:00,Osasuna,Levante,1.74988,0.544977
SP1,2025-12-12 20:00:00,Real Sociedad,Girona,1.02349,1.16894
SP1,2025-12-13 13:00:00,Atletico Madrid,Valencia,2.07076,1.26068
SP1,2025-12-13 17:30:00,Barcelona,Osasuna,2.14468,0.228217
SP1,2025-12-13 20:00:00,Getafe,Espanyol,0.305925,0.75472
SP1,2025-12-13 15:15:00,Mallorca,Elche,2.581,0.311674
SP1,2025-12-14 20:00:00,Alaves,Real Madrid,1.313,1.90656
SP1,2025-12-14 15:15:00,Celta Vigo,Athletic Club,1.97074,1.66561
SP1,2025-12-14 13:00:00,Sevilla,Real Oviedo,2.31899,0.416975
SP1,2025-12-15 20:00:00,Rayo Vallecano,Real Betis,2.1848,0.788766
SP1,2025-12-19 20:00:00,Valencia,Mallorca,2.16012,0.199412
SP1,2025-12-20 15:15:00,Levante,Real Sociedad,1.22005,1.62986
SP1,2025-12-20 17:30:00,Osasuna,Alaves,2.39145,0.718671
SP1,2025-12-20 20:00:00,Real Madrid,Sevilla,4.00139,1.51418
SP1,2025-12-20 13:00:00,Real Oviedo,Celta Vigo,0.517531,0.600009
SP1,2025-12-21 17:30:00,Elche,Rayo Vallecano,3.66996,1.14923
SP1,2025-12-21 13:00:00,Girona,Atletico Madrid,1.11565,1.26201
SP1,2025-12-21 20:00:00,Real Betis,Getafe,3.46022,1.24726
SP1,2025-12-21 15:15:00,Villarreal,Barcelona,2.16466,3.27381
SP1,2025-12-22 20:00:00,Athletic Club,Espanyol,1.72282,0.908988
SP1,2026-01-02 20:00:00,Rayo Vallecano,Getafe,0.662324,0.663898
SP1,2026-01-03 13:00:00,Celta Vigo,Valencia,2.59029,1.79296
SP1,2026-01-03 17:30:00,Elche,Villarreal,1.52119,2.635
SP1,2026-01-03 20:00:00,Espanyol,Barcelona,1.79661,2.94252
SP1,2026-01-03 15:15:00,Osasuna,Athletic Club,0.868051,1.554
SP1,2026-01-04 17:30:00,Alaves,Real Oviedo,1.56756,3.21906
SP1,2026-01-04 17:30:00,Mallorca,Girona,1.48338,1.45714
SP1,2026-01-04 15:15:00,Real Madrid,Real Betis,3.0073,0.974623
SP1,2026-01-04 20:00:00,Real Sociedad,Atletico Madrid,1.70649,1.37325
SP1,2026-01-04 13:00:00,Sevilla,Levante,1.66562,1.65102
SP1,2026-01-09 20:00:00,Getafe,Real Sociedad,0.240168,1.25801
SP1,2026-01-10 17:30:00,Girona,Osasuna,0.984024,1.22674
SP1,2026-01-10 13:00:00,Real Oviedo,Real Betis,1.01026,2.70809
SP1,2026-01-10 20:00:00,Valencia,Elche,2.04147,0.244413
SP1,2026-01-10 15:15:00,Villarreal,Alaves,1.38322,0.844572
SP1,2026-01-11 15:15:00,Levante,Espanyol,1.18232,1.58922
SP1,2026-01-11 13:00:00,Rayo Vallecano,Mallorca,2.05105,1.05743
SP1,2026-01-12 20:00:00,Sevilla,Celta Vigo,0.262521,2.07629
SP1,2026-01-16 20:00:00,Espanyol,Girona,1.26738,1.82377
SP1,2026-01-17 15:15:00,Mallorca,Athletic Club,3.11432,2.28242
SP1,2026-01-17 17:30:00,Osasuna,Real Oviedo,2.03551,1.36173
SP1,2026-01-17 20:00:00,Real Betis,Villarreal,1.34951,1.17907
SP1,2026-01-17 13:00:00,Real Madrid,Levante,2.54865,0.787501
SP1,2026-01-18 15:15:00,Atletico Madrid,Alaves,1.7743,1.21004
SP1,2026-01-18 17:30:00,Celta Vigo,Rayo Vallecano,1.90274,1.31932
SP1,2026-01-18 13:00:00,Getafe,Valencia,0.584591,0.746856
SP1,2026-01-18 20:00:00,Real Sociedad,Barcelona,1.55875,3.92031
SP1,2026-01-19 20:00:00,Elche,Sevilla,1.48075,2.4961
SP1,2026-01-23 20:00:00,Levante,Elche,3.24455,0.632971
SP1,2026-01-24 13:00:00,Rayo Vallecano,Osasuna,0.669564,1.36861
SP1,2026-01-24 17:30:00,Sevilla,Athletic Club,1.43055,1.91259
SP1,2026-01-24 15:15:00,Valencia,Espanyol,2.76956,1.75941
SP1,2026-01-24 20:00:00,Villarreal,Real Madrid,0.952831,1.62206
SP1,2026-01-25 20:00:00,Alaves,Real Betis,1.67102,1.78662
SP1,2026-01-25 13:00:00,Atletico Madrid,Mallorca,1.42501,0.367893
SP1,2026-01-25 15:15:00,Barcelona,Real Oviedo,2.59917,0.486404
SP1,2026-01-25 17:30:00,Real Sociedad,Celta Vigo,2.15496,1.63115
SP1,2026-01-26 20:00:00,Girona,Getafe,1.01571,1.1089
SP1,2026-01-30 20:00:00,Espanyol,Alaves,1.20096,1.32248
SP1,2026-01-31 20:00:00,Elche,Barcelona,0.839,7.11049
SP1,2026-01-31 17:30:00,Levante,Atletico Madrid,0.41109,0.615283
SP1,2026-01-31 15:15:00,Osasuna,Villarreal,2.13467,0.911128
SP1,2026-01-31 13:00:00,Real Oviedo,Girona,1.26601,0.664225
SP1,2026-02-01 20:00:00,Athletic Club,Real Sociedad,0.893754,1.58578
SP1,2026-02-01 17:30:00,Getafe,Celta Vigo,0.499866,0.256881
SP1,2026-02-01 15:15:00,Real Betis,Valencia,2.16883,1.88674
SP1,2026-02-01 13:00:00,Real Madrid,Rayo Vallecano,2.30208,1.06935
SP1,2026-02-02 20:00:00,Mallorca,Sevilla,3.04346,1.24318
SP1,2026-02-06 20:00:00,Celta Vigo,Osasuna,2.0351,1.00253
SP1,2026-02-07 15:15:00,Barcelona,Mallorca,2.48168,1.01087
SP1,2026-02-07 20:00:00,Real Sociedad,Elche,1.7719,1.08664
SP1,2026-02-08 13:00:00,Alaves,Getafe,3.01162,1.7859
SP1,2026-02-08 15:15:00,Athletic Club,Levante,2.77377,0.615311
SP1,2026-02-08 17:30:00,Atletico Madrid,Real Betis,0.625525,0.839838
SP1,2026-02-08 15:15:00,Sevilla,Girona,0.958247,2.60199
SP1,2026-02-08 20:00:00,Valencia,Real Madrid,0.571838,1.04576
SP1,2026-02-09 20:00:00,Villarreal,Espanyol,1.53925,0.744747
SP1,2026-02-13 20:00:00,Elche,Osasuna,2.33332,0.81264
SP1,2026-02-14 13:00:00,Espanyol,Celta Vigo,1.16112,2.81494
SP1,2026-02-14 15:15:00,Getafe,Villarreal,1.61761,0.969388
SP1,2026-02-14 20:00:00,Real Madrid,Real Sociedad,3.05918,1.66018
SP1,2026-02-14 17:30:00,Sevilla,Alaves,0.354256,1.38983
SP1,2026-02-15 17:30:00,Levante,Valencia,1.45737,0.743814
SP1,2026-02-15 20:00:00,Mallorca,Real Betis,0.731317,2.04841
SP1,2026-02-15 15:15:00,Rayo Vallecano,Atletico Madrid,2.75329,0.752854
SP1,2026-02-15 13:00:00,Real Oviedo,Athletic Club,0.861013,1.20566
SP1,2026-02-16 20:00:00,Girona,Barcelona,2.8897,2.69655
SP1,2026-02-18 19:00:00,Levante,Villarreal,0.774339,2.40024
SP1,2026-02-20 20:00:00,Athletic Club,Elche,3.38352,0.783583
SP1,2026-02-21 20:00:00,Atletico Madrid,Espanyol,3.28587,1.04114
SP1,2026-02-21 17:30:00,Osasuna,Real Madrid,2.31248,2.02307
SP1,2026-02-21 15:15:00,Real Betis,Rayo Vallecano,2.13548,1.30345
SP1,2026-02-21 13:00:00,Real Sociedad,Real Oviedo,2.77486,1.75088
SP1,2026-02-22 15:15:00,Barcelona,Levante,4.24402,0.602552
SP1,2026-02-22 17:30:00,Celta Vigo,Mallorca,2.93904,0.0207331
SP1,2026-02-22 13:00:00,Getafe,Sevilla,0.250539,0.283172
SP1,2026-02-22 20:00:00,Villarreal,Valencia,2.38144,1.91256
SP1,2026-02-23 20:00:00,Alaves,Girona,2.1366,2.05717
SP1,2026-02-27 20:00:00,Levante,Alaves,2.77253,1.29855
SP1,2026-02-28 15:15:00,Barcelona,Villarreal,3.54743,1.36182
SP1,2026-02-28 17:30:00,Mallorca,Real Sociedad,0.754182,0.929702
SP1,2026-02-28 13:00:00,Rayo Vallecano,Athletic Club,1.35951,0.428457
SP1,2026-02-28 20:00:00,Real Oviedo,Atletico Madrid,1.50089,0.853142
SP1,2026-03-01 13:00:00,Elche,Espanyol,1.82376,0.834858
SP1,2026-03-01 20:00:00,Girona,Celta Vigo,1.57036,0.697106
SP1,2026-03-01 17:30:00,Real Betis,Sevilla,1.48441,0.656164
SP1,2026-03-01 15:15:00,Valencia,Osasuna,1.31076,0.259132
SP1,2026-03-02 20:00:00,Real Madrid,Getafe,2.02274,0.476324
SP1,2026-03-04 18:00:00,Rayo Vallecano,Real Oviedo,2.55086,1.01052
SP1,2026-03-06 20:00:00,Celta Vigo,Real Madrid,0.910298,0.637644
SP1,2026-03-07 20:00:00,Athletic Club,Barcelona,1.04698,0.560009
SP1,2026-03-07 17:30:00,Atletico Madrid,Real Sociedad,3.57972,0.313932
SP1,2026-03-07 15:15:00,Levante,Girona,0.819009,1.917
SP1,2026-03-07 13:00:00,Osasuna,Mallorca,3.09031,1.03165
SP1,2026-03-08 15:15:00,Getafe,Real Betis,0.821088,1.24912
SP1,2026-03-08 17:30:00,Sevilla,Rayo Vallecano,1.14573,0.211673
SP1,2026-03-08 20:00:00,Valencia,Alaves,2.51657,1.60795
SP1,2026-03-08 13:00:00,Villarreal,Elche,2.30632,1.62051
SP1,2026-03-09 20:00:00,Espanyol,Real Oviedo,1.55092,0.886689
SP1,2026-03-13 20:00:00,Alaves,Villarreal,0.287232,0.873846
SP1,2026-03-14 15:15:00,Atletico Madrid,Getafe,2.14469,1.58248
SP1,2026-03-14 13:00:00,Girona,Athletic Club,2.19442,1.97271
SP1,2026-03-14 20:00:00,Real Madrid,Elche,1.72531,1.3711
SP1,2026-03-14 17:30:00,Real Oviedo,Valencia,1.8648,0.486871
SP1,2026-03-15 15:15:00,Barcelona,Sevilla,3.8639,1.04304
SP1,2026-03-15 13:00:00,Mallorca,Espanyol,2.1497,1.35243
SP1,2026-03-15 17:30:00,Real Betis,Celta Vigo,1.87752,0.646702
SP1,2026-03-15 20:00:00,Real Sociedad,Osasuna,2.91429,0.615126
SP1,2026-03-16 20:00:00,Rayo Vallecano,Levante,1.68134,1.45599
SP1,2026-03-20 20:00:00,Villarreal,Real Sociedad,3.35586,0.894953
SP1,2026-03-21 13:00:00,Elche,Mallorca,1.51605,1.51939
SP1,2026-03-21 15:15:00,Espanyol,Getafe,1.51208,2.06384
SP1,2026-03-21 17:30:00,Levante,Real Oviedo,2.92669,1.33569
SP1,2026-03-21 17:30:00,Osasuna,Girona,2.26232,0.232115
SP1,2026-03-21 20:00:00,Sevilla,Valencia,0.505411,1.7133
SP1,2026-03-22 17:30:00,Athletic Club,Real Betis,1.92715,0.591202
SP1,2026-03-22 13:00:00,Barcelona,Rayo Vallecano,1.92205,2.19631
SP1,2026-03-22 15:15:00,Celta Vigo,Alaves,1.70969,1.67221
SP1,2026-03-22 20:00:00,Real Madrid,Atletico Madrid,2.96605,1.40234
SP1,2026-04-03 19:00:00,Rayo Vallecano,Elche,1.51493,0.601974
SP1,2026-04-04 19:00:00,Atletico Madrid,Barcelona,0.919286,2.68584
SP1,2026-04-04 14:15:00,Mallorca,Real Madrid,1.03875,1.51454
SP1,2026-04-04 16:30:00,Real Betis,Espanyol,2.00215,0.144091
SP1,2026-04-04 12:00:00,Real Sociedad,Levante,2.96404,0.320219
SP1,2026-04-05 19:00:00,Alaves,Osasuna,1.65967,1.61149
SP1,2026-04-05 12:00:00,Getafe,Athletic Club,1.96345,0.524379
SP1,2026-04-05 16:30:00,Real Oviedo,Sevilla,0.785105,0.840736
SP1,2026-04-05 14:15:00,Valencia,Celta Vigo,0.720964,1.457
SP1,2026-04-06 19:00:00,Girona,Villarreal,0.653493,0.443518
SP1,2026-04-10 19:00:00,Real Madrid,Girona,1.98086,0.46667
SP1,2026-04-11 16:30:00,Barcelona,Espanyol,3.30789,1.13134
SP1,2026-04-11 14:15:00,Elche,Valencia,1.03489,2.76889
SP1,2026-04-11 12:00:00,Real Sociedad,Alaves,1.295,1.206
SP1,2026-04-11 19:00:00,Sevilla,Atletico Madrid,1.6578,0.855474
SP1,2026-04-12 19:00:00,Athletic Club,Villarreal,1.31935,1.55144
SP1,2026-04-12 16:30:00,Celta Vigo,Real Oviedo,1.15878,2.12846
SP1,2026-04-12 14:15:00,Mallorca,Rayo Vallecano,2.54659,1.97051
SP1,2026-04-12 12:00:00,Osasuna,Real Betis,1.52928,0.411183
SP1,2026-04-13 19:00:00,Levante,Getafe,3.32797,0.290983
SP1,2026-04-21 18:00:00,Athletic Club,Osasuna,0.49013,1.39553
SP1,2026-04-21 19:30:00,Girona,Real Betis,1.72891,1.24954
SP1,2026-04-21 18:00:00,Mallorca,Valencia,2.24468,1.39393
SP1,2026-04-21 19:30:00,Real Madrid,Alaves,1.504,1.62967
SP1,2026-04-22 19:30:00,Barcelona,Celta Vigo,1.54451,1.07392
SP1,2026-04-22 17:00:00,Elche,Atletico Madrid,3.62854,0.846836
SP1,2026-04-22 18:00:00,Real Sociedad,Getafe,1.90157,0.215233
SP1,2026-04-23 17:00:00,Levante,Sevilla,1.2081,0.444478
SP1,2026-04-23 18:00:00,Rayo Vallecano,Espanyol,2.06977,1.68535
SP1,2026-04-23 19:30:00,Real Oviedo,Villarreal,2.52849,3.25021
SP1,2026-04-24 19:00:00,Real Betis,Real Madrid,1.01953,1.09576
SP1,2026-04-25 12:00:00,Alaves,Mallorca,1.40767,0.221499
SP1,2026-04-25 19:00:00,Atletico Madrid,Athletic Club,2.47955,0.970599
SP1,2026-04-25 14:15:00,Getafe,Barcelona,0.607664,2.05171
SP1,2026-04-25 16:30:00,Valencia,Girona,2.31263,1.38799
SP1,2026-04-26 16:30:00,Osasuna,Sevilla,2.14254,0.553816
SP1,2026-04-26 12:00:00,Rayo Vallecano,Real Sociedad,3.18496,2.39684
SP1,2026-04-26 14:15:00,Real Oviedo,Elche,0.772271,0.621829
SP1,2026-04-26 19:00:00,Villarreal,Celta Vigo,2.409,2.05297
SP1,2026-04-27 19:00:00,Espanyol,Levante,0.853225,1.38559
SP1,2026-05-01 19:00:00,Girona,Mallorca,1.77655,1.30537
SP1,2026-05-02 16:30:00,Alaves,Athletic Club,0.613172,0.895921
SP1,2026-05-02 19:00:00,Osasuna,Barcelona,1.28813,1.56763
SP1,2026-05-02 14:15:00,Valencia,Atletico Madrid,0.778471,1.80568
SP1,2026-05-02 12:00:00,Villarreal,Levante,2.47953,0.801231
SP1,2026-05-03 12:00:00,Celta Vigo,Elche,1.4443,1.64767
SP1,2026-05-03 19:00:00,Espanyol,Real Madrid,1.09007,1.5023
SP1,2026-05-03 14:15:00,Getafe,Rayo Vallecano,1.35219,0.954171
SP1,2026-05-03 16:30:00,Real Betis,Real Oviedo,1.86882,1.14971
SP1,2026-05-04 19:00:00,Sevilla,Real Sociedad,1.32018,0.166837
SP1,2026-05-08 19:00:00,Levante,Osasuna,3.53052,0.500111
SP1,2026-05-09 16:30:00,Atletico Madrid,Celta Vigo,2.78506,0.292392
SP1,2026-05-09 12:00:00,Elche,Alaves,2.08849,2.45633
SP1,2026-05-09 19:00:00,Real Sociedad,Real Betis,2.66557,1.78903
SP1,2026-05-09 14:15:00,Sevilla,Espanyol,1.41747,0.402373
SP1,2026-05-10 14:15:00,Athletic Club,Valencia,0.935199,1.49759
SP1,2026-05-10 19:00:00,Barcelona,Real Madrid,1.72002,0.562101
SP1,2026-05-10 12:00:00,Mallorca,Villarreal,1.54058,0.9943
SP1,2026-05-10 16:30:00,Real Oviedo,Getafe,0.570226,1.40609
SP1,2026-05-11 19:00:00,Rayo Vallecano,Girona,1.79488,1.12895
SP1,2026-05-12 17:00:00,Celta Vigo,Levante,1.92053,1.52943
SP1,2026-05-12 19:30:00,Osasuna,Atletico Madrid,2.41049,1.8226
SP1,2026-05-12 18:00:00,Real Betis,Elche,1.97559,0.342743
SP1,2026-05-13 19:30:00,Alaves,Barcelona,0.95347,0.356356
SP1,2026-05-13 17:00:00,Espanyol,Athletic Club,0.8471,0.886467
SP1,2026-05-13 19:30:00,Getafe,Mallorca,1.82108,0.412059
SP1,2026-05-13 17:00:00,Villarreal,Sevilla,0.952333,0.917489
SP1,2026-05-14 18:00:00,Girona,Real Sociedad,2.68586,0.553216
SP1,2026-05-14 19:30:00,Real Madrid,Real Oviedo,1.74088,1.18679
SP1,2026-05-14 17:00:00,Valencia,Rayo Vallecano,0.938336,1.53041
SP1,2026-05-17 17:00:00,Athletic Club,Celta Vigo,2.90368,0.307867
SP1,2026-05-17 17:00:00,Atletico Madrid,Girona,2.70772,2.0015
SP1,2026-05-17 17:00:00,Barcelona,Real Betis,1.59946,0.985477
SP1,2026-05-17 17:00:00,Elche,Getafe,0.691836,0.0944069
SP1,2026-05-17 17:00:00,Levante,Mallorca,2.43681,0.438978
SP1,2026-05-17 17:00:00,Osasuna,Espanyol,1.81152,0.947142
SP1,2026-05-17 17:00:00,Rayo Vallecano,Villarreal,1.92496,0.654975
SP1,2026-05-17 17:00:00,Real Oviedo,Alaves,0.631265,1.28286
SP1,2026-05-17 17:00:00,Real Sociedad,Valencia,1.30267,1.99329
SP1,2026-05-17 17:00:00,Sevilla,Real Madrid,0.683481,1.47378
SP1,2026-05-23 19:00:00,Alaves,Rayo Vallecano,1.72468,1.64691
SP1,2026-05-23 19:00:00,Celta Vigo,Sevilla,1.61801,0.755735
SP1,2026-05-23 19:00:00,Espanyol,Real Sociedad,2.14307,1.23238
SP1,2026-05-23 19:00:00,Getafe,Osasuna,0.264137,0.800038
SP1,2026-05-23 19:00:00,Girona,Elche,0.668034,0.495408
SP1,2026-05-23 19:00:00,Mallorca,Real Oviedo,3.50774,0.243154
SP1,2026-05-23 19:00:00,Real Betis,Levante,1.8664,2.36717
SP1,2026-05-23 19:00:00,Real Madrid,Athletic Club,1.95397,1.4543
SP1,2026-05-23 19:00:00,Valencia,Barcelona,1.83367,1.29336
SP1,2026-05-24 19:00:00,Villarreal,Atletico Madrid,2.80441,1.58431
D1,2023-08-18 18:30:00,Werder Bremen,Bayern Munich,0.63974,2.89704
D1,2023-08-19 13:30:00,Augsburg,Borussia M.Gladbach,2.53482,1.91849
D1,2023-08-19 13:30:00,Bayer Leverkusen,RasenBallsport Leipzig,1.73279,1.60393
D1,2023-08-19 16:30:00,Borussia Dortmund,FC Cologne,1.72317,1.51393
D1,2023-08-19 13:30:00,Hoffenheim,Freiburg,1.67186,3.24821
D1,2023-08-19 13:30:00,VfB Stuttgart,Bochum,3.98664,0.669108
D1,2023-08-19 13:30:00,Wolfsburg,FC Heidenheim,3.21449,1.17776
D1,2023-08-20 15:30:00,Eintracht Frankfurt,Darmstadt,1.2399,0.813333
D1,2023-08-20 13:30:00,Union Berlin,Mainz 05,2.11281,2.51995
D1,2023-08-25 18:30:00,RasenBallsport Leipzig,VfB Stuttgart,2.0934,1.18326
D1,2023-08-26 13:30:00,Bochum,Borussia Dortmund,1.01164,1.17241
D1,2023-08-26 16:30:00,Borussia M.Gladbach,Bayer Leverkusen,1.76423,3.65301
D1,2023-08-26 13:30:00,Darmstadt,Union Berlin,2.59994,1.6379
D1,2023-08-26 13:30:00,FC Cologne,Wolfsburg,0.64301,2.26952
D1,2023-08-26 13:30:00,FC Heidenheim,Hoffenheim,2.72999,2.75768
D1,2023-08-26 13:30:00,Freiburg,Werder Bremen,1.71877,0.696983
D1,2023-08-27 15:30:00,Bayern Munich,Augsburg,2.82296,0.726241
D1,2023-08-27 13:30:00,Mainz 05,Eintracht Frankfurt,1.44234,1.15731
D1,2023-09-01 18:30:00,Borussia Dortmund,FC Heidenheim,2.74794,2.09517
D1,2023-09-02 13:30:00,Augsburg,Bochum,1.88106,1.86494
D1,2023-09-02 13:30:00,Bayer Leverkusen,Darmstadt,3.42599,0.681851
D1,2023-09-02 16:30:00,Borussia M.Gladbach,Bayern Munich,0.201237,2.14949
D1,2023-09-02 13:30:00,Hoffenheim,Wolfsburg,1.78689,1.4154
D1,2023-09-02 13:30:00,VfB Stuttgart,Freiburg,2.09598,1.50372
D1,2023-09-02 13:30:00,Werder Bremen,Mainz 05,3.01318,0.65805
D1,2023-09-03 13:30:00,Eintracht Frankfurt,FC Cologne,1.2824,0.931141
D1,2023-09-03 15:30:00,Union Berlin,RasenBallsport Leipzig,0.17815,1.21402
D1,2023-09-15 18:30:00,Bayern Munich,Bayer Leverkusen,2.74374,2.4584
D1,2023-09-16 16:30:00,Bochum,Eintracht Frankfurt,2.17324,0.737999
D1,2023-09-16 13:30:00,FC Cologne,Hoffenheim,1.19432,1.06988
D1,2023-09-16 13:30:00,Freiburg,Borussia Dortmund,1.14667,3.37255
D1,2023-09-16 13:30:00,Mainz 05,VfB Stuttgart,1.16545,2.06366
D1,2023-09-16 13:30:00,RasenBallsport Leipzig,Augsburg,1.46279,1.34046
D1,2023-09-16 13:30:00,Wolfsburg,Union Berlin,0.566932,1.56941
D1,2023-09-17 15:30:00,Darmstadt,Borussia M.Gladbach,1.328,3.49324
D1,2023-09-17 13:30:00,FC Heidenheim,Werder Bremen,1.96235,2.55978
D1,2023-09-22 18:30:00,VfB Stuttgart,Darmstadt,3.04946,0.272376
D1,2023-09-23 13:30:00,Augsburg,Mainz 05,1.04683,0.487325
D1,2023-09-23 13:30:00,Bayern Munich,Bochum,6.02607,0.0892044
D1,2023-09-23 13:30:00,Borussia Dortmund,Wolfsburg,2.16482,0.343309
D1,2023-09-23 13:30:00,Borussia M.Gladbach,RasenBallsport Leipzig,0.771966,1.03744
D1,2023-09-23 13:30:00,Union Berlin,Hoffenheim,1.62442,2.15364
D1,2023-09-23 16:30:00,Werder Bremen,FC Cologne,1.59965,1.98951
D1,2023-09-24 13:30:00,Bayer Leverkusen,FC Heidenheim,3.97445,0.659741
D1,2023-09-24 15:30:00,Eintracht Frankfurt,Freiburg,0.754063,0.407479
D1,2023-09-29 18:30:00,Hoffenheim,Borussia Dortmund,1.85129,1.69401
D1,2023-09-30 13:30:00,Bochum,Borussia M.Gladbach,1.46515,2.86793
D1,2023-09-30 13:30:00,FC Cologne,VfB Stuttgart,0.803426,2.06666
D1,2023-09-30 13:30:00,FC Heidenheim,Union Berlin,0.542933,2.1613
D1,2023-09-30 13:30:00,Mainz 05,Bayer Leverkusen,0.388975,0.811962
D1,2023-09-30 16:30:00,RasenBallsport Leipzig,Bayern Munich,0.793383,1.95099
D1,2023-09-30 13:30:00,Wolfsburg,Eintracht Frankfurt,2.77737,1.09205
D1,2023-10-01 13:30:00,Darmstadt,Werder Bremen,2.34923,1.54627
D1,2023-10-01 15:30:00,Freiburg,Augsburg,1.2721,1.00081
D1,2023-10-06 18:30:00,Borussia M.Gladbach,Mainz 05,3.01512,1.21309
D1,2023-10-07 13:30:00,Augsburg,Darmstadt,1.18473,1.96153
D1,2023-10-07 13:30:00,Borussia Dortmund,Union Berlin,1.76935,1.5245
D1,2023-10-07 13:30:00,RasenBallsport Leipzig,Bochum,2.22631,0.741054
D1,2023-10-07 13:30:00,VfB Stuttgart,Wolfsburg,3.02575,1.06355
D1,2023-10-07 16:30:00,Werder Bremen,Hoffenheim,1.03064,1.52805
D1,2023-10-08 13:30:00,Bayer Leverkusen,FC Cologne,3.72502,1.41915
D1,2023-10-08 15:30:00,Bayern Munich,Freiburg,2.37438,0.0704987
D1,2023-10-08 17:30:00,Eintracht Frankfurt,FC Heidenheim,1.83609,0.625618
D1,2023-10-20 18:30:00,Borussia Dortmund,Werder Bremen,2.7285,0.53973
D1,2023-10-21 13:30:00,Darmstadt,RasenBallsport Leipzig,1.68331,1.83161
D1,2023-10-21 13:30:00,Freiburg,Bochum,2.5274,1.37705
D1,2023-10-21 13:30:00,Hoffenheim,Eintracht Frankfurt,1.13281,2.13235
D1,2023-10-21 16:30:00,Mainz 05,Bayern Munich,0.975025,1.68693
D1,2023-10-21 13:30:00,Union Berlin,VfB Stuttgart,0.573025,1.87513
D1,2023-10-21 13:30:00,Wolfsburg,Bayer Leverkusen,1.3318,2.27695
D1,2023-10-22 13:30:00,FC Cologne,Borussia M.Gladbach,2.72755,0.407008
D1,2023-10-22 15:30:00,FC Heidenheim,Augsburg,1.99327,2.82353
D1,2023-10-27 18:30:00,Bochum,Mainz 05,2.13405,0.443599
D1,2023-10-28 13:30:00,Augsburg,Wolfsburg,1.59374,1.25516
D1,2023-10-28 13:30:00,Bayern Munich,Darmstadt,5.884,0.924873
D1,2023-10-28 13:30:00,Borussia M.Gladbach,FC Heidenheim,0.981009,0.395956
D1,2023-10-28 16:30:00,RasenBallsport Leipzig,FC Cologne,4.85886,1.32863
D1,2023-10-28 13:30:00,VfB Stuttgart,Hoffenheim,3.15109,1.74412
D1,2023-10-28 13:30:00,Werder Bremen,Union Berlin,0.690799,0.368624
D1,2023-10-29 16:30:00,Bayer Leverkusen,Freiburg,1.60773,1.02333
D1,2023-10-29 14:30:00,Eintracht Frankfurt,Borussia Dortmund,3.67492,2.41687
D1,2023-11-03 19:30:00,Darmstadt,Bochum,0.854923,1.56273
D1,2023-11-04 17:30:00,Borussia Dortmund,Bayern Munich,1.47623,2.86067
D1,2023-11-04 14:30:00,FC Cologne,Augsburg,2.22618,2.54685
D1,2023-11-04 14:30:00,Freiburg,Borussia M.Gladbach,3.3903,1.92375
D1,2023-11-04 14:30:00,Hoffenheim,Bayer Leverkusen,1.27214,1.05046
D1,2023-11-04 14:30:00,Mainz 05,RasenBallsport Leipzig,1.49686,0.507864
D1,2023-11-04 14:30:00,Union Berlin,Eintracht Frankfurt,1.066,1.56887
D1,2023-11-05 16:30:00,FC Heidenheim,VfB Stuttgart,0.78335,2.57296
D1,2023-11-05 14:30:00,Wolfsburg,Werder Bremen,1.81371,1.40324
D1,2023-11-10 19:30:00,Borussia M.Gladbach,Wolfsburg,2.094,0.500797
D1,2023-11-11 14:30:00,Augsburg,Hoffenheim,0.937133,0.897413
D1,2023-11-11 14:30:00,Bayern Munich,FC Heidenheim,2.60786,1.04526
D1,2023-11-11 17:30:00,Bochum,FC Cologne,5.05629,1.07591
D1,2023-11-11 14:30:00,Darmstadt,Mainz 05,0.449952,0.624718
D1,2023-11-11 14:30:00,VfB Stuttgart,Borussia Dortmund,4.1718,0.7643
D1,2023-11-12 14:30:00,Bayer Leverkusen,Union Berlin,3.04223,0.0283806
D1,2023-11-12 19:30:00,RasenBallsport Leipzig,Freiburg,1.90144,0.398988
D1,2023-11-12 16:30:00,Werder Bremen,Eintracht Frankfurt,1.93909,2.02339
D1,2023-11-24 19:30:00,FC Cologne,Bayern Munich,0.189125,3.8999
D1,2023-11-25 14:30:00,Borussia Dortmund,Borussia M.Gladbach,3.36754,0.789918
D1,2023-11-25 17:30:00,Eintracht Frankfurt,VfB Stuttgart,0.787582,2.29764
D1,2023-11-25 14:30:00,Freiburg,Darmstadt,1.34505,0.34181
D1,2023-11-25 14:30:00,Union Berlin,Augsburg,2.40798,1.84043
D1,2023-11-25 14:30:00,Werder Bremen,Bayer Leverkusen,0.306657,1.7528
D1,2023-11-25 14:30:00,Wolfsburg,RasenBallsport Leipzig,0.634004,2.90646
D1,2023-11-26 14:30:00,FC Heidenheim,Bochum,0.748895,0.359399
D1,2023-11-26 16:30:00,Hoffenheim,Mainz 05,0.7002,1.96701
D1,2023-12-01 18:30:00,Darmstadt,FC Cologne,0.61755,1.30112
D1,2023-12-02 14:30:00,Bochum,Wolfsburg,2.07603,1.03452
D1,2023-12-02 14:30:00,Borussia M.Gladbach,Hoffenheim,1.60234,1.33696
D1,2023-12-02 14:30:00,RasenBallsport Leipzig,FC Heidenheim,4.71075,1.17851
D1,2023-12-02 17:30:00,VfB Stuttgart,Werder Bremen,4.01803,0.65905
D1,2023-12-03 18:30:00,Augsburg,Eintracht Frankfurt,1.95055,0.906933
D1,2023-12-03 16:30:00,Bayer Leverkusen,Borussia Dortmund,1.96389,1.26088
D1,2023-12-03 14:30:00,Mainz 05,Freiburg,2.86869,1.34097
D1,2023-12-08 19:30:00,Hoffenheim,Bochum,2.27533,1.82523
D1,2023-12-09 17:30:00,Borussia Dortmund,RasenBallsport Leipzig,1.71347,3.63569
D1,2023-12-09 14:30:00,Eintracht Frankfurt,Bayern Munich,1.84651,2.59277
D1,2023-12-09 14:30:00,FC Heidenheim,Darmstadt,1.86894,1.00759
D1,2023-12-09 14:30:00,Union Berlin,Borussia M.Gladbach,2.5675,1.03267
D1,2023-12-09 14:30:00,Werder Bremen,Augsburg,1.84577,0.627715
D1,2023-12-09 14:30:00,Wolfsburg,Freiburg,1.32934,0.511263
D1,2023-12-10 16:30:00,FC Cologne,Mainz 05,0.248621,1.87569
D1,2023-12-10 14:30:00,VfB Stuttgart,Bayer Leverkusen,2.61136,1.47429
D1,2023-12-15 19:30:00,Borussia M.Gladbach,Werder Bremen,1.20813,1.64723
D1,2023-12-16 14:30:00,Augsburg,Borussia Dortmund,1.509,2.02537
D1,2023-12-16 14:30:00,Bochum,Union Berlin,3.57797,0.670719
D1,2023-12-16 14:30:00,Darmstadt,Wolfsburg,0.942093,0.587028
D1,2023-12-16 14:30:00,Mainz 05,FC Heidenheim,1.21178,0.756363
D1,2023-12-16 17:30:00,RasenBallsport Leipzig,Hoffenheim,2.91669,1.04243
D1,2023-12-17 16:30:00,Bayer Leverkusen,Eintracht Frankfurt,2.4919,0.205245
D1,2023-12-17 18:30:00,Bayern Munich,VfB Stuttgart,3.41522,0.309157
D1,2023-12-17 14:30:00,Freiburg,FC Cologne,3.46957,1.24601
D1,2023-12-19 19:30:00,Borussia Dortmund,Mainz 05,1.33337,1.06262
D1,2023-12-19 19:30:00,Hoffenheim,Darmstadt,2.81806,0.952662
D1,2023-12-19 17:30:00,Werder Bremen,RasenBallsport Leipzig,1.48185,1.99449
D1,2023-12-20 19:30:00,Bayer Leverkusen,Bochum,3.32375,0.325421
D1,2023-12-20 19:30:00,Eintracht Frankfurt,Borussia M.Gladbach,1.53912,0.552196
D1,2023-12-20 19:30:00,FC Heidenheim,Freiburg,1.75628,1.59052
D1,2023-12-20 17:30:00,Union Berlin,FC Cologne,1.86539,0.897866
D1,2023-12-20 19:30:00,VfB Stuttgart,Augsburg,2.65007,0.224572
D1,2023-12-20 19:30:00,Wolfsburg,Bayern Munich,0.313193,3.15053
D1,2024-01-12 19:30:00,Bayern Munich,Hoffenheim,3.4164,1.61888
D1,2024-01-13 14:30:00,Augsburg,Bayer Leverkusen,0.445211,2.31757
D1,2024-01-13 17:30:00,Darmstadt,Borussia Dortmund,0.825788,3.14682
D1,2024-01-13 14:30:00,FC Cologne,FC Heidenheim,0.641578,1.27869
D1,2024-01-13 14:30:00,Freiburg,Union Berlin,2.1675,0.424997
D1,2024-01-13 14:30:00,Mainz 05,Wolfsburg,0.366084,0.419404
D1,2024-01-13 14:30:00,RasenBallsport Leipzig,Eintracht Frankfurt,2.67312,1.07791
D1,2024-01-14 14:30:00,Bochum,Werder Bremen,1.24017,0.934194
D1,2024-01-14 16:30:00,Borussia M.Gladbach,VfB Stuttgart,2.02288,1.24703
D1,2024-01-20 14:30:00,Bochum,VfB Stuttgart,0.71453,1.99316
D1,2024-01-20 14:30:00,Darmstadt,Eintracht Frankfurt,1.3877,1.28892
D1,2024-01-20 14:30:00,FC Cologne,Borussia Dortmund,1.3929,3.48032
D1,2024-01-20 14:30:00,FC Heidenheim,Wolfsburg,1.19211,1.22104
D1,2024-01-20 14:30:00,Freiburg,Hoffenheim,2.47971,1.76349
D1,2024-01-20 17:30:00,RasenBallsport Leipzig,Bayer Leverkusen,1.59453,2.17224
D1,2024-01-21 14:30:00,Bayern Munich,Werder Bremen,1.54562,0.429252
D1,2024-01-21 16:30:00,Borussia M.Gladbach,Augsburg,1.87919,1.61193
D1,2024-01-24 18:30:00,Bayern Munich,Union Berlin,2.172,0.477644
D1,2024-01-26 19:30:00,Eintracht Frankfurt,Mainz 05,1.13826,0.815239
D1,2024-01-27 14:30:00,Augsburg,Bayern Munich,2.68517,2.27504
D1,2024-01-27 17:30:00,Bayer Leverkusen,Borussia M.Gladbach,3.32828,0.278864
D1,2024-01-27 14:30:00,Hoffenheim,FC Heidenheim,3.23703,1.10065
D1,2024-01-27 14:30:00,VfB Stuttgart,RasenBallsport Leipzig,3.13056,0.495967
D1,2024-01-27 14:30:00,Werder Bremen,Freiburg,2.33032,1.33739
D1,2024-01-27 14:30:00,Wolfsburg,FC Cologne,2.13999,0.365929
D1,2024-01-28 16:30:00,Borussia Dortmund,Bochum,3.09919,0.388377
D1,2024-01-28 14:30:00,Union Berlin,Darmstadt,3.54733,1.00135
D1,2024-02-02 19:30:00,FC Heidenheim,Borussia Dortmund,1.00945,0.8117
D1,2024-02-03 14:30:00,Bayern Munich,Borussia M.Gladbach,2.58401,0.780069
D1,2024-02-03 14:30:00,Bochum,Augsburg,1.16731,1.39431
D1,2024-02-03 14:30:00,Darmstadt,Bayer Leverkusen,0.432778,2.18207
D1,2024-02-03 17:30:00,FC Cologne,Eintracht Frankfurt,2.09653,1.16049
D1,2024-02-03 14:30:00,Freiburg,VfB Stuttgart,1.15964,2.73728
D1,2024-02-03 14:30:00,Mainz 05,Werder Bremen,1.04044,0.395044
D1,2024-02-04 16:30:00,RasenBallsport Leipzig,Union Berlin,1.7598,0.65912
D1,2024-02-04 14:30:00,Wolfsburg,Hoffenheim,1.60418,1.93269
D1,2024-02-07 17:30:00,Mainz 05,Union Berlin,1.37814,1.53583
D1,2024-02-09 19:30:00,Borussia Dortmund,Freiburg,3.21996,0.230074
D1,2024-02-10 14:30:00,Augsburg,RasenBallsport Leipzig,0.965916,1.78901
D1,2024-02-10 17:30:00,Bayer Leverkusen,Bayern Munich,1.22993,0.710198
D1,2024-02-10 14:30:00,Borussia M.Gladbach,Darmstadt,1.47353,0.817722
D1,2024-02-10 14:30:00,Eintracht Frankfurt,Bochum,2.44154,1.27691
D1,2024-02-10 14:30:00,Union Berlin,Wolfsburg,0.575454,1.08099
D1,2024-02-10 14:30:00,Werder Bremen,FC Heidenheim,1.62589,2.1722
D1,2024-02-11 16:30:00,Hoffenheim,FC Cologne,0.726907,0.172441
D1,2024-02-11 14:30:00,VfB Stuttgart,Mainz 05,2.17007,1.61535
D1,2024-02-16 19:30:00,FC Cologne,Werder Bremen,0.627448,1.35198
D1,2024-02-17 14:30:00,Darmstadt,VfB Stuttgart,2.66748,1.74454
D1,2024-02-17 14:30:00,FC Heidenheim,Bayer Leverkusen,0.698981,1.87986
D1,2024-02-17 14:30:00,Hoffenheim,Union Berlin,1.24508,2.1649
D1,2024-02-17 14:30:00,Mainz 05,Augsburg,2.62289,0.612185
D1,2024-02-17 17:30:00,RasenBallsport Leipzig,Borussia M.Gladbach,1.49022,0.944074
D1,2024-02-17 14:30:00,Wolfsburg,Borussia Dortmund,2.11967,1.21109
D1,2024-02-18 16:30:00,Bochum,Bayern Munich,2.08495,2.86883
D1,2024-02-18 14:30:00,Freiburg,Eintracht Frankfurt,2.77236,1.35483
D1,2024-02-23 19:30:00,Bayer Leverkusen,Mainz 05,1.47222,0.471019
D1,2024-02-24 17:30:00,Bayern Munich,RasenBallsport Leipzig,1.83179,0.57703
D1,2024-02-24 14:30:00,Borussia M.Gladbach,Bochum,3.64941,2.13723
D1,2024-02-24 14:30:00,Union Berlin,FC Heidenheim,1.20933,1.33022
D1,2024-02-24 14:30:00,VfB Stuttgart,FC Cologne,1.87785,1.43669
D1,2024-02-24 14:30:00,Werder Bremen,Darmstadt,1.5891,0.890186
D1,2024-02-25 18:30:00,Augsburg,Freiburg,2.40818,1.42649
D1,2024-02-25 16:30:00,Borussia Dortmund,Hoffenheim,3.06361,1.31588
D1,2024-02-25 14:30:00,Eintracht Frankfurt,Wolfsburg,1.53623,1.18165
D1,2024-03-01 19:30:00,Freiburg,Bayern Munich,1.53977,2.4424
D1,2024-03-02 14:30:00,Bochum,RasenBallsport Leipzig,0.562887,2.11704
D1,2024-03-02 14:30:00,Darmstadt,Augsburg,1.113,3.39611
D1,2024-03-02 14:30:00,FC Heidenheim,Eintracht Frankfurt,0.847831,1.57778
D1,2024-03-02 14:30:00,Mainz 05,Borussia M.Gladbach,1.08864,1.55082
D1,2024-03-02 14:30:00,Union Berlin,Borussia Dortmund,0.999042,1.63921
D1,2024-03-02 17:30:00,Wolfsburg,VfB Stuttgart,0.964288,1.04058
D1,2024-03-03 14:30:00,FC Cologne,Bayer Leverkusen,1.29405,1.63841
D1,2024-03-03 16:30:00,Hoffenheim,Werder Bremen,2.06582,1.34942
D1,2024-03-08 19:30:00,VfB Stuttgart,Union Berlin,1.30933,0.839212
D1,2024-03-09 14:30:00,Augsburg,FC Heidenheim,0.740927,0.267511
D1,2024-03-09 14:30:00,Bayern Munich,Mainz 05,6.78137,1.07439
D1,2024-03-09 14:30:00,Borussia M.Gladbach,FC Cologne,2.54696,0.924707
D1,2024-03-09 14:30:00,RasenBallsport Leipzig,Darmstadt,4.25377,0.394275
D1,2024-03-09 17:30:00,Werder Bremen,Borussia Dortmund,1.34789,1.23563
D1,2024-03-10 18:30:00,Bayer Leverkusen,Wolfsburg,2.09982,0.354851
D1,2024-03-10 14:30:00,Bochum,Freiburg,1.28237,1.43573
D1,2024-03-10 16:30:00,Eintracht Frankfurt,Hoffenheim,3.53168,0.695868
D1,2024-03-15 19:30:00,FC Cologne,RasenBallsport Leipzig,1.18251,3.92775
D1,2024-03-16 14:30:00,Darmstadt,Bayern Munich,1.2476,5.11913
D1,2024-03-16 14:30:00,FC Heidenheim,Borussia M.Gladbach,1.61096,0.820339
D1,2024-03-16 17:30:00,Hoffenheim,VfB Stuttgart,0.229186,3.1752
D1,2024-03-16 14:30:00,Mainz 05,Bochum,2.33802,0.590727
D1,2024-03-16 14:30:00,Union Berlin,Werder Bremen,1.42836,0.833042
D1,2024-03-16 14:30:00,Wolfsburg,Augsburg,1.67932,0.971481
D1,2024-03-17 16:30:00,Borussia Dortmund,Eintracht Frankfurt,2.83411,0.86903
D1,2024-03-17 14:30:00,Freiburg,Bayer Leverkusen,0.916618,2.50336
D1,2024-03-30 14:30:00,Bayer Leverkusen,Hoffenheim,3.03672,0.657688
D1,2024-03-30 17:30:00,Bayern Munich,Borussia Dortmund,1.90876,1.25844
D1,2024-03-30 14:30:00,Borussia M.Gladbach,Freiburg,1.84419,2.08769
D1,2024-03-30 14:30:00,Eintracht Frankfurt,Union Berlin,1.3089,1.07679
D1,2024-03-30 14:30:00,RasenBallsport Leipzig,Mainz 05,2.91967,1.00565
D1,2024-03-30 14:30:00,Werder Bremen,Wolfsburg,0.738782,2.44615
D1,2024-03-31 14:30:00,Augsburg,FC Cologne,2.13131,1.6795
D1,2024-03-31 18:30:00,Bochum,Darmstadt,2.29251,0.879015
D1,2024-03-31 16:30:00,VfB Stuttgart,FC Heidenheim,3.0588,1.62523
D1,2024-04-05 18:30:00,Eintracht Frankfurt,Werder Bremen,2.18898,1.60098
D1,2024-04-06 16:30:00,Borussia Dortmund,VfB Stuttgart,2.95333,1.82865
D1,2024-04-06 13:30:00,FC Cologne,Bochum,1.23733,0.777136
D1,2024-04-06 13:30:00,FC Heidenheim,Bayern Munich,1.35048,2.12066
D1,2024-04-06 13:30:00,Freiburg,RasenBallsport Leipzig,1.55898,2.88698
D1,2024-04-06 13:30:00,Mainz 05,Darmstadt,3.84973,0.558152
D1,2024-04-06 13:30:00,Union Berlin,Bayer Leverkusen,0.269865,2.7617
D1,2024-04-07 13:30:00,Hoffenheim,Augsburg,2.21977,0.806763
D1,2024-04-07 15:30:00,Wolfsburg,Borussia M.Gladbach,1.26689,1.38704
D1,2024-04-12 18:30:00,Augsburg,Union Berlin,1.7073,1.55042
D1,2024-04-13 13:30:00,Bayern Munich,FC Cologne,2.34705,0.766768
D1,2024-04-13 13:30:00,Bochum,FC Heidenheim,1.11714,1.40689
D1,2024-04-13 13:30:00,Borussia M.Gladbach,Borussia Dortmund,1.17228,1.80703
D1,2024-04-13 13:30:00,Mainz 05,Hoffenheim,2.58388,0.529727
D1,2024-04-13 13:30:00,RasenBallsport Leipzig,Wolfsburg,1.68139,0.323042
D1,2024-04-13 16:30:00,VfB Stuttgart,Eintracht Frankfurt,1.26199,0.565621
D1,2024-04-14 15:30:00,Bayer Leverkusen,Werder Bremen,3.33579,0.885426
D1,2024-04-14 13:30:00,Darmstadt,Freiburg,0.962275,1.34437
D1,2024-04-19 18:30:00,Eintracht Frankfurt,Augsburg,1.88744,0.597958
D1,2024-04-20 13:30:00,FC Cologne,Darmstadt,1.1117,1.95124
D1,2024-04-20 13:30:00,FC Heidenheim,RasenBallsport Leipzig,1.35248,1.58114
D1,2024-04-20 13:30:00,Hoffenheim,Borussia M.Gladbach,2.77278,1.36369
D1,2024-04-20 16:30:00,Union Berlin,Bayern Munich,1.06863,1.92795
D1,2024-04-20 13:30:00,Wolfsburg,Bochum,1.34814,1.37904
D1,2024-04-21 15:30:00,Borussia Dortmund,Bayer Leverkusen,0.773997,1.51278
D1,2024-04-21 17:30:00,Freiburg,Mainz 05,1.25572,1.47938
D1,2024-04-21 13:30:00,Werder Bremen,VfB Stuttgart,1.40776,3.32355
D1,2024-04-26 18:30:00,Bochum,Hoffenheim,3.91029,1.28293
D1,2024-04-27 13:30:00,Augsburg,Werder Bremen,0.54257,2.53138
D1,2024-04-27 16:30:00,Bayer Leverkusen,VfB Stuttgart,1.66579,2.02009
D1,2024-04-27 13:30:00,Bayern Munich,Eintracht Frankfurt,3.29649,0.392852
D1,2024-04-27 13:30:00,Freiburg,Wolfsburg,1.86256,0.583145
D1,2024-04-27 13:30:00,RasenBallsport Leipzig,Borussia Dortmund,2.74912,1.7764
D1,2024-04-28 13:30:00,Borussia M.Gladbach,Union Berlin,1.21021,1.11351
D1,2024-04-28 17:30:00,Darmstadt,FC Heidenheim,0.532047,1.49165
D1,2024-04-28 15:30:00,Mainz 05,FC Cologne,1.88933,2.85686
D1,2024-05-03 18:30:00,Hoffenheim,RasenBallsport Leipzig,1.80367,1.03434
D1,2024-05-04 13:30:00,Borussia Dortmund,Augsburg,3.67101,2.56978
D1,2024-05-04 16:30:00,FC Cologne,Freiburg,1.08936,1.12733
D1,2024-05-04 13:30:00,VfB Stuttgart,Bayern Munich,2.0106,1.92761
D1,2024-05-04 13:30:00,Werder Bremen,Borussia M.Gladbach,1.31618,2.28533
D1,2024-05-04 13:30:00,Wolfsburg,Darmstadt,3.16035,0.372357
D1,2024-05-05 15:30:00,Eintracht Frankfurt,Bayer Leverkusen,1.57584,3.11322
D1,2024-05-05 17:30:00,FC Heidenheim,Mainz 05,1.42565,2.2312
D1,2024-05-05 13:30:00,Union Berlin,Bochum,1.49561,1.84679
D1,2024-05-10 18:30:00,Augsburg,VfB Stuttgart,0.562362,1.82603
D1,2024-05-11 13:30:00,Borussia M.Gladbach,Eintracht Frankfurt,0.323547,2.33139
D1,2024-05-11 13:30:00,FC Cologne,Union Berlin,3.02417,1.66062
D1,2024-05-11 13:30:00,Freiburg,FC Heidenheim,1.8695,0.634464
D1,2024-05-11 16:30:00,Mainz 05,Borussia Dortmund,3.05403,0.398966
D1,2024-05-11 13:30:00,RasenBallsport Leipzig,Werder Bremen,1.60961,1.0305
D1,2024-05-12 15:30:00,Bayern Munich,Wolfsburg,0.37152,0.132383
D1,2024-05-12 17:30:00,Bochum,Bayer Leverkusen,0.221516,4.59495
D1,2024-05-12 13:30:00,Darmstadt,Hoffenheim,0.467229,3.67135
D1,2024-05-18 13:30:00,Bayer Leverkusen,Augsburg,2.40225,1.19936
D1,2024-05-18 13:30:00,Borussia Dortmund,Darmstadt,3.0526,0.281801
D1,2024-05-18 13:30:00,Eintracht Frankfurt,RasenBallsport Leipzig,2.62491,1.79078
D1,2024-05-18 13:30:00,FC Heidenheim,FC Cologne,1.46315,2.70114
D1,2024-05-18 13:30:00,Hoffenheim,Bayern Munich,2.44188,1.69159
D1,2024-05-18 13:30:00,Union Berlin,Freiburg,2.28943,0.963773
D1,2024-05-18 13:30:00,VfB Stuttgart,Borussia M.Gladbach,2.1075,1.65395
D1,2024-05-18 13:30:00,Werder Bremen,Bochum,3.80667,2.14301
D1,2024-05-18 13:30:00,Wolfsburg,Mainz 05,1.5246,2.37382
D1,2024-08-23 18:30:00,Borussia M.Gladbach,Bayer Leverkusen,1.51665,3.23588
D1,2024-08-24 13:30:00,Augsburg,Werder Bremen,1.31571,1.54312
D1,2024-08-24 16:30:00,Borussia Dortmund,Eintracht Frankfurt,1.9263,1.15188
D1,2024-08-24 13:30:00,Freiburg,VfB Stuttgart,3.0149,0.374185
D1,2024-08-24 13:30:00,Hoffenheim,Holstein Kiel,3.73706,1.97238
D1,2024-08-24 13:30:00,Mainz 05,Union Berlin,1.77023,0.731569
D1,2024-08-24 13:30:00,RasenBallsport Leipzig,Bochum,0.937134,1.31541
D1,2024-08-25 15:30:00,St. Pauli,FC Heidenheim,1.1609,1.16833
D1,2024-08-25 13:30:00,Wolfsburg,Bayern Munich,2.08125,2.17538
D1,2024-08-30 18:30:00,Union Berlin,St. Pauli,1.0488,0.644857
D1,2024-08-31 16:30:00,Bayer Leverkusen,RasenBallsport Leipzig,3.42266,1.50532
D1,2024-08-31 13:30:00,Bochum,Borussia M.Gladbach,0.918629,2.66887
D1,2024-08-31 13:30:00,Eintracht Frankfurt,Hoffenheim,2.68507,0.832386
D1,2024-08-31 13:30:00,Holstein Kiel,Wolfsburg,0.89489,1.4619
D1,2024-08-31 13:30:00,VfB Stuttgart,Mainz 05,4.2134,1.95179
D1,2024-08-31 13:30:00,Werder Bremen,Borussia Dortmund,0.278533,0.918302
D1,2024-09-01 15:30:00,Bayern Munich,Freiburg,1.62797,0.970892
D1,2024-09-01 13:30:00,FC Heidenheim,Augsburg,3.09376,0.641534
D1,2024-09-13 18:30:00,Borussia Dortmund,FC Heidenheim,2.84066,1.61406
D1,2024-09-14 13:30:00,Borussia M.Gladbach,VfB Stuttgart,2.05136,2.7214
D1,2024-09-14 13:30:00,Freiburg,Bochum,3.95617,1.10732
D1,2024-09-14 13:30:00,Hoffenheim,Bayer Leverkusen,1.06356,3.41829
D1,2024-09-14 16:30:00,Holstein Kiel,Bayern Munich,0.299776,4.13442
D1,2024-09-14 13:30:00,RasenBallsport Leipzig,Union Berlin,1.29462,0.859112
D1,2024-09-14 13:30:00,Wolfsburg,Eintracht Frankfurt,1.23249,2.86858
D1,2024-09-15 13:30:00,Augsburg,St. Pauli,2.61475,0.49314
D1,2024-09-15 15:30:00,Mainz 05,Werder Bremen,1.67115,1.8089
D1,2024-09-20 18:30:00,Augsburg,Mainz 05,2.79562,1.25788
D1,2024-09-21 13:30:00,Bochum,Holstein Kiel,1.32383,2.26878
D1,2024-09-21 16:30:00,Eintracht Frankfurt,Borussia M.Gladbach,2.93252,1.19669
D1,2024-09-21 13:30:00,FC Heidenheim,Freiburg,0.379656,1.23884
D1,2024-09-21 13:30:00,Union Berlin,Hoffenheim,1.21587,0.378776
D1,2024-09-21 13:30:00,Werder Bremen,Bayern Munich,0.0,3.34451
D1,2024-09-22 13:30:00,Bayer Leverkusen,Wolfsburg,1.71874,0.836406
D1,2024-09-22 17:30:00,St. Pauli,RasenBallsport Leipzig,1.67285,0.841324
D1,2024-09-22 15:30:00,VfB Stuttgart,Borussia Dortmund,3.56218,0.60692
D1,2024-09-27 18:30:00,Borussia Dortmund,Bochum,4.1712,1.02915
D1,2024-09-28 16:30:00,Bayern Munich,Bayer Leverkusen,1.19457,0.0870163
D1,2024-09-28 13:30:00,Borussia M.Gladbach,Union Berlin,1.38305,0.731164
D1,2024-09-28 13:30:00,Freiburg,St. Pauli,1.10172,1.40925
D1,2024-09-28 13:30:00,Mainz 05,FC Heidenheim,0.371434,1.09304
D1,2024-09-28 13:30:00,RasenBallsport Leipzig,Augsburg,2.81593,1.07415
D1,2024-09-28 13:30:00,Wolfsburg,VfB Stuttgart,1.0386,2.58036
D1,2024-09-29 15:30:00,Hoffenheim,Werder Bremen,1.78654,4.06917
D1,2024-09-29 13:30:00,Holstein Kiel,Eintracht Frankfurt,1.02971,2.43436
D1,2024-10-04 18:30:00,Augsburg,Borussia M.Gladbach,1.75524,0.807021
D1,2024-10-05 13:30:00,Bayer Leverkusen,Holstein Kiel,2.5839,1.98438
D1,2024-10-05 13:30:00,Bochum,Wolfsburg,2.28586,2.37344
D1,2024-10-05 16:30:00,St. Pauli,Mainz 05,0.805413,1.29606
D1,2024-10-05 13:30:00,Union Berlin,Borussia Dortmund,1.52691,0.748758
D1,2024-10-05 13:30:00,Werder Bremen,Freiburg,0.879674,1.58065
D1,2024-10-06 15:30:00,Eintracht Frankfurt,Bayern Munich,1.49515,2.83119
D1,2024-10-06 13:30:00,FC Heidenheim,RasenBallsport Leipzig,1.08159,1.81585
D1,2024-10-06 17:30:00,VfB Stuttgart,Hoffenheim,1.72567,0.893468
D1,2024-10-18 18:30:00,Borussia Dortmund,St. Pauli,3.97161,1.07012
D1,2024-10-19 13:30:00,Bayer Leverkusen,Eintracht Frankfurt,4.07146,1.55158
D1,2024-10-19 16:30:00,Bayern Munich,VfB Stuttgart,3.61889,0.286656
D1,2024-10-19 13:30:00,Borussia M.Gladbach,FC Heidenheim,4.14976,1.89766
D1,2024-10-19 13:30:00,Freiburg,Augsburg,1.07588,0.868723
D1,2024-10-19 13:30:00,Hoffenheim,Bochum,2.46268,2.3454
D1,2024-10-19 13:30:00,Mainz 05,RasenBallsport Leipzig,0.611288,2.16084
D1,2024-10-20 13:30:00,Holstein Kiel,Union Berlin,0.901058,1.2809
D1,2024-10-20 15:30:00,Wolfsburg,Werder Bremen,2.17351,2.14788
D1,2024-10-25 18:30:00,Mainz 05,Borussia M.Gladbach,1.45557,0.934033
D1,2024-10-26 13:30:00,Augsburg,Borussia Dortmund,0.560509,0.776944
D1,2024-10-26 13:30:00,RasenBallsport Leipzig,Freiburg,2.69047,1.75887
D1,2024-10-26 13:30:00,St. Pauli,Wolfsburg,0.730167,0.940969
D1,2024-10-26 13:30:00,VfB Stuttgart,Holstein Kiel,1.90999,0.680092
D1,2024-10-26 16:30:00,Werder Bremen,Bayer Leverkusen,1.78808,1.30852
D1,2024-10-27 14:30:00,Bochum,Bayern Munich,0.205046,3.1499
D1,2024-10-27 18:30:00,FC Heidenheim,Hoffenheim,1.57817,0.692793
D1,2024-10-27 16:30:00,Union Berlin,Eintracht Frankfurt,1.86305,1.54058
D1,2024-11-01 19:30:00,Bayer Leverkusen,VfB Stuttgart,2.78287,0.223778
D1,2024-11-02 14:30:00,Bayern Munich,Union Berlin,2.76181,0.4664
D1,2024-11-02 17:30:00,Borussia Dortmund,RasenBallsport Leipzig,3.30102,0.23928
D1,2024-11-02 14:30:00,Eintracht Frankfurt,Bochum,3.83028,2.08714
D1,2024-11-02 14:30:00,Hoffenheim,St. Pauli,0.746379,1.1155
D1,2024-11-02 14:30:00,Holstein Kiel,FC Heidenheim,2.13316,1.27585
D1,2024-11-02 14:30:00,Wolfsburg,Augsburg,1.11324,0.499473
D1,2024-11-03 16:30:00,Borussia M.Gladbach,Werder Bremen,2.95668,1.30211
D1,2024-11-03 14:30:00,Freiburg,Mainz 05,0.463898,0.903716
D1,2024-11-08 19:30:00,Union Berlin,Freiburg,0.801684,2.66619
D1,2024-11-09 14:30:00,Bochum,Bayer Leverkusen,0.777554,1.40554
D1,2024-11-09 14:30:00,Mainz 05,Borussia Dortmund,3.18749,0.845107
D1,2024-11-09 17:30:00,RasenBallsport Leipzig,Borussia M.Gladbach,0.849803,1.31521
D1,2024-11-09 14:30:00,St. Pauli,Bayern Munich,0.0751538,1.67296
D1,2024-11-09 14:30:00,Werder Bremen,Holstein Kiel,2.26129,0.884231
D1,2024-11-10 14:30:00,Augsburg,Hoffenheim,0.970329,0.415649
D1,2024-11-10 18:30:00,FC Heidenheim,Wolfsburg,2.62448,1.55233
D1,2024-11-10 16:30:00,VfB Stuttgart,Eintracht Frankfurt,2.81862,1.93894
D1,2024-11-22 19:30:00,Bayern Munich,Augsburg,4.02659,0.149096
D1,2024-11-23 14:30:00,Bayer Leverkusen,FC Heidenheim,2.02581,1.03141
D1,2024-11-23 14:30:00,Borussia Dortmund,Freiburg,1.49974,1.1957
D1,2024-11-23 17:30:00,Eintracht Frankfurt,Werder Bremen,1.47057,0.632819
D1,2024-11-23 14:30:00,Hoffenheim,RasenBallsport Leipzig,2.60143,1.72976
D1,2024-11-23 14:30:00,VfB Stuttgart,Bochum,2.05767,0.652259
D1,2024-11-23 14:30:00,Wolfsburg,Union Berlin,0.742754,0.63337
D1,2024-11-24 16:30:00,Borussia M.Gladbach,St. Pauli,2.99128,1.15234
D1,2024-11-24 14:30:00,Holstein Kiel,Mainz 05,0.346026,2.13631
D1,2024-11-30 14:30:00,Augsburg,Bochum,2.15529,0.250706
D1,2024-11-30 17:30:00,Borussia Dortmund,Bayern Munich,0.55981,1.83117
D1,2024-11-30 14:30:00,Freiburg,Borussia M.Gladbach,2.15426,1.27811
D1,2024-11-30 14:30:00,RasenBallsport Leipzig,Wolfsburg,1.4486,2.69881
D1,2024-11-30 14:30:00,St. Pauli,Holstein Kiel,1.96179,1.1506
D1,2024-11-30 14:30:00,Union Berlin,Bayer Leverkusen,1.11328,0.906684
D1,2024-11-30 14:30:00,Werder Bremen,VfB Stuttgart,2.14949,1.6651
D1,2024-12-01 16:30:00,FC Heidenheim,Eintracht Frankfurt,0.861094,3.19019
D1,2024-12-01 16:30:00,Mainz 05,Hoffenheim,2.62793,0.814599
D1,2024-12-06 19:30:00,VfB Stuttgart,Union Berlin,1.81349,1.86301
D1,2024-12-07 14:30:00,Bayer Leverkusen,St. Pauli,0.729523,2.18395
D1,2024-12-07 14:30:00,Bayern Munich,FC Heidenheim,3.08538,1.16879
D1,2024-12-07 14:30:00,Bochum,Werder Bremen,1.16256,1.20754
D1,2024-12-07 17:30:00,Borussia M.Gladbach,Borussia Dortmund,1.10194,1.58856
D1,2024-12-07 14:30:00,Eintracht Frankfurt,Augsburg,1.53465,1.17089
D1,2024-12-07 14:30:00,Holstein Kiel,RasenBallsport Leipzig,1.14963,1.72704
D1,2024-12-08 16:30:00,Hoffenheim,Freiburg,1.49449,1.53138
D1,2024-12-08 14:30:00,Wolfsburg,Mainz 05,1.48692,3.02237
D1,2024-12-13 19:30:00,Freiburg,Wolfsburg,2.96777,1.85123
D1,2024-12-14 14:30:00,Augsburg,Bayer Leverkusen,0.43671,1.02095
D1,2024-12-14 14:30:00,Borussia M.Gladbach,Holstein Kiel,2.33425,0.323948
D1,2024-12-14 14:30:00,Mainz 05,Bayern Munich,1.64219,0.992002
D1,2024-12-14 17:30:00,St. Pauli,Werder Bremen,0.515437,0.986101
D1,2024-12-14 14:30:00,Union Berlin,Bochum,3.0131,1.23723
D1,2024-12-15 16:30:00,Borussia Dortmund,Hoffenheim,0.433347,1.31436
D1,2024-12-15 14:30:00,FC Heidenheim,VfB Stuttgart,0.808275,3.46171
D1,2024-12-15 18:30:00,RasenBallsport Leipzig,Eintracht Frankfurt,2.4958,0.839379
D1,2024-12-20 19:30:00,Bayern Munich,RasenBallsport Leipzig,4.35715,0.552564
D1,2024-12-21 17:30:00,Bayer Leverkusen,Freiburg,3.25968,1.34161
D1,2024-12-21 14:30:00,Eintracht Frankfurt,Mainz 05,2.58915,0.753285
D1,2024-12-21 14:30:00,Hoffenheim,Borussia M.Gladbach,3.7229,0.490494
D1,2024-12-21 14:30:00,Holstein Kiel,Augsburg,2.48595,1.13064
D1,2024-12-21 14:30:00,VfB Stuttgart,St. Pauli,2.41593,2.57781
D1,2024-12-21 14:30:00,Werder Bremen,Union Berlin,2.73356,1.64107
D1,2024-12-22 14:30:00,Bochum,FC Heidenheim,1.68369,0.512353
D1,2024-12-22 16:30:00,Wolfsburg,Borussia Dortmund,1.95337,2.4116
D1,2025-01-10 19:30:00,Borussia Dortmund,Bayer Leverkusen,1.48663,1.8834
D1,2025-01-11 17:30:00,Borussia M.Gladbach,Bayern Munich,0.326195,4.47736
D1,2025-01-11 14:30:00,FC Heidenheim,Union Berlin,1.75563,1.03435
D1,2025-01-11 14:30:00,Freiburg,Holstein Kiel,0.750017,1.66855
D1,2025-01-11 14:30:00,Hoffenheim,Wolfsburg,1.18042,1.49127
D1,2025-01-11 14:30:00,Mainz 05,Bochum,1.7238,0.697735
D1,2025-01-11 14:30:00,St. Pauli,Eintracht Frankfurt,2.5542,2.23689
D1,2025-01-12 16:30:00,Augsburg,VfB Stuttgart,0.339144,2.61617
D1,2025-01-12 14:30:00,RasenBallsport Leipzig,Werder Bremen,2.65039,1.32687
D1,2025-01-14 19:30:00,Bayer Leverkusen,Mainz 05,1.99412,0.603471
D1,2025-01-14 19:30:00,Eintracht Frankfurt,Freiburg,2.82238,0.587762
D1,2025-01-14 17:30:00,Holstein Kiel,Borussia Dortmund,1.95929,1.16391
D1,2025-01-14 19:30:00,Wolfsburg,Borussia M.Gladbach,3.72762,0.856948
D1,2025-01-15 19:30:00,Bayern Munich,Hoffenheim,3.80458,0.222965
D1,2025-01-15 17:30:00,Bochum,St. Pauli,1.8213,1.15308
D1,2025-01-15 19:30:00,Union Berlin,Augsburg,0.549286,1.41902
D1,2025-01-15 19:30:00,VfB Stuttgart,RasenBallsport Leipzig,2.42754,0.710278
D1,2025-01-15 19:30:00,Werder Bremen,FC Heidenheim,1.87497,1.91878
D1,2025-01-17 19:30:00,Eintracht Frankfurt,Borussia Dortmund,2.05106,0.57641
D1,2025-01-18 17:30:00,Bayer Leverkusen,Borussia M.Gladbach,2.08382,0.473935
D1,2025-01-18 14:30:00,Bayern Munich,Wolfsburg,3.23282,0.702414
D1,2025-01-18 14:30:00,Bochum,RasenBallsport Leipzig,2.75969,2.38567
D1,2025-01-18 14:30:00,FC Heidenheim,St. Pauli,0.923964,2.23242
D1,2025-01-18 14:30:00,Holstein Kiel,Hoffenheim,0.908525,0.905544
D1,2025-01-18 14:30:00,VfB Stuttgart,Freiburg,2.26605,0.187694
D1,2025-01-19 14:30:00,Union Berlin,Mainz 05,2.44953,1.40424
D1,2025-01-19 16:30:00,Werder Bremen,Augsburg,1.15183,1.31644
D1,2025-01-24 19:30:00,Wolfsburg,Holstein Kiel,2.52045,0.265769
D1,2025-01-25 14:30:00,Augsburg,FC Heidenheim,1.63821,0.94738
D1,2025-01-25 14:30:00,Borussia Dortmund,Werder Bremen,1.49423,1.11662
D1,2025-01-25 17:30:00,Borussia M.Gladbach,Bochum,2.93153,0.759449
D1,2025-01-25 14:30:00,Freiburg,Bayern Munich,0.271308,0.787581
D1,2025-01-25 14:30:00,Mainz 05,VfB Stuttgart,2.22883,0.917385
D1,2025-01-25 14:30:00,RasenBallsport Leipzig,Bayer Leverkusen,0.708246,2.57674
D1,2025-01-26 14:30:00,Hoffenheim,Eintracht Frankfurt,2.32141,2.30325
D1,2025-01-26 16:30:00,St. Pauli,Union Berlin,1.40358,0.986402
D1,2025-01-31 19:30:00,Werder Bremen,Mainz 05,2.58542,1.01597
D1,2025-02-01 14:30:00,Bayern Munich,Holstein Kiel,4.93236,2.05752
D1,2025-02-01 14:30:00,Bochum,Freiburg,0.843049,3.33243
D1,2025-02-01 14:30:00,FC Heidenheim,Borussia Dortmund,0.525888,2.68284
D1,2025-02-01 14:30:00,St. Pauli,Augsburg,0.849878,0.194891
D1,2025-02-01 17:30:00,Union Berlin,RasenBallsport Leipzig,1.74847,0.237923
D1,2025-02-01 14:30:00,VfB Stuttgart,Borussia M.Gladbach,0.950734,1.96971
D1,2025-02-02 16:30:00,Bayer Leverkusen,Hoffenheim,1.35418,1.94944
D1,2025-02-02 14:30:00,Eintracht Frankfurt,Wolfsburg,1.69604,1.46292
D1,2025-02-07 19:30:00,Bayern Munich,Werder Bremen,4.47713,0.151051
D1,2025-02-08 14:30:00,Borussia Dortmund,VfB Stuttgart,1.07063,0.452825
D1,2025-02-08 17:30:00,Borussia M.Gladbach,Eintracht Frankfurt,0.656491,2.5487
D1,2025-02-08 14:30:00,Freiburg,FC Heidenheim,1.33195,0.434356
D1,2025-02-08 14:30:00,Hoffenheim,Union Berlin,0.881646,3.86589
D1,2025-02-08 14:30:00,Mainz 05,Augsburg,1.99994,0.260742
D1,2025-02-08 14:30:00,Wolfsburg,Bayer Leverkusen,0.895017,1.66317
D1,2025-02-09 13:30:00,Holstein Kiel,Bochum,2.0,2.0
D1,2025-02-09 16:30:00,RasenBallsport Leipzig,St. Pauli,1.89601,0.72321
D1,2025-02-14 19:30:00,Augsburg,RasenBallsport Leipzig,1.05445,1.6452
D1,2025-02-15 17:30:00,Bayer Leverkusen,Bayern Munich,2.55729,0.0720406
D1,2025-02-15 14:30:00,Bochum,Borussia Dortmund,3.3688,2.70519
D1,2025-02-15 14:30:00,St. Pauli,Freiburg,0.19059,1.25072
D1,2025-02-15 14:30:00,Union Berlin,Borussia M.Gladbach,1.66824,2.22036
D1,2025-02-15 14:30:00,VfB Stuttgart,Wolfsburg,1.22466,1.75731
D1,2025-02-16 16:30:00,Eintracht Frankfurt,Holstein Kiel,3.02527,1.26559
D1,2025-02-16 18:30:00,FC Heidenheim,Mainz 05,0.545205,1.94932
D1,2025-02-16 14:30:00,Werder Bremen,Hoffenheim,0.85665,1.91874
D1,2025-02-21 19:30:00,Freiburg,Werder Bremen,2.66243,1.25462
D1,2025-02-22 17:30:00,Borussia Dortmund,Union Berlin,5.44112,0.365382
D1,2025-02-22 14:30:00,Borussia M.Gladbach,Augsburg,0.800003,1.73915
D1,2025-02-22 14:30:00,Holstein Kiel,Bayer Leverkusen,0.494995,2.55557
D1,2025-02-22 14:30:00,Mainz 05,St. Pauli,1.35603,0.90068
D1,2025-02-22 14:30:00,Wolfsburg,Bochum,2.16138,1.46609
D1,2025-02-23 16:30:00,Bayern Munich,Eintracht Frankfurt,4.48699,0.49278
D1,2025-02-23 18:30:00,Hoffenheim,VfB Stuttgart,0.705815,3.67099
D1,2025-02-23 14:30:00,RasenBallsport Leipzig,FC Heidenheim,1.6451,0.834882
D1,2025-02-28 19:30:00,VfB Stuttgart,Bayern Munich,0.653703,2.29942
D1,2025-03-01 14:30:00,Bochum,Hoffenheim,1.4452,0.525952
D1,2025-03-01 17:30:00,Eintracht Frankfurt,Bayer Leverkusen,1.00046,2.37018
D1,2025-03-01 14:30:00,FC Heidenheim,Borussia M.Gladbach,1.87707,1.7158
D1,2025-03-01 14:30:00,RasenBallsport Leipzig,Mainz 05,1.78404,1.64735
D1,2025-03-01 14:30:00,St. Pauli,Borussia Dortmund,0.293506,2.23846
D1,2025-03-01 14:30:00,Werder Bremen,Wolfsburg,2.10317,1.11674
D1,2025-03-02 16:30:00,Augsburg,Freiburg,2.222,0.799243
D1,2025-03-02 14:30:00,Union Berlin,Holstein Kiel,0.886081,0.692509
D1,2025-03-07 19:30:00,Borussia M.Gladbach,Mainz 05,1.25544,1.98889
D1,2025-03-08 14:30:00,Bayer Leverkusen,Werder Bremen,1.36325,1.67701
D1,2025-03-08 14:30:00,Bayern Munich,Bochum,2.72891,1.36274
D1,2025-03-08 14:30:00,Borussia Dortmund,Augsburg,1.11055,0.250168
D1,2025-03-08 17:30:00,Freiburg,RasenBallsport Leipzig,0.510953,2.02806
D1,2025-03-08 14:30:00,Holstein Kiel,VfB Stuttgart,1.97246,1.0726
D1,2025-03-08 14:30:00,Wolfsburg,St. Pauli,1.96602,1.23696
D1,2025-03-09 14:30:00,Eintracht Frankfurt,Union Berlin,2.00811,0.725817
D1,2025-03-09 16:30:00,Hoffenheim,FC Heidenheim,1.78028,2.31324
D1,2025-03-14 19:30:00,St. Pauli,Hoffenheim,1.43518,0.196271
D1,2025-03-15 14:30:00,Augsburg,Wolfsburg,0.598968,0.763636
D1,2025-03-15 14:30:00,Mainz 05,Freiburg,1.33307,2.93264
D1,2025-03-15 17:30:00,RasenBallsport Leipzig,Borussia Dortmund,2.55875,4.09542
D1,2025-03-15 14:30:00,Union Berlin,Bayern Munich,0.8044,1.83549
D1,2025-03-15 14:30:00,Werder Bremen,Borussia M.Gladbach,2.98283,2.32056
D1,2025-03-16 15:30:00,Bochum,Eintracht Frankfurt,1.88062,3.29403
D1,2025-03-16 16:30:00,FC Heidenheim,Holstein Kiel,1.6572,1.14988
D1,2025-03-16 18:30:00,VfB Stuttgart,Bayer Leverkusen,2.85024,2.07439
D1,2025-03-28 19:30:00,Bayer Leverkusen,Bochum,2.08076,0.702152
D1,2025-03-29 14:30:00,Bayern Munich,St. Pauli,4.00213,0.841269
D1,2025-03-29 14:30:00,Borussia M.Gladbach,RasenBallsport Leipzig,1.79539,0.929047
D1,2025-03-29 17:30:00,Eintracht Frankfurt,VfB Stuttgart,3.69196,0.863163
D1,2025-03-29 14:30:00,Hoffenheim,Augsburg,1.94509,0.688621
D1,2025-03-29 14:30:00,Holstein Kiel,Werder Bremen,0.56476,1.48157
D1,2025-03-29 14:30:00,Wolfsburg,FC Heidenheim,1.23886,1.31407
D1,2025-03-30 16:30:00,Borussia Dortmund,Mainz 05,2.69722,0.654443
D1,2025-03-30 14:30:00,Freiburg,Union Berlin,1.01023,1.38632
D1,2025-04-04 18:30:00,Augsburg,Bayern Munich,0.567653,1.91653
D1,2025-04-05 13:30:00,Bochum,VfB Stuttgart,0.815791,2.64663
D1,2025-04-05 13:30:00,FC Heidenheim,Bayer Leverkusen,1.30234,0.367393
D1,2025-04-05 13:30:00,Freiburg,Borussia Dortmund,2.02793,3.55487
D1,2025-04-05 13:30:00,Mainz 05,Holstein Kiel,1.65205,1.66267
D1,2025-04-05 13:30:00,RasenBallsport Leipzig,Hoffenheim,1.40121,1.18624
D1,2025-04-05 16:30:00,Werder Bremen,Eintracht Frankfurt,1.22711,0.515073
D1,2025-04-06 13:30:00,St. Pauli,Borussia M.Gladbach,2.19443,0.646648
D1,2025-04-06 15:30:00,Union Berlin,Wolfsburg,1.55071,1.79618
D1,2025-04-11 18:30:00,Wolfsburg,RasenBallsport Leipzig,1.84361,1.60065
D1,2025-04-12 13:30:00,Bayer Leverkusen,Union Berlin,0.495489,0.513825
D1,2025-04-12 16:30:00,Bayern Munich,Borussia Dortmund,2.94706,1.71681
D1,2025-04-12 13:30:00,Bochum,Augsburg,1.86097,1.02536
D1,2025-04-12 13:30:00,Borussia M.Gladbach,Freiburg,0.524784,2.31704
D1,2025-04-12 13:30:00,Hoffenheim,Mainz 05,1.42393,0.969601
D1,2025-04-12 13:30:00,Holstein Kiel,St. Pauli,0.692664,1.06614
D1,2025-04-13 15:30:00,Eintracht Frankfurt,FC Heidenheim,3.64515,1.28841
D1,2025-04-13 13:30:00,VfB Stuttgart,Werder Bremen,1.75437,1.65438
D1,2025-04-19 13:30:00,FC Heidenheim,Bayern Munich,0.529774,3.54191
D1,2025-04-19 13:30:00,Freiburg,Hoffenheim,1.54968,1.94701
D1,2025-04-19 13:30:00,Mainz 05,Wolfsburg,2.68235,1.80796
D1,2025-04-19 13:30:00,RasenBallsport Leipzig,Holstein Kiel,2.16761,1.017
D1,2025-04-19 16:30:00,Union Berlin,VfB Stuttgart,2.16124,1.19
D1,2025-04-19 13:30:00,Werder Bremen,Bochum,2.70919,0.4947
D1,2025-04-20 13:30:00,Augsburg,Eintracht Frankfurt,1.14215,1.39546
D1,2025-04-20 15:30:00,Borussia Dortmund,Borussia M.Gladbach,1.18456,1.2185
D1,2025-04-20 17:30:00,St. Pauli,Bayer Leverkusen,2.3164,1.13491
D1,2025-04-25 18:30:00,VfB Stuttgart,FC Heidenheim,1.91698,0.522621
D1,2025-04-26 13:30:00,Bayer Leverkusen,Augsburg,1.03782,0.640893
D1,2025-04-26 13:30:00,Bayern Munich,Mainz 05,1.70143,0.923874
D1,2025-04-26 16:30:00,Eintracht Frankfurt,RasenBallsport Leipzig,2.23942,0.316263
D1,2025-04-26 13:30:00,Hoffenheim,Borussia Dortmund,1.19025,2.41526
D1,2025-04-26 13:30:00,Holstein Kiel,Borussia M.Gladbach,3.0385,2.55098
D1,2025-04-26 13:30:00,Wolfsburg,Freiburg,0.288019,1.95821
D1,2025-04-27 13:30:00,Bochum,Union Berlin,1.5178,0.498974
D1,2025-04-27 15:30:00,Werder Bremen,St. Pauli,1.55064,0.830832
D1,2025-05-02 18:30:00,FC Heidenheim,Bochum,0.463987,1.81311
D1,2025-05-03 16:30:00,Borussia Dortmund,Wolfsburg,2.54996,1.3634
D1,2025-05-03 13:30:00,Borussia M.Gladbach,Hoffenheim,1.91833,1.91093
D1,2025-05-03 13:30:00,RasenBallsport Leipzig,Bayern Munich,1.74905,1.97214
D1,2025-05-03 13:30:00,St. Pauli,VfB Stuttgart,0.213208,3.56335
D1,2025-05-03 13:30:00,Union Berlin,Werder Bremen,1.35336,1.35783
D1,2025-05-04 13:30:00,Augsburg,Holstein Kiel,3.93001,2.10407
D1,2025-05-04 15:30:00,Freiburg,Bayer Leverkusen,0.904468,0.227838
D1,2025-05-04 17:30:00,Mainz 05,Eintracht Frankfurt,1.64254,1.3876
D1,2025-05-09 18:30:00,Wolfsburg,Hoffenheim,1.36763,1.10881
D1,2025-05-10 16:30:00,Bayern Munich,Borussia M.Gladbach,2.78307,1.35544
D1,2025-05-10 13:30:00,Bochum,Mainz 05,0.734972,2.48765
D1,2025-05-10 13:30:00,Holstein Kiel,Freiburg,0.974297,2.01558
D1,2025-05-10 13:30:00,Union Berlin,FC Heidenheim,0.528885,1.86184
D1,2025-05-10 13:30:00,Werder Bremen,RasenBallsport Leipzig,3.20616,1.39403
D1,2025-05-11 13:30:00,Bayer Leverkusen,Borussia Dortmund,1.90473,1.39477
D1,2025-05-11 15:30:00,Eintracht Frankfurt,St. Pauli,1.82027,0.666882
D1,2025-05-11 17:30:00,VfB Stuttgart,Augsburg,4.97233,0.381838
D1,2025-05-17 13:30:00,Augsburg,Union Berlin,1.57932,1.14135
D1,2025-05-17 13:30:00,Borussia Dortmund,Holstein Kiel,2.56073,0.574499
D1,2025-05-17 13:30:00,Borussia M.Gladbach,Wolfsburg,0.744546,1.5757
D1,2025-05-17 13:30:00,FC Heidenheim,Werder Bremen,1.75706,2.20606
D1,2025-05-17 13:30:00,Freiburg,Eintracht Frankfurt,1.14001,2.61814
D1,2025-05-17 13:30:00,Hoffenheim,Bayern Munich,0.661398,2.21427
D1,2025-05-17 13:30:00,Mainz 05,Bayer Leverkusen,2.89903,1.33572
D1,2025-05-17 13:30:00,RasenBallsport Leipzig,VfB Stuttgart,1.42373,3.34624
D1,2025-05-17 13:30:00,St. Pauli,Bochum,0.802748,1.34252
D1,2025-08-22 18:30:00,Bayern Munich,RasenBallsport Leipzig,3.29885,0.52226
D1,2025-08-23 13:30:00,Bayer Leverkusen,Hoffenheim,1.05253,0.505193
D1,2025-08-23 13:30:00,Eintracht Frankfurt,Werder Bremen,3.10684,0.587822
D1,2025-08-23 13:30:00,FC Heidenheim,Wolfsburg,0.783156,2.57718
D1,2025-08-23 13:30:00,Freiburg,Augsburg,2.27247,1.30191
D1,2025-08-23 16:30:00,St. Pauli,Borussia Dortmund,1.46772,2.10289
D1,2025-08-23 13:30:00,Union Berlin,VfB Stuttgart,0.529421,1.80147
D1,2025-08-24 15:30:00,Borussia M.Gladbach,Hamburger SV,1.01717,0.285593
D1,2025-08-24 13:30:00,Mainz 05,FC Cologne,1.31655,1.64676
D1,2025-08-29 18:30:00,Hamburger SV,St. Pauli,0.74111,1.85404
D1,2025-08-30 16:30:00,Augsburg,Bayern Munich,0.506028,3.37523
D1,2025-08-30 13:30:00,Hoffenheim,Eintracht Frankfurt,1.28178,1.82087
D1,2025-08-30 13:30:00,RasenBallsport Leipzig,FC Heidenheim,3.29717,0.969982
D1,2025-08-30 13:30:00,VfB Stuttgart,Borussia M.Gladbach,0.925105,1.60717
D1,2025-08-30 13:30:00,Werder Bremen,Bayer Leverkusen,2.32676,2.03733
D1,2025-08-31 15:30:00,Borussia Dortmund,Union Berlin,1.82606,0.971167
D1,2025-08-31 17:30:00,FC Cologne,Freiburg,1.84068,0.933072
D1,2025-08-31 13:30:00,Wolfsburg,Mainz 05,0.616661,1.81482
D1,2025-09-12 18:30:00,Bayer Leverkusen,Eintracht Frankfurt,2.31465,0.791863
D1,2025-09-13 16:30:00,Bayern Munich,Hamburger SV,3.03718,0.559174
D1,2025-09-13 13:30:00,FC Heidenheim,Borussia Dortmund,0.299026,2.84999
D1,2025-09-13 13:30:00,Freiburg,VfB Stuttgart,1.6832,0.548804
D1,2025-09-13 13:30:00,Mainz 05,RasenBallsport Leipzig,0.770276,1.5009
D1,2025-09-13 13:30:00,Union Berlin,Hoffenheim,3.0814,3.34084
D1,2025-09-13 13:30:00,Wolfsburg,FC Cologne,1.79835,1.72631
D1,2025-09-14 15:30:00,Borussia M.Gladbach,Werder Bremen,1.58932,2.24671
D1,2025-09-14 13:30:00,St. Pauli,Augsburg,1.95499,0.934223
D1,2025-09-19 18:30:00,VfB Stuttgart,St. Pauli,2.78829,1.05657
D1,2025-09-20 13:30:00,Augsburg,Mainz 05,0.870451,2.57047
D1,2025-09-20 13:30:00,Hamburger SV,FC Heidenheim,3.32157,2.63607
D1,2025-09-20 13:30:00,Hoffenheim,Bayern Munich,1.03716,2.7142
D1,2025-09-20 16:30:00,RasenBallsport Leipzig,FC Cologne,3.79591,1.39264
D1,2025-09-20 13:30:00,Werder Bremen,Freiburg,1.27257,2.36315
D1,2025-09-21 15:30:00,Bayer Leverkusen,Borussia M.Gladbach,1.9461,1.29876
D1,2025-09-21 17:30:00,Borussia Dortmund,Wolfsburg,1.24747,0.975457
D1,2025-09-21 13:30:00,Eintracht Frankfurt,Union Berlin,1.75582,2.23419
D1,2025-09-26 18:30:00,Bayern Munich,Werder Bremen,4.31859,0.298618
D1,2025-09-27 16:30:00,Borussia M.Gladbach,Eintracht Frankfurt,2.12935,3.78879
D1,2025-09-27 13:30:00,FC Heidenheim,Augsburg,1.79097,0.619833
D1,2025-09-27 13:30:00,Mainz 05,Borussia Dortmund,0.525149,1.75519
D1,2025-09-27 13:30:00,St. Pauli,Bayer Leverkusen,0.813325,1.28912
D1,2025-09-27 13:30:00,Wolfsburg,RasenBallsport Leipzig,2.59654,2.61107
D1,2025-09-28 15:30:00,FC Cologne,VfB Stuttgart,1.07972,2.20939
D1,2025-09-28 13:30:00,Freiburg,Hoffenheim,1.2587,2.24224
D1,2025-09-28 17:30:00,Union Berlin,Hamburger SV,1.54274,1.11274
D1,2025-10-03 18:30:00,Hoffenheim,FC Cologne,1.42371,1.30873
D1,2025-10-04 13:30:00,Augsburg,Wolfsburg,1.75326,1.22584
D1,2025-10-04 13:30:00,Bayer Leverkusen,Union Berlin,3.35673,1.19684
D1,2025-10-04 13:30:00,Borussia Dortmund,RasenBallsport Leipzig,0.668613,1.14077
D1,2025-10-04 16:30:00,Eintracht Frankfurt,Bayern Munich,0.560138,2.2301
D1,2025-10-04 13:30:00,Werder Bremen,St. Pauli,1.77957,0.912425
D1,2025-10-05 17:30:00,Borussia M.Gladbach,Freiburg,0.471184,0.689073
D1,2025-10-05 15:30:00,Hamburger SV,Mainz 05,1.65883,0.591161
D1,2025-10-05 13:30:00,VfB Stuttgart,FC Heidenheim,1.10781,0.290942
D1,2025-10-17 18:30:00,Union Berlin,Borussia M.Gladbach,1.53032,0.628848
D1,2025-10-18 16:30:00,Bayern Munich,Borussia Dortmund,2.81994,1.41011
D1,2025-10-18 13:30:00,FC Cologne,Augsburg,0.523854,1.11917
D1,2025-10-18 13:30:00,FC Heidenheim,Werder Bremen,3.07635,1.85638
D1,2025-10-18 13:30:00,Mainz 05,Bayer Leverkusen,1.62978,4.43462
D1,2025-10-18 13:30:00,RasenBallsport Leipzig,Hamburger SV,1.15611,1.29355
D1,2025-10-18 13:30:00,Wolfsburg,VfB Stuttgart,0.392885,2.39474
D1,2025-10-19 13:30:00,Freiburg,Eintracht Frankfurt,1.12896,0.772638
D1,2025-10-19 15:30:00,St. Pauli,Hoffenheim,0.871968,1.79103
D1,2025-10-24 18:30:00,Werder Bremen,Union Berlin,1.1444,0.487613
D1,2025-10-25 13:30:00,Augsburg,RasenBallsport Leipzig,0.639182,2.69438
D1,2025-10-25 16:30:00,Borussia Dortmund,FC Cologne,2.09125,0.70563
D1,2025-10-25 13:30:00,Borussia M.Gladbach,Bayern Munich,0.757777,2.65026
D1,2025-10-25 13:30:00,Eintracht Frankfurt,St. Pauli,2.42632,0.519973
D1,2025-10-25 13:30:00,Hamburger SV,Wolfsburg,2.40547,0.695528
D1,2025-10-25 13:30:00,Hoffenheim,FC Heidenheim,2.4278,0.902315
D1,2025-10-26 13:30:00,Bayer Leverkusen,Freiburg,2.46787,0.542897
D1,2025-10-26 15:30:00,VfB Stuttgart,Mainz 05,1.66805,1.40956
D1,2025-10-31 19:30:00,Augsburg,Borussia Dortmund,0.969501,0.588196
D1,2025-11-01 17:30:00,Bayern Munich,Bayer Leverkusen,2.28295,0.382774
D1,2025-11-01 14:30:00,FC Heidenheim,Eintracht Frankfurt,0.831882,1.22406
D1,2025-11-01 14:30:00,Mainz 05,Werder Bremen,1.90161,0.880505
D1,2025-11-01 14:30:00,RasenBallsport Leipzig,VfB Stuttgart,1.73471,1.0701
D1,2025-11-01 14:30:00,St. Pauli,Borussia M.Gladbach,0.804394,3.6262
D1,2025-11-01 14:30:00,Union Berlin,Freiburg,1.34842,1.16519
D1,2025-11-02 14:30:00,FC Cologne,Hamburger SV,3.87376,1.19296
D1,2025-11-02 16:30:00,Wolfsburg,Hoffenheim,1.40117,1.74291
D1,2025-11-07 19:30:00,Werder Bremen,Wolfsburg,1.69456,0.676326
D1,2025-11-08 14:30:00,Bayer Leverkusen,FC Heidenheim,3.90142,0.063377
D1,2025-11-08 17:30:00,Borussia M.Gladbach,FC Cologne,2.46206,2.15818
D1,2025-11-08 14:30:00,Hamburger SV,Borussia Dortmund,0.419878,1.42582
D1,2025-11-08 14:30:00,Hoffenheim,RasenBallsport Leipzig,1.92349,1.56187
D1,2025-11-08 14:30:00,Union Berlin,Bayern Munich,1.02778,1.34246
D1,2025-11-09 18:30:00,Eintracht Frankfurt,Mainz 05,1.77854,0.121469
D1,2025-11-09 14:30:00,Freiburg,St. Pauli,1.66558,0.640748
D1,2025-11-09 16:30:00,VfB Stuttgart,Augsburg,2.44526,1.90345
D1,2025-11-21 19:30:00,Mainz 05,Hoffenheim,2.88712,1.54404
D1,2025-11-22 14:30:00,Augsburg,Hamburger SV,1.61897,1.555
D1,2025-11-22 14:30:00,Bayern Munich,Freiburg,3.13858,0.516966
D1,2025-11-22 14:30:00,Borussia Dortmund,VfB Stuttgart,3.15124,1.80942
D1,2025-11-22 17:30:00,FC Cologne,Eintracht Frankfurt,1.38923,2.44506
D1,2025-11-22 14:30:00,FC Heidenheim,Borussia M.Gladbach,0.363207,2.79666
D1,2025-11-22 14:30:00,Wolfsburg,Bayer Leverkusen,2.07979,1.58644
D1,2025-11-23 14:30:00,RasenBallsport Leipzig,Werder Bremen,2.42834,0.774872
D1,2025-11-23 16:30:00,St. Pauli,Union Berlin,0.568717,0.398431
D1,2025-11-28 19:30:00,Borussia M.Gladbach,RasenBallsport Leipzig,0.388883,1.09232
D1,2025-11-29 17:30:00,Bayer Leverkusen,Borussia Dortmund,1.08287,1.1562
D1,2025-11-29 14:30:00,Bayern Munich,St. Pauli,2.53942,0.74073
D1,2025-11-29 14:30:00,Hoffenheim,Augsburg,1.79612,0.655496
D1,2025-11-29 14:30:00,Union Berlin,FC Heidenheim,0.942923,0.522102
D1,2025-11-29 14:30:00,Werder Bremen,FC Cologne,1.53668,1.1848
D1,2025-11-30 16:30:00,Eintracht Frankfurt,Wolfsburg,1.66051,1.60645
D1,2025-11-30 18:30:00,Freiburg,Mainz 05,4.15677,0.0500621
D1,2025-11-30 14:30:00,Hamburger SV,VfB Stuttgart,1.21357,1.10868
D1,2025-12-05 19:30:00,Mainz 05,Borussia M.Gladbach,1.09331,1.90297
D1,2025-12-06 14:30:00,Augsburg,Bayer Leverkusen,2.14102,1.41889
D1,2025-12-06 14:30:00,FC Cologne,St. Pauli,1.90409,0.143945
D1,2025-12-06 14:30:00,FC Heidenheim,Freiburg,2.66592,0.800321
D1,2025-12-06 17:30:00,RasenBallsport Leipzig,Eintracht Frankfurt,3.64182,0.473289
D1,2025-12-06 14:30:00,VfB Stuttgart,Bayern Munich,0.729313,4.07867
D1,2025-12-06 14:30:00,Wolfsburg,Union Berlin,0.929936,2.01932
D1,2025-12-07 16:30:00,Borussia Dortmund,Hoffenheim,1.10147,1.42364
D1,2025-12-07 14:30:00,Hamburger SV,Werder Bremen,1.57713,1.17349
D1,2025-12-12 19:30:00,Union Berlin,RasenBallsport Leipzig,1.4766,0.495677
D1,2025-12-13 17:30:00,Bayer Leverkusen,FC Cologne,2.295,0.436565
D1,2025-12-13 14:30:00,Borussia M.Gladbach,Wolfsburg,0.620418,2.72142
D1,2025-12-13 14:30:00,Eintracht Frankfurt,Augsburg,1.52024,0.655733
D1,2025-12-13 14:30:00,Hoffenheim,Hamburger SV,2.48806,1.40522
D1,2025-12-13 14:30:00,St. Pauli,FC Heidenheim,1.00037,1.8944
D1,2025-12-14 16:30:00,Bayern Munich,Mainz 05,4.67956,0.803171
D1,2025-12-14 14:30:00,Freiburg,Borussia Dortmund,1.10621,1.47427
D1,2025-12-14 18:30:00,Werder Bremen,VfB Stuttgart,0.607898,2.05209
D1,2025-12-19 19:30:00,Borussia Dortmund,Borussia M.Gladbach,1.65394,0.221237
D1,2025-12-20 14:30:00,Augsburg,Werder Bremen,1.49411,0.90686
D1,2025-12-20 14:30:00,FC Cologne,Union Berlin,0.677102,1.4739
D1,2025-12-20 14:30:00,Hamburger SV,Eintracht Frankfurt,1.09769,1.09137
D1,2025-12-20 17:30:00,RasenBallsport Leipzig,Bayer Leverkusen,1.93929,2.70478
D1,2025-12-20 14:30:00,VfB Stuttgart,Hoffenheim,1.46116,0.154175
D1,2025-12-20 14:30:00,Wolfsburg,Freiburg,1.30583,2.65964
D1,2025-12-21 16:30:00,FC Heidenheim,Bayern Munich,1.48758,3.36795
D1,2025-12-21 14:30:00,Mainz 05,St. Pauli,1.87368,0.227249
D1,2026-01-09 19:30:00,Eintracht Frankfurt,Borussia Dortmund,1.66426,2.29827
D1,2026-01-10 17:30:00,Bayer Leverkusen,VfB Stuttgart,1.98318,2.68822
D1,2026-01-10 14:30:00,FC Heidenheim,FC Cologne,2.14635,2.75624
D1,2026-01-10 14:30:00,Freiburg,Hamburger SV,2.93517,0.850812
D1,2026-01-10 14:30:00,Union Berlin,Mainz 05,3.6505,1.56492
D1,2026-01-11 16:30:00,Bayern Munich,Wolfsburg,3.54931,1.08515
D1,2026-01-11 14:30:00,Borussia M.Gladbach,Augsburg,3.57201,1.57502
D1,2026-01-13 19:30:00,Borussia Dortmund,Werder Bremen,2.31769,0.39948
D1,2026-01-13 19:30:00,Mainz 05,FC Heidenheim,1.95686,1.23557
D1,2026-01-13 17:30:00,VfB Stuttgart,Eintracht Frankfurt,3.54461,0.896468
D1,2026-01-14 19:30:00,FC Cologne,Bayern Munich,0.714659,2.11635
D1,2026-01-14 19:30:00,Hoffenheim,Borussia M.Gladbach,4.3777,0.83294
D1,2026-01-14 19:30:00,RasenBallsport Leipzig,Freiburg,2.80289,0.147682
D1,2026-01-14 17:30:00,Wolfsburg,St. Pauli,1.78032,1.21171
D1,2026-01-15 19:30:00,Augsburg,Union Berlin,0.559529,1.73831
D1,2026-01-16 19:30:00,Werder Bremen,Eintracht Frankfurt,2.10111,1.20772
D1,2026-01-17 14:30:00,Borussia Dortmund,St. Pauli,2.5477,0.532613
D1,2026-01-17 14:30:00,FC Cologne,Mainz 05,2.41277,1.91073
D1,2026-01-17 14:30:00,Hamburger SV,Borussia M.Gladbach,1.26205,0.576522
D1,2026-01-17 14:30:00,Hoffenheim,Bayer Leverkusen,2.11995,1.27048
D1,2026-01-17 17:30:00,RasenBallsport Leipzig,Bayern Munich,2.86917,4.65226
D1,2026-01-17 14:30:00,Wolfsburg,FC Heidenheim,1.07653,0.991172
D1,2026-01-18 16:30:00,Augsburg,Freiburg,0.986653,1.59107
D1,2026-01-18 14:30:00,VfB Stuttgart,Union Berlin,2.1978,1.88763
D1,2026-01-23 19:30:00,St. Pauli,Hamburger SV,0.311991,0.333197
D1,2026-01-24 14:30:00,Bayer Leverkusen,Werder Bremen,2.51599,0.673986
D1,2026-01-24 14:30:00,Bayern Munich,Augsburg,2.30773,1.24551
D1,2026-01-24 14:30:00,Eintracht Frankfurt,Hoffenheim,0.829658,1.62813
D1,2026-01-24 14:30:00,FC Heidenheim,RasenBallsport Leipzig,0.987658,2.07675
D1,2026-01-24 14:30:00,Mainz 05,Wolfsburg,4.34199,1.09338
D1,2026-01-24 17:30:00,Union Berlin,Borussia Dortmund,0.989732,2.27286
D1,2026-01-25 14:30:00,Borussia M.Gladbach,VfB Stuttgart,1.22197,2.72682
D1,2026-01-25 16:30:00,Freiburg,FC Cologne,2.56728,1.69119
D1,2026-01-27 19:30:00,St. Pauli,RasenBallsport Leipzig,1.33165,2.05989
D1,2026-01-27 19:30:00,Werder Bremen,Hoffenheim,1.42692,0.567567
D1,2026-01-30 19:30:00,FC Cologne,Wolfsburg,1.43559,1.34631
D1,2026-01-31 14:30:00,Augsburg,St. Pauli,2.11699,2.88611
D1,2026-01-31 14:30:00,Eintracht Frankfurt,Bayer Leverkusen,1.31849,1.52952
D1,2026-01-31 17:30:00,Hamburger SV,Bayern Munich,2.64497,2.28911
D1,2026-01-31 14:30:00,Hoffenheim,Union Berlin,1.50682,1.23275
D1,2026-01-31 14:30:00,RasenBallsport Leipzig,Mainz 05,2.09422,2.57678
D1,2026-01-31 14:30:00,Werder Bremen,Borussia M.Gladbach,0.991152,1.25715
D1,2026-02-01 16:30:00,Borussia Dortmund,FC Heidenheim,4.13897,3.04324
D1,2026-02-01 14:30:00,VfB Stuttgart,Freiburg,2.95203,0.936187
D1,2026-02-06 19:30:00,Union Berlin,Eintracht Frankfurt,1.27118,0.296813
D1,2026-02-07 17:30:00,Borussia M.Gladbach,Bayer Leverkusen,0.783478,0.741257
D1,2026-02-07 14:30:00,FC Heidenheim,Hamburger SV,1.04614,1.55106
D1,2026-02-07 14:30:00,Freiburg,Werder Bremen,0.36452,1.12332
D1,2026-02-07 14:30:00,Mainz 05,Augsburg,3.00656,1.35939
D1,2026-02-07 14:30:00,St. Pauli,VfB Stuttgart,1.66217,0.912627
D1,2026-02-07 14:30:00,Wolfsburg,Borussia Dortmund,2.02751,1.70601
D1,2026-02-08 16:30:00,Bayern Munich,Hoffenheim,6.37827,2.66829
D1,2026-02-08 14:30:00,FC Cologne,RasenBallsport Leipzig,1.12167,3.0577
D1,2026-02-13 19:30:00,Borussia Dortmund,Mainz 05,1.81026,1.67199
D1,2026-02-14 14:30:00,Bayer Leverkusen,St. Pauli,2.26044,0.654783
D1,2026-02-14 14:30:00,Eintracht Frankfurt,Borussia M.Gladbach,1.98736,1.03155
D1,2026-02-14 14:30:00,Hamburger SV,Union Berlin,2.20339,2.18966
D1,2026-02-14 14:30:00,Hoffenheim,Freiburg,1.90052,0.744054
D1,2026-02-14 17:30:00,VfB Stuttgart,FC Cologne,2.56266,1.13246
D1,2026-02-14 14:30:00,Werder Bremen,Bayern Munich,0.77965,1.87713
D1,2026-02-15 14:30:00,Augsburg,FC Heidenheim,1.87679,0.697774
D1,2026-02-15 16:30:00,RasenBallsport Leipzig,Wolfsburg,2.51087,0.687761
D1,2026-02-20 19:30:00,Mainz 05,Hamburger SV,1.75215,0.823398
D1,2026-02-21 14:30:00,Bayern Munich,Eintracht Frankfurt,2.83518,2.29258
D1,2026-02-21 14:30:00,FC Cologne,Hoffenheim,1.12252,1.8243
D1,2026-02-21 17:30:00,RasenBallsport Leipzig,Borussia Dortmund,3.50934,1.35347
D1,2026-02-21 14:30:00,Union Berlin,Bayer Leverkusen,0.757702,1.20274
D1,2026-02-21 14:30:00,Wolfsburg,Augsburg,2.17584,1.56427
D1,2026-02-22 18:30:00,FC Heidenheim,VfB Stuttgart,2.21575,2.27505
D1,2026-02-22 14:30:00,Freiburg,Borussia M.Gladbach,1.29234,1.02855
D1,2026-02-22 16:30:00,St. Pauli,Werder Bremen,0.260698,1.61141
D1,2026-02-27 19:30:00,Augsburg,FC Cologne,1.55844,0.492698
D1,2026-02-28 14:30:00,Bayer Leverkusen,Mainz 05,1.94817,0.9714
D1,2026-02-28 17:30:00,Borussia Dortmund,Bayern Munich,1.39761,1.89016
D1,2026-02-28 14:30:00,Borussia M.Gladbach,Union Berlin,2.56014,0.137598
D1,2026-02-28 14:30:00,Hoffenheim,St. Pauli,2.57411,0.946504
D1,2026-02-28 14:30:00,Werder Bremen,FC Heidenheim,3.47889,1.70919
D1,2026-03-01 16:30:00,Eintracht Frankfurt,Freiburg,1.67095,0.64193
D1,2026-03-01 18:30:00,Hamburger SV,RasenBallsport Leipzig,0.820585,2.28997
D1,2026-03-01 14:30:00,VfB Stuttgart,Wolfsburg,2.95189,0.865739
D1,2026-03-04 19:30:00,Hamburger SV,Bayer Leverkusen,1.28692,2.67874
D1,2026-03-06 19:30:00,Bayern Munich,Borussia M.Gladbach,3.11976,1.21993
D1,2026-03-07 17:30:00,FC Cologne,Borussia Dortmund,0.96405,1.9574
D1,2026-03-07 14:30:00,FC Heidenheim,Hoffenheim,0.966678,2.79383
D1,2026-03-07 14:30:00,Freiburg,Bayer Leverkusen,2.58409,2.1863
D1,2026-03-07 14:30:00,Mainz 05,VfB Stuttgart,3.52523,0.920068
D1,2026-03-07 14:30:00,RasenBallsport Leipzig,Augsburg,2.19435,3.6651
D1,2026-03-07 14:30:00,Wolfsburg,Hamburger SV,2.46612,1.80445
D1,2026-03-08 14:30:00,St. Pauli,Eintracht Frankfurt,0.472285,0.451537
D1,2026-03-08 16:30:00,Union Berlin,Werder Bremen,1.12998,2.23984
D1,2026-03-13 19:30:00,Borussia M.Gladbach,St. Pauli,1.08342,0.628713
D1,2026-03-14 14:30:00,Bayer Leverkusen,Bayern Munich,2.65255,1.26817
D1,2026-03-14 14:30:00,Borussia Dortmund,Augsburg,2.49053,0.755745
D1,2026-03-14 14:30:00,Eintracht Frankfurt,FC Heidenheim,0.725159,0.136174
D1,2026-03-14 17:30:00,Hamburger SV,FC Cologne,0.556493,0.984168
D1,2026-03-14 14:30:00,Hoffenheim,Wolfsburg,2.23813,0.221431
D1,2026-03-15 16:30:00,Freiburg,Union Berlin,1.34508,1.0006
D1,2026-03-15 18:30:00,VfB Stuttgart,RasenBallsport Leipzig,1.93167,1.12178
D1,2026-03-15 14:30:00,Werder Bremen,Mainz 05,0.890006,2.05621
D1,2026-03-20 19:30:00,RasenBallsport Leipzig,Hoffenheim,2.90699,0.521404
D1,2026-03-21 14:30:00,Bayern Munich,Union Berlin,5.93389,0.224572
D1,2026-03-21 17:30:00,Borussia Dortmund,Hamburger SV,6.10187,1.23049
D1,2026-03-21 14:30:00,FC Cologne,Borussia M.Gladbach,1.29293,1.08153
D1,2026-03-21 14:30:00,FC Heidenheim,Bayer Leverkusen,1.73738,1.96287
D1,2026-03-21 14:30:00,Wolfsburg,Werder Bremen,1.05686,0.414924
D1,2026-03-22 18:30:00,Augsburg,VfB Stuttgart,1.59097,3.87094
D1,2026-03-22 14:30:00,Mainz 05,Eintracht Frankfurt,1.38387,1.71748
D1,2026-03-22 16:30:00,St. Pauli,Freiburg,1.39653,2.74421
D1,2026-04-04 13:30:00,Bayer Leverkusen,Wolfsburg,4.59518,2.54712
D1,2026-04-04 13:30:00,Borussia M.Gladbach,FC Heidenheim,1.09174,0.883368
D1,2026-04-04 13:30:00,Freiburg,Bayern Munich,2.04585,2.49116
D1,2026-04-04 13:30:00,Hamburger SV,Augsburg,1.53108,2.57589
D1,2026-04-04 13:30:00,Hoffenheim,Mainz 05,1.51732,2.22893
D1,2026-04-04 16:30:00,VfB Stuttgart,Borussia Dortmund,0.553248,0.76449
D1,2026-04-04 13:30:00,Werder Bremen,RasenBallsport Leipzig,0.898486,1.61345
D1,2026-04-05 15:30:00,Eintracht Frankfurt,FC Cologne,2.16998,3.09815
D1,2026-04-05 13:30:00,Union Berlin,St. Pauli,1.78288,0.325477
D1,2026-04-10 18:30:00,Augsburg,Hoffenheim,2.67199,1.43152
D1,2026-04-11 13:30:00,Borussia Dortmund,Bayer Leverkusen,1.01423,0.728586
D1,2026-04-11 13:30:00,FC Heidenheim,Union Berlin,2.11247,1.11885
D1,2026-04-11 13:30:00,RasenBallsport Leipzig,Borussia M.Gladbach,2.56843,1.66258
D1,2026-04-11 16:30:00,St. Pauli,Bayern Munich,0.355983,4.15447
D1,2026-04-11 13:30:00,Wolfsburg,Eintracht Frankfurt,2.26232,1.38694
D1,2026-04-12 13:30:00,FC Cologne,Werder Bremen,3.90871,0.870139
D1,2026-04-12 17:30:00,Mainz 05,Freiburg,0.458085,0.538882
D1,2026-04-12 15:30:00,VfB Stuttgart,Hamburger SV,3.8645,0.417554
D1,2026-04-17 18:30:00,St. Pauli,FC Cologne,2.2798,1.26761
D1,2026-04-18 13:30:00,Bayer Leverkusen,Augsburg,3.73107,1.29743
D1,2026-04-18 16:30:00,Eintracht Frankfurt,RasenBallsport Leipzig,1.40341,2.02122
D1,2026-04-18 13:30:00,Hoffenheim,Borussia Dortmund,2.22458,1.28292
D1,2026-04-18 13:30:00,Union Berlin,Wolfsburg,2.38881,0.23493
D1,2026-04-18 13:30:00,Werder Bremen,Hamburger SV,1.60257,0.914249
D1,2026-04-19 15:30:00,Bayern Munich,VfB Stuttgart,5.11014,1.26038
D1,2026-04-19 17:30:00,Borussia M.Gladbach,Mainz 05,1.11134,2.46195
D1,2026-04-19 13:30:00,Freiburg,FC Heidenheim,2.13766,1.74426
D1,2026-04-24 18:30:00,RasenBallsport Leipzig,Union Berlin,4.53545,0.372365
D1,2026-04-25 13:30:00,Augsburg,Eintracht Frankfurt,2.13872,0.854238
D1,2026-04-25 13:30:00,FC Cologne,Bayer Leverkusen,3.49945,1.85749
D1,2026-04-25 13:30:00,FC Heidenheim,St. Pauli,2.17234,1.17753
D1,2026-04-25 16:30:00,Hamburger SV,Hoffenheim,1.48261,2.42862
D1,2026-04-25 13:30:00,Mainz 05,Bayern Munich,3.22403,2.36194
D1,2026-04-25 13:30:00,Wolfsburg,Borussia M.Gladbach,1.61116,0.473153
D1,2026-04-26 15:30:00,Borussia Dortmund,Freiburg,3.09306,0.496971
D1,2026-04-26 13:30:00,VfB Stuttgart,Werder Bremen,1.99681,0.958992
D1,2026-05-02 16:30:00,Bayer Leverkusen,RasenBallsport Leipzig,5.41733,1.49733
D1,2026-05-02 13:30:00,Bayern Munich,FC Heidenheim,1.87973,2.48197
D1,2026-05-02 13:30:00,Eintracht Frankfurt,Hamburger SV,0.992322,0.627209
D1,2026-05-02 13:30:00,Hoffenheim,VfB Stuttgart,2.6399,1.76153
D1,2026-05-02 13:30:00,Union Berlin,FC Cologne,0.887532,1.6958
D1,2026-05-02 13:30:00,Werder Bremen,Augsburg,0.814452,3.23625
D1,2026-05-03 15:30:00,Borussia M.Gladbach,Borussia Dortmund,2.68245,0.4281
D1,2026-05-03 17:30:00,Freiburg,Wolfsburg,0.947988,1.11086
D1,2026-05-03 13:30:00,St. Pauli,Mainz 05,1.08664,2.80672
D1,2026-05-08 18:30:00,Borussia Dortmund,Eintracht Frankfurt,2.94988,0.942523
D1,2026-05-09 13:30:00,Augsburg,Borussia M.Gladbach,2.80244,1.05493
D1,2026-05-09 13:30:00,Hoffenheim,Werder Bremen,1.28965,1.45272
D1,2026-05-09 13:30:00,RasenBallsport Leipzig,St. Pauli,2.32909,0.945954
D1,2026-05-09 13:30:00,VfB Stuttgart,Bayer Leverkusen,3.42891,0.631905
D1,2026-05-09 16:30:00,Wolfsburg,Bayern Munich,3.26878,1.9054
D1,2026-05-10 15:30:00,FC Cologne,FC Heidenheim,1.51486,2.04489
D1,2026-05-10 13:30:00,Hamburger SV,Freiburg,2.02228,0.583605
D1,2026-05-10 17:30:00,Mainz 05,Union Berlin,2.09983,2.94155
D1,2026-05-16 13:30:00,Bayer Leverkusen,Hamburger SV,3.08571,1.63049
D1,2026-05-16 13:30:00,Bayern Munich,FC Cologne,2.81515,0.880203
D1,2026-05-16 13:30:00,Borussia M.Gladbach,Hoffenheim,0.845598,1.77286
D1,2026-05-16 13:30:00,Eintracht Frankfurt,VfB Stuttgart,2.99231,1.81013
D1,2026-05-16 13:30:00,FC Heidenheim,Mainz 05,3.03813,3.90834
D1,2026-05-16 13:30:00,Freiburg,RasenBallsport Leipzig,2.54392,1.51341
D1,2026-05-16 13:30:00,St. Pauli,Wolfsburg,1.98722,4.0649
D1,2026-05-16 13:30:00,Union Berlin,Augsburg,2.45125,0.506181
D1,2026-05-16 13:30:00,Werder Bremen,Borussia Dortmund,0.530615,3.37413
I1,2023-08-19 16:30:00,Empoli,Verona,0.844727,0.690842
I1,2023-08-19 16:30:00,Frosinone,Napoli,0.871157,1.31464
I1,2023-08-19 18:45:00,Genoa,Fiorentina,0.79732,1.1197
I1,2023-08-19 18:45:00,Inter,Monza,2.49549,0.581247
I1,2023-08-20 18:45:00,Lecce,Lazio,1.75411,2.22215
I1,2023-08-20 16:30:00,Roma,Salernitana,2.00607,0.364297
I1,2023-08-20 16:30:00,Sassuolo,Atalanta,0.381264,1.50058
I1,2023-08-20 18:45:00,Udinese,Juventus,1.20988,1.86438
I1,2023-08-21 18:45:00,Bologna,AC Milan,1.17349,1.1479
I1,2023-08-21 16:30:00,Torino,Cagliari,1.03099,0.443184
I1,2023-08-26 18:45:00,AC Milan,Torino,3.25277,0.563184
I1,2023-08-26 16:30:00,Frosinone,Atalanta,0.760807,1.44199
I1,2023-08-26 16:30:00,Monza,Empoli,2.0469,1.13824
I1,2023-08-26 18:45:00,Verona,Roma,0.904461,2.00413
I1,2023-08-27 16:30:00,Fiorentina,Lecce,1.51003,0.494028
I1,2023-08-27 16:30:00,Juventus,Bologna,0.915803,0.687398
I1,2023-08-27 18:45:00,Lazio,Genoa,0.937895,0.69511
I1,2023-08-27 18:45:00,Napoli,Sassuolo,3.53489,0.145568
I1,2023-08-28 18:45:00,Cagliari,Inter,0.484344,1.25423
I1,2023-08-28 16:30:00,Salernitana,Udinese,0.559371,0.548425
I1,2023-09-01 18:45:00,Roma,AC Milan,0.412392,1.62873
I1,2023-09-01 16:30:00,Sassuolo,Verona,2.62139,0.555465
I1,2023-09-02 18:45:00,Atalanta,Monza,1.96499,0.37036
I1,2023-09-02 16:30:00,Bologna,Cagliari,2.8268,0.537052
I1,2023-09-02 18:45:00,Napoli,Lazio,1.04344,1.04826
I1,2023-09-02 16:30:00,Udinese,Frosinone,2.07837,2.41709
I1,2023-09-03 18:45:00,Empoli,Juventus,0.304187,3.04937
I1,2023-09-03 16:30:00,Inter,Fiorentina,5.21474,0.346607
I1,2023-09-03 18:45:00,Lecce,Salernitana,1.83665,1.05367
I1,2023-09-03 16:30:00,Torino,Genoa,0.481429,0.102008
I1,2023-09-16 18:45:00,Genoa,Napoli,1.33007,0.984291
I1,2023-09-16 16:00:00,Inter,AC Milan,2.95417,0.989611
I1,2023-09-16 13:00:00,Juventus,Lazio,2.6734,0.704843
I1,2023-09-17 10:30:00,Cagliari,Udinese,2.2007,0.836992
I1,2023-09-17 16:00:00,Fiorentina,Atalanta,1.4533,0.632092
I1,2023-09-17 13:00:00,Frosinone,Sassuolo,2.97022,1.93433
I1,2023-09-17 13:00:00,Monza,Lecce,3.29559,0.895727
I1,2023-09-17 18:45:00,Roma,Empoli,2.49292,0.166755
I1,2023-09-18 16:30:00,Salernitana,Torino,0.694683,1.54562
I1,2023-09-18 18:45:00,Verona,Bologna,0.408446,0.896605
I1,2023-09-22 18:45:00,Lecce,Genoa,1.00903,0.532474
I1,2023-09-22 16:30:00,Salernitana,Frosinone,0.834621,0.98737
I1,2023-09-23 13:00:00,AC Milan,Verona,0.916672,0.845815
I1,2023-09-23 18:45:00,Lazio,Monza,1.02354,1.80956
I1,2023-09-23 16:00:00,Sassuolo,Juventus,1.74238,1.36816
I1,2023-09-24 13:00:00,Atalanta,Cagliari,1.67724,1.00314
I1,2023-09-24 16:00:00,Bologna,Napoli,0.184666,1.84847
I1,2023-09-24 10:30:00,Empoli,Inter,0.330665,1.63518
I1,2023-09-24 18:45:00,Torino,Roma,1.10678,1.10764
I1,2023-09-24 13:00:00,Udinese,Fiorentina,2.40063,0.281122
I1,2023-09-26 18:45:00,Juventus,Lecce,1.64987,0.0667791
I1,2023-09-27 16:30:00,Cagliari,AC Milan,0.67613,2.10838
I1,2023-09-27 16:30:00,Empoli,Salernitana,2.29107,0.477434
I1,2023-09-27 18:45:00,Inter,Sassuolo,1.02458,1.02404
I1,2023-09-27 18:45:00,Lazio,Torino,0.773684,0.213455
I1,2023-09-27 18:45:00,Napoli,Udinese,3.70921,0.82191
I1,2023-09-27 16:30:00,Verona,Atalanta,0.325267,1.38356
I1,2023-09-28 16:30:00,Frosinone,Fiorentina,0.976021,1.45269
I1,2023-09-28 18:45:00,Genoa,Roma,1.59801,1.29625
I1,2023-09-28 16:30:00,Monza,Bologna,1.02777,1.04179
I1,2023-09-30 16:00:00,AC Milan,Lazio,2.69178,0.502537
I1,2023-09-30 13:00:00,Lecce,Napoli,0.612649,2.71689
I1,2023-09-30 18:45:00,Salernitana,Inter,0.620122,2.5554
I1,2023-10-01 16:00:00,Atalanta,Juventus,1.97735,0.203059
I1,2023-10-01 10:30:00,Bologna,Empoli,3.28867,1.04905
I1,2023-10-01 18:45:00,Roma,Frosinone,0.830718,0.791935
I1,2023-10-01 13:00:00,Udinese,Genoa,1.53115,0.83333
I1,2023-10-02 18:45:00,Fiorentina,Cagliari,1.52678,0.81356
I1,2023-10-02 16:30:00,Sassuolo,Monza,1.49022,1.84951
I1,2023-10-02 16:30:00,Torino,Verona,0.617691,0.273624
I1,2023-10-06 16:30:00,Empoli,Udinese,1.00116,1.23968
I1,2023-10-06 18:45:00,Lecce,Sassuolo,1.51817,1.74518
I1,2023-10-07 18:45:00,Genoa,AC Milan,0.353901,0.898603
I1,2023-10-07 13:00:00,Inter,Bologna,0.705274,1.04766
I1,2023-10-07 16:00:00,Juventus,Torino,2.40906,0.592513
I1,2023-10-08 16:00:00,Cagliari,Roma,1.76268,3.3327
I1,2023-10-08 13:00:00,Frosinone,Verona,1.91977,0.506291
I1,2023-10-08 13:00:00,Lazio,Atalanta,1.65045,1.0016
I1,2023-10-08 10:30:00,Monza,Salernitana,3.73783,0.999628
I1,2023-10-08 18:45:00,Napoli,Fiorentina,1.77418,1.76863
I1,2023-10-21 18:45:00,Sassuolo,Lazio,0.319165,2.93562
I1,2023-10-21 16:00:00,Torino,Inter,0.596799,2.44253
I1,2023-10-21 13:00:00,Verona,Napoli,0.87241,2.65531
I1,2023-10-22 18:45:00,AC Milan,Juventus,0.238518,1.80571
I1,2023-10-22 16:00:00,Atalanta,Genoa,1.97081,1.04166
I1,2023-10-22 13:00:00,Bologna,Frosinone,1.63336,1.42786
I1,2023-10-22 10:30:00,Roma,Monza,2.53278,0.423669
I1,2023-10-22 13:00:00,Salernitana,Cagliari,1.33333,1.4958
I1,2023-10-23 18:45:00,Fiorentina,Empoli,0.764401,1.79488
I1,2023-10-23 16:30:00,Udinese,Lecce,2.58184,0.808325
I1,2023-10-27 18:45:00,Genoa,Salernitana,0.40726,0.778619
I1,2023-10-28 18:45:00,Juventus,Verona,3.64831,0.318759
I1,2023-10-28 16:00:00,Lecce,Torino,0.462357,1.33241
I1,2023-10-28 13:00:00,Sassuolo,Bologna,0.864789,0.829724
I1,2023-10-29 11:30:00,Cagliari,Frosinone,4.07472,1.29593
I1,2023-10-29 17:00:00,Inter,Roma,2.25314,0.495306
I1,2023-10-29 14:00:00,Monza,Udinese,0.40283,1.05616
I1,2023-10-29 19:45:00,Napoli,AC Milan,1.50253,2.37489
I1,2023-10-30 17:30:00,Empoli,Atalanta,0.271851,2.19175
I1,2023-10-30 19:45:00,Lazio,Fiorentina,2.36178,0.389451
I1,2023-11-03 19:45:00,Bologna,Lazio,0.698258,0.462021
I1,2023-11-04 19:45:00,AC Milan,Udinese,1.28493,2.1049
I1,2023-11-04 17:00:00,Atalanta,Inter,1.36089,1.39642
I1,2023-11-04 14:00:00,Salernitana,Napoli,0.322231,1.67658
I1,2023-11-05 14:00:00,Cagliari,Genoa,1.26944,0.669834
I1,2023-11-05 19:45:00,Fiorentina,Juventus,0.675388,0.855784
I1,2023-11-05 17:00:00,Roma,Lecce,2.55177,1.20256
I1,2023-11-05 11:30:00,Verona,Monza,1.12724,1.39014
I1,2023-11-06 17:30:00,Frosinone,Empoli,0.80376,1.87117
I1,2023-11-06 19:45:00,Torino,Sassuolo,3.43408,0.499189
I1,2023-11-10 19:45:00,Genoa,Verona,2.04226,0.2458
I1,2023-11-10 17:30:00,Sassuolo,Salernitana,2.4684,0.946956
I1,2023-11-11 17:00:00,Juventus,Cagliari,3.04248,0.477922
I1,2023-11-11 14:00:00,Lecce,AC Milan,1.99035,2.22404
I1,2023-11-11 19:45:00,Monza,Torino,1.16628,0.819686
I1,2023-11-12 14:00:00,Fiorentina,Bologna,1.57435,2.31019
I1,2023-11-12 20:45:00,Inter,Frosinone,3.2782,0.58612
I1,2023-11-12 17:00:00,Lazio,Roma,0.398131,0.320262
I1,2023-11-12 11:30:00,Napoli,Empoli,1.06052,0.38859
I1,2023-11-12 14:00:00,Udinese,Atalanta,1.21433,0.575292
I1,2023-11-25 19:45:00,AC Milan,Fiorentina,1.78395,1.69486
I1,2023-11-25 17:00:00,Atalanta,Napoli,0.880466,2.51076
I1,2023-11-25 14:00:00,Salernitana,Lazio,1.40102,1.83536
I1,2023-11-26 11:30:00,Cagliari,Monza,1.58663,0.802396
I1,2023-11-26 14:00:00,Empoli,Sassuolo,1.47716,2.97603
I1,2023-11-26 14:00:00,Frosinone,Genoa,0.990501,1.82552
I1,2023-11-26 19:45:00,Juventus,Inter,0.488914,0.692636
I1,2023-11-26 17:00:00,Roma,Udinese,1.25942,0.532293
I1,2023-11-27 19:45:00,Bologna,Torino,1.34938,0.573292
I1,2023-11-27 17:30:00,Verona,Lecce,1.94683,1.52186
I1,2023-12-01 18:45:00,Monza,Juventus,0.656513,2.95935
I1,2023-12-02 19:45:00,AC Milan,Frosinone,1.01016,0.728766
I1,2023-12-02 14:00:00,Genoa,Empoli,0.832928,0.753276
I1,2023-12-02 17:00:00,Lazio,Cagliari,2.50417,0.613719
I1,2023-12-03 14:00:00,Fiorentina,Salernitana,3.06935,0.780756
I1,2023-12-03 11:30:00,Lecce,Bologna,1.65827,1.51659
I1,2023-12-03 19:45:00,Napoli,Inter,0.787314,2.58503
I1,2023-12-03 17:00:00,Sassuolo,Roma,0.916551,1.9994
I1,2023-12-03 14:00:00,Udinese,Verona,2.14774,1.56674
I1,2023-12-04 19:45:00,Torino,Atalanta,1.63866,0.345831
I1,2023-12-08 19:45:00,Juventus,Napoli,0.662608,1.00524
I1,2023-12-09 17:00:00,Atalanta,AC Milan,3.10106,1.00625
I1,2023-12-09 19:45:00,Inter,Udinese,3.34151,0.847308
I1,2023-12-09 14:00:00,Verona,Lazio,0.792676,1.01398
I1,2023-12-10 11:30:00,Frosinone,Torino,1.50797,1.06355
I1,2023-12-10 14:00:00,Monza,Genoa,0.67177,1.74997
I1,2023-12-10 19:45:00,Roma,Fiorentina,0.702857,0.975261
I1,2023-12-10 17:00:00,Salernitana,Bologna,0.601235,1.67302
I1,2023-12-11 19:45:00,Cagliari,Sassuolo,1.2382,1.29012
I1,2023-12-11 17:30:00,Empoli,Lecce,1.8919,0.985028
I1,2023-12-15 19:45:00,Genoa,Juventus,0.844502,2.10424
I1,2023-12-16 14:00:00,Lecce,Frosinone,0.729342,1.84133
I1,2023-12-16 17:00:00,Napoli,Cagliari,3.03273,1.83831
I1,2023-12-16 19:45:00,Torino,Empoli,2.11343,0.28927
I1,2023-12-17 11:30:00,AC Milan,Monza,2.26584,1.42821
I1,2023-12-17 17:00:00,Bologna,Roma,0.782175,0.566461
I1,2023-12-17 14:00:00,Fiorentina,Verona,0.330363,2.92504
I1,2023-12-17 19:45:00,Lazio,Inter,1.63799,1.69409
I1,2023-12-17 14:00:00,Udinese,Sassuolo,0.750879,2.90114
I1,2023-12-18 19:45:00,Atalanta,Salernitana,2.34764,0.976758
I1,2023-12-22 17:30:00,Empoli,Lazio,0.659249,1.95383
I1,2023-12-22 19:45:00,Monza,Fiorentina,0.659021,1.95676
I1,2023-12-22 19:45:00,Salernitana,AC Milan,1.14336,2.9432
I1,2023-12-22 17:30:00,Sassuolo,Genoa,2.17129,1.3709
I1,2023-12-23 14:00:00,Bologna,Atalanta,0.986587,1.59382
I1,2023-12-23 11:30:00,Frosinone,Juventus,0.495508,1.27523
I1,2023-12-23 17:00:00,Inter,Lecce,3.28691,1.1279
I1,2023-12-23 19:45:00,Roma,Napoli,2.06895,0.44093
I1,2023-12-23 14:00:00,Torino,Udinese,0.666821,0.919531
I1,2023-12-23 17:00:00,Verona,Cagliari,0.986759,1.20911
I1,2023-12-29 17:30:00,Fiorentina,Torino,0.885643,0.439657
I1,2023-12-29 19:45:00,Genoa,Inter,0.410279,1.8593
I1,2023-12-29 19:45:00,Lazio,Frosinone,1.74892,1.13132
I1,2023-12-29 17:30:00,Napoli,Monza,2.37308,1.09674
I1,2023-12-30 17:00:00,AC Milan,Sassuolo,1.49842,0.40374
I1,2023-12-30 11:30:00,Atalanta,Lecce,1.4919,1.38509
I1,2023-12-30 14:00:00,Cagliari,Empoli,1.4357,0.222516
I1,2023-12-30 19:45:00,Juventus,Roma,1.63273,0.39518
I1,2023-12-30 14:00:00,Udinese,Bologna,1.53169,0.766703
I1,2023-12-30 17:00:00,Verona,Salernitana,0.812164,0.768493
I1,2024-01-05 19:45:00,Bologna,Genoa,1.35919,0.153342
I1,2024-01-06 14:00:00,Frosinone,Monza,1.14998,1.45289
I1,2024-01-06 11:30:00,Inter,Verona,2.12311,1.36479
I1,2024-01-06 17:00:00,Lecce,Cagliari,1.61147,0.994223
I1,2024-01-06 19:45:00,Sassuolo,Fiorentina,0.701861,1.4924
I1,2024-01-07 11:30:00,Empoli,AC Milan,0.945682,1.51431
I1,2024-01-07 19:45:00,Roma,Atalanta,2.58182,1.11144
I1,2024-01-07 17:00:00,Salernitana,Juventus,0.930992,1.82515
I1,2024-01-07 14:00:00,Torino,Napoli,2.13004,1.14787
I1,2024-01-07 14:00:00,Udinese,Lazio,0.612027,0.498208
I1,2024-01-13 14:00:00,Genoa,Torino,0.575708,0.30855
I1,2024-01-13 19:45:00,Monza,Inter,1.07372,4.72502
I1,2024-01-13 14:00:00,Napoli,Salernitana,2.73312,0.151576
I1,2024-01-13 17:00:00,Verona,Empoli,1.25066,0.720625
I1,2024-01-14 19:45:00,AC Milan,Roma,1.57355,1.23713
I1,2024-01-14 14:00:00,Cagliari,Bologna,0.48909,0.738045
I1,2024-01-14 17:00:00,Fiorentina,Udinese,1.66667,1.16643
I1,2024-01-14 11:30:00,Lazio,Lecce,1.08287,0.971265
I1,2024-01-15 19:45:00,Atalanta,Frosinone,4.91726,0.434507
I1,2024-01-16 19:45:00,Juventus,Sassuolo,1.23237,0.29509
I1,2024-01-20 17:00:00,Roma,Verona,1.4542,1.09599
I1,2024-01-20 19:45:00,Udinese,AC Milan,0.813024,2.43121
I1,2024-01-21 14:00:00,Empoli,Monza,1.78103,0.868813
I1,2024-01-21 11:30:00,Frosinone,Cagliari,2.9278,0.599249
I1,2024-01-21 19:45:00,Lecce,Juventus,0.493249,2.48407
I1,2024-01-21 17:00:00,Salernitana,Genoa,1.1539,1.11078
I1,2024-01-26 19:45:00,Cagliari,Torino,1.97593,2.42275
I1,2024-01-27 19:45:00,AC Milan,Bologna,3.60116,2.07278
I1,2024-01-27 14:00:00,Atalanta,Udinese,1.32201,0.616693
I1,2024-01-27 17:00:00,Juventus,Empoli,0.990773,0.696403
I1,2024-01-28 19:45:00,Fiorentina,Inter,1.89212,0.617311
I1,2024-01-28 11:30:00,Genoa,Lecce,2.08542,2.29888
I1,2024-01-28 17:00:00,Lazio,Napoli,0.414353,0.169707
I1,2024-01-28 14:00:00,Monza,Sassuolo,0.419129,0.725542
I1,2024-01-28 14:00:00,Verona,Frosinone,2.29871,1.66579
I1,2024-01-29 19:45:00,Salernitana,Roma,1.42906,1.48834
I1,2024-02-02 19:45:00,Lecce,Fiorentina,2.31602,1.07539
I1,2024-02-03 19:45:00,Bologna,Sassuolo,0.889471,0.898681
I1,2024-02-03 14:00:00,Empoli,Genoa,0.58479,0.577479
I1,2024-02-03 17:00:00,Frosinone,AC Milan,1.0672,2.01173
I1,2024-02-03 14:00:00,Udinese,Monza,0.780762,0.124799
I1,2024-02-04 17:00:00,Atalanta,Lazio,2.87997,1.29656
I1,2024-02-04 19:45:00,Inter,Juventus,1.64254,0.597312
I1,2024-02-04 14:00:00,Napoli,Verona,1.97716,1.18484
I1,2024-02-04 11:30:00,Torino,Salernitana,0.742534,0.0814573
I1,2024-02-05 19:45:00,Roma,Cagliari,3.35931,0.503174
I1,2024-02-09 19:45:00,Salernitana,Empoli,0.799924,2.14988
I1,2024-02-10 14:00:00,Cagliari,Lazio,0.69339,1.60335
I1,2024-02-10 17:00:00,Roma,Inter,1.00864,1.24183
I1,2024-02-10 19:45:00,Sassuolo,Torino,0.803849,1.11139
I1,2024-02-11 19:45:00,AC Milan,Napoli,1.37304,0.502118
I1,2024-02-11 14:00:00,Bologna,Lecce,1.77523,1.10831
I1,2024-02-11 11:30:00,Fiorentina,Frosinone,3.17846,1.2861
I1,2024-02-11 17:00:00,Genoa,Atalanta,0.906299,2.84643
I1,2024-02-11 14:00:00,Monza,Verona,0.831924,0.576842
I1,2024-02-12 19:45:00,Juventus,Udinese,2.01527,1.13222
I1,2024-02-14 18:00:00,Bologna,Fiorentina,2.65166,0.969673
I1,2024-02-16 20:00:00,Inter,Salernitana,4.48759,0.0464174
I1,2024-02-16 18:00:00,Torino,Lecce,1.52802,0.415653
I1,2024-02-17 19:45:00,Atalanta,Sassuolo,5.00929,1.81361
I1,2024-02-17 14:00:00,Napoli,Genoa,1.18788,0.285006
I1,2024-02-17 17:00:00,Verona,Juventus,0.617246,1.80606
I1,2024-02-18 14:00:00,Empoli,Fiorentina,0.945067,0.920295
I1,2024-02-18 17:00:00,Frosinone,Roma,1.62402,1.81853
I1,2024-02-18 11:30:00,Lazio,Bologna,1.14123,1.16044
I1,2024-02-18 19:45:00,Monza,AC Milan,1.6186,1.33102
I1,2024-02-18 14:00:00,Udinese,Cagliari,1.17588,0.817344
I1,2024-02-22 19:45:00,Torino,Lazio,1.94911,0.352376
I1,2024-02-23 19:45:00,Bologna,Verona,2.33279,0.701896
I1,2024-02-24 19:45:00,Genoa,Udinese,1.62322,0.322829
I1,2024-02-24 17:00:00,Salernitana,Monza,0.728802,2.6089
I1,2024-02-24 14:00:00,Sassuolo,Empoli,1.60152,2.52542
I1,2024-02-25 19:45:00,AC Milan,Atalanta,1.38915,1.06552
I1,2024-02-25 14:00:00,Cagliari,Napoli,0.916353,1.46253
I1,2024-02-25 11:30:00,Juventus,Frosinone,1.74414,0.570671
I1,2024-02-25 17:00:00,Lecce,Inter,0.928229,3.07379
I1,2024-02-26 19:45:00,Fiorentina,Lazio,3.86937,0.611852
I1,2024-02-26 17:30:00,Roma,Torino,1.52399,0.551839
I1,2024-02-28 19:45:00,Inter,Atalanta,2.91852,0.258264
I1,2024-02-28 17:00:00,Sassuolo,Napoli,0.237572,2.7969
I1,2024-03-01 19:45:00,Lazio,AC Milan,1.59899,0.849675
I1,2024-03-02 17:00:00,Monza,Roma,1.01584,1.89657
I1,2024-03-02 19:45:00,Torino,Fiorentina,0.561691,0.697752
I1,2024-03-02 14:00:00,Udinese,Salernitana,1.98278,0.839171
I1,2024-03-03 17:00:00,Atalanta,Bologna,1.20723,1.58258
I1,2024-03-03 14:00:00,Empoli,Cagliari,1.50581,0.428646
I1,2024-03-03 14:00:00,Frosinone,Lecce,1.53511,1.29494
I1,2024-03-03 19:45:00,Napoli,Juventus,1.7764,2.0359
I1,2024-03-03 11:30:00,Verona,Sassuolo,0.504318,0.360012
I1,2024-03-04 19:45:00,Inter,Genoa,2.90423,1.17046
I1,2024-03-08 19:45:00,Napoli,Torino,1.61516,1.12784
I1,2024-03-09 17:00:00,Bologna,Inter,0.668681,0.81996
I1,2024-03-09 14:00:00,Cagliari,Salernitana,3.41823,1.17253
I1,2024-03-09 19:45:00,Genoa,Monza,1.81546,1.66208
I1,2024-03-09 14:00:00,Sassuolo,Frosinone,0.596618,1.38509
I1,2024-03-10 14:00:00,AC Milan,Empoli,0.988992,0.419598
I1,2024-03-10 19:45:00,Fiorentina,Roma,2.47793,0.776614
I1,2024-03-10 17:00:00,Juventus,Atalanta,1.66716,0.470912
I1,2024-03-10 11:30:00,Lecce,Verona,1.03517,0.556534
I1,2024-03-11 19:45:00,Lazio,Udinese,2.15139,1.48854
I1,2024-03-15 19:45:00,Empoli,Bologna,0.868895,2.30568
I1,2024-03-16 19:45:00,Frosinone,Lazio,1.90054,3.30539
I1,2024-03-16 14:00:00,Monza,Cagliari,1.4436,0.443858
I1,2024-03-16 17:00:00,Salernitana,Lecce,1.45145,2.01475
I1,2024-03-16 14:00:00,Udinese,Torino,0.384805,1.54612
I1,2024-03-17 19:45:00,Inter,Napoli,1.37916,1.36148
I1,2024-03-17 11:30:00,Juventus,Genoa,1.38709,0.175513
I1,2024-03-17 17:00:00,Roma,Sassuolo,0.858457,0.777601
I1,2024-03-17 14:00:00,Verona,AC Milan,0.565727,2.75283
I1,2024-03-30 19:45:00,Fiorentina,AC Milan,1.69969,3.17431
I1,2024-03-30 14:00:00,Genoa,Frosinone,1.65796,1.00689
I1,2024-03-30 17:00:00,Lazio,Juventus,1.24248,0.479175
I1,2024-03-30 11:30:00,Napoli,Atalanta,1.83498,1.55904
I1,2024-03-30 14:00:00,Torino,Monza,1.61585,0.560169
I1,2024-04-01 11:30:00,Bologna,Salernitana,1.85322,0.702173
I1,2024-04-01 14:00:00,Cagliari,Verona,0.594452,1.09202
I1,2024-04-01 18:45:00,Inter,Empoli,2.03375,0.560443
I1,2024-04-01 17:00:00,Lecce,Roma,1.97592,1.69372
I1,2024-04-01 14:00:00,Sassuolo,Udinese,1.47611,1.72665
I1,2024-04-05 18:45:00,Salernitana,Sassuolo,1.2795,1.88042
I1,2024-04-06 13:00:00,AC Milan,Lecce,2.41313,0.841362
I1,2024-04-06 18:45:00,Empoli,Torino,0.487874,2.5343
I1,2024-04-06 16:00:00,Roma,Lazio,0.635152,0.480271
I1,2024-04-07 16:00:00,Cagliari,Atalanta,0.715338,0.772446
I1,2024-04-07 10:30:00,Frosinone,Bologna,0.568316,2.46415
I1,2024-04-07 18:45:00,Juventus,Fiorentina,2.46449,0.508961
I1,2024-04-07 13:00:00,Monza,Napoli,0.414034,2.70294
I1,2024-04-07 16:00:00,Verona,Genoa,0.961468,2.01327
I1,2024-04-08 18:45:00,Udinese,Inter,0.0699579,3.41188
I1,2024-04-12 18:45:00,Lazio,Salernitana,2.50164,0.544591
I1,2024-04-13 18:45:00,Bologna,Monza,2.77216,0.409248
I1,2024-04-13 13:00:00,Lecce,Empoli,3.15126,0.136102
I1,2024-04-13 16:00:00,Torino,Juventus,0.834792,1.25957
I1,2024-04-14 18:45:00,Inter,Cagliari,1.95072,1.10904
I1,2024-04-14 10:30:00,Napoli,Frosinone,2.7326,2.31434
I1,2024-04-14 13:00:00,Sassuolo,AC Milan,1.37198,3.05285
I1,2024-04-14 16:00:00,Udinese,Roma,0.94473,1.61555
I1,2024-04-15 18:45:00,Atalanta,Verona,1.67088,1.10418
I1,2024-04-15 16:30:00,Fiorentina,Genoa,1.78763,1.59509
I1,2024-04-19 18:45:00,Cagliari,Juventus,1.97822,0.595113
I1,2024-04-19 16:30:00,Genoa,Lazio,0.608539,0.952136
I1,2024-04-20 16:00:00,Empoli,Napoli,1.25351,0.891755
I1,2024-04-20 18:45:00,Verona,Udinese,1.29522,1.97219
I1,2024-04-21 18:45:00,Monza,Atalanta,0.878869,2.19828
I1,2024-04-21 16:00:00,Salernitana,Fiorentina,0.32683,2.45106
I1,2024-04-21 10:30:00,Sassuolo,Lecce,0.410145,2.36614
I1,2024-04-21 13:00:00,Torino,Frosinone,0.520991,0.57895
I1,2024-04-22 18:45:00,AC Milan,Inter,2.51108,1.62976
I1,2024-04-22 16:30:00,Roma,Bologna,1.83356,1.25682
I1,2024-04-26 18:45:00,Frosinone,Salernitana,1.75172,1.03098
I1,2024-04-27 16:00:00,Juventus,AC Milan,1.76562,0.277994
I1,2024-04-27 18:45:00,Lazio,Verona,1.31699,0.629309
I1,2024-04-27 13:00:00,Lecce,Monza,0.927644,1.09563
I1,2024-04-28 16:00:00,Atalanta,Empoli,2.13088,0.593896
I1,2024-04-28 13:00:00,Bologna,Udinese,0.709144,0.613931
I1,2024-04-28 18:45:00,Fiorentina,Sassuolo,4.29626,0.268378
I1,2024-04-28 10:30:00,Inter,Torino,1.90101,0.45813
I1,2024-04-28 16:00:00,Napoli,Roma,3.87555,1.78885
I1,2024-04-29 18:45:00,Genoa,Cagliari,1.09421,0.781529
I1,2024-05-03 18:45:00,Torino,Bologna,0.786625,0.169889
I1,2024-05-04 16:00:00,Monza,Lazio,2.08077,1.57454
I1,2024-05-04 18:45:00,Sassuolo,Inter,0.334967,1.63693
I1,2024-05-05 16:00:00,AC Milan,Genoa,2.31497,0.91116
I1,2024-05-05 10:30:00,Cagliari,Lecce,0.923968,1.81298
I1,2024-05-05 13:00:00,Empoli,Frosinone,0.318217,0.947755
I1,2024-05-05 18:45:00,Roma,Juventus,1.60597,0.95263
I1,2024-05-05 13:00:00,Verona,Fiorentina,1.49212,1.10741
I1,2024-05-06 16:00:00,Salernitana,Atalanta,0.497067,2.26499
I1,2024-05-06 18:45:00,Udinese,Napoli,0.521861,1.1157
I1,2024-05-10 18:45:00,Frosinone,Inter,1.88809,2.05666
I1,2024-05-11 18:45:00,AC Milan,Cagliari,3.56305,1.33911
I1,2024-05-11 16:00:00,Napoli,Bologna,1.48316,1.74055
I1,2024-05-12 18:45:00,Atalanta,Roma,2.85949,1.17185
I1,2024-05-12 13:00:00,Genoa,Sassuolo,0.81296,1.69037
I1,2024-05-12 16:00:00,Juventus,Salernitana,2.36999,0.921042
I1,2024-05-12 10:30:00,Lazio,Empoli,1.61078,1.10282
I1,2024-05-12 13:00:00,Verona,Torino,1.09252,0.956758
I1,2024-05-13 18:45:00,Fiorentina,Monza,2.45011,1.19628
I1,2024-05-13 16:30:00,Lecce,Udinese,0.3485,1.63735
I1,2024-05-17 16:00:00,Fiorentina,Napoli,0.566509,1.32124
I1,2024-05-18 16:00:00,Lecce,Atalanta,1.03049,2.22033
I1,2024-05-18 18:45:00,Torino,AC Milan,1.08012,1.64179
I1,2024-05-19 16:00:00,Inter,Lazio,1.61165,0.686603
I1,2024-05-19 16:00:00,Monza,Frosinone,1.24886,2.22694
I1,2024-05-19 18:45:00,Roma,Genoa,0.736827,0.508028
I1,2024-05-19 16:00:00,Sassuolo,Cagliari,0.269648,1.47384
I1,2024-05-19 16:00:00,Udinese,Empoli,1.66873,0.82957
I1,2024-05-20 18:45:00,Bologna,Juventus,1.379,1.27372
I1,2024-05-20 16:30:00,Salernitana,Verona,0.900837,2.33362
I1,2024-05-24 16:00:00,Cagliari,Fiorentina,2.08262,2.21632
I1,2024-05-24 18:45:00,Genoa,Bologna,1.5757,0.450804
I1,2024-05-25 18:45:00,AC Milan,Salernitana,2.82527,1.80163
I1,2024-05-25 16:00:00,Juventus,Monza,1.92843,1.13394
I1,2024-05-26 16:00:00,Atalanta,Torino,2.56869,1.69527
I1,2024-05-26 18:45:00,Empoli,Roma,2.88989,1.45583
I1,2024-05-26 18:45:00,Frosinone,Udinese,0.869244,0.895463
I1,2024-05-26 18:45:00,Lazio,Sassuolo,1.25146,1.11933
I1,2024-05-26 16:00:00,Napoli,Lecce,1.83014,0.622384
I1,2024-05-26 18:45:00,Verona,Inter,1.63678,2.99853
I1,2024-06-02 16:00:00,Atalanta,Fiorentina,1.69732,1.0071
I1,2024-08-17 18:45:00,AC Milan,Torino,2.1004,0.876602
I1,2024-08-17 18:45:00,Empoli,Monza,0.578573,0.327848
I1,2024-08-17 16:30:00,Genoa,Inter,2.31286,2.00656
I1,2024-08-17 16:30:00,Parma Calcio 1913,Fiorentina,1.83796,0.81313
I1,2024-08-18 16:30:00,Bologna,Udinese,3.3102,0.944621
I1,2024-08-18 18:45:00,Cagliari,Roma,1.30634,1.29639
I1,2024-08-18 18:45:00,Lazio,Venezia,2.33223,0.789649
I1,2024-08-18 16:30:00,Verona,Napoli,1.80536,0.975176
I1,2024-08-19 18:45:00,Juventus,Como,1.30582,0.171238
I1,2024-08-19 16:30:00,Lecce,Atalanta,1.88414,2.45909
I1,2024-08-24 18:45:00,Inter,Lecce,2.48059,0.335346
I1,2024-08-24 18:45:00,Monza,Genoa,0.401371,0.660299
I1,2024-08-24 16:30:00,Parma Calcio 1913,AC Milan,2.46266,2.09812
I1,2024-08-24 16:30:00,Udinese,Lazio,1.11581,1.68277
I1,2024-08-25 16:30:00,Fiorentina,Venezia,0.660213,1.01295
I1,2024-08-25 18:45:00,Napoli,Bologna,2.07052,0.544518
I1,2024-08-25 18:45:00,Roma,Empoli,2.04246,3.0773
I1,2024-08-25 16:30:00,Torino,Atalanta,2.49919,3.08667
I1,2024-08-26 16:30:00,Cagliari,Como,1.03532,2.08973
I1,2024-08-26 18:45:00,Verona,Juventus,0.878611,1.36151
I1,2024-08-30 18:45:00,Inter,Atalanta,2.28876,1.17772
I1,2024-08-30 16:30:00,Venezia,Torino,0.635612,1.80895
I1,2024-08-31 16:30:00,Bologna,Empoli,1.35876,1.11428
I1,2024-08-31 18:45:00,Lazio,AC Milan,2.32967,1.34242
I1,2024-08-31 16:30:00,Lecce,Cagliari,2.34113,2.09263
I1,2024-08-31 18:45:00,Napoli,Parma Calcio 1913,2.33511,1.90229
I1,2024-09-01 16:30:00,Fiorentina,Monza,2.41541,0.489982
I1,2024-09-01 16:30:00,Genoa,Verona,1.34735,2.09653
I1,2024-09-01 18:45:00,Juventus,Roma,0.415282,0.382591
I1,2024-09-01 18:45:00,Udinese,Como,1.18455,1.65728
I1,2024-09-14 18:45:00,AC Milan,Venezia,2.18898,0.263269
I1,2024-09-14 13:00:00,Como,Bologna,1.45782,1.15087
I1,2024-09-14 16:00:00,Empoli,Juventus,0.601249,0.726024
I1,2024-09-15 13:00:00,Atalanta,Fiorentina,2.4507,1.96392
I1,2024-09-15 16:00:00,Cagliari,Napoli,0.881581,1.42805
I1,2024-09-15 10:30:00,Genoa,Roma,1.59603,2.65805
I1,2024-09-15 18:45:00,Monza,Inter,0.217777,1.8081
I1,2024-09-15 13:00:00,Torino,Lecce,0.447368,1.6617
I1,2024-09-16 18:45:00,Lazio,Verona,1.79243,0.533276
I1,2024-09-16 16:30:00,Parma Calcio 1913,Udinese,0.87968,3.08828
I1,2024-09-20 16:30:00,Cagliari,Empoli,1.68655,1.02688
I1,2024-09-20 18:45:00,Verona,Torino,0.777792,1.96682
I1,2024-09-21 16:00:00,Juventus,Napoli,0.419301,0.233773
I1,2024-09-21 18:45:00,Lecce,Parma Calcio 1913,1.25857,2.054
I1,2024-09-21 13:00:00,Venezia,Genoa,2.33503,0.388857
I1,2024-09-22 10:30:00,Fiorentina,Lazio,2.85634,1.14467
I1,2024-09-22 18:45:00,Inter,AC Milan,0.941382,2.75751
I1,2024-09-22 13:00:00,Monza,Bologna,0.707402,1.45302
I1,2024-09-22 16:00:00,Roma,Udinese,2.5658,0.525078
I1,2024-09-24 18:45:00,Atalanta,Como,1.31694,0.579703
I1,2024-09-27 18:45:00,AC Milan,Lecce,2.43265,0.462274
I1,2024-09-28 18:45:00,Bologna,Atalanta,0.176428,2.47751
I1,2024-09-28 16:00:00,Genoa,Juventus,0.385259,2.91803
I1,2024-09-28 13:00:00,Udinese,Inter,0.984798,2.30465
I1,2024-09-29 13:00:00,Como,Verona,2.47493,1.5544
I1,2024-09-29 16:00:00,Empoli,Fiorentina,0.44778,1.25438
I1,2024-09-29 18:45:00,Napoli,Monza,1.35886,0.298287
I1,2024-09-29 13:00:00,Roma,Venezia,1.99001,2.02845
I1,2024-09-29 10:30:00,Torino,Lazio,0.494815,2.24735
I1,2024-09-30 18:45:00,Parma Calcio 1913,Cagliari,2.98598,3.057
I1,2024-10-04 16:30:00,Napoli,Como,1.91407,0.638474
I1,2024-10-04 18:45:00,Verona,Venezia,2.10738,1.43755
I1,2024-10-05 16:00:00,Atalanta,Genoa,4.0137,0.543171
I1,2024-10-05 18:45:00,Inter,Torino,3.44641,1.29026
I1,2024-10-05 13:00:00,Udinese,Lecce,1.56312,0.645952
I1,2024-10-06 13:00:00,Bologna,Parma Calcio 1913,0.835615,1.08533
I1,2024-10-06 18:45:00,Fiorentina,AC Milan,1.94286,2.83446
I1,2024-10-06 10:30:00,Juventus,Cagliari,3.21709,1.045
I1,2024-10-06 13:00:00,Lazio,Empoli,2.0459,0.912844
I1,2024-10-06 16:00:00,Monza,Roma,1.11968,1.47893
I1,2024-10-19 16:00:00,AC Milan,Udinese,1.20398,0.522785
I1,2024-10-19 13:00:00,Como,Parma Calcio 1913,1.28527,0.918205
I1,2024-10-19 13:00:00,Genoa,Bologna,0.450285,1.15682
I1,2024-10-19 18:45:00,Juventus,Lazio,1.49305,0.0648311
I1,2024-10-20 16:00:00,Cagliari,Torino,1.51181,1.23394
I1,2024-10-20 10:30:00,Empoli,Napoli,1.00465,1.31758
I1,2024-10-20 13:00:00,Lecce,Fiorentina,0.223823,2.21676
I1,2024-10-20 18:45:00,Roma,Inter,0.78742,0.796917
I1,2024-10-20 13:00:00,Venezia,Atalanta,0.881872,1.83371
I1,2024-10-21 18:45:00,Verona,Monza,0.81446,1.56377
I1,2024-10-25 18:30:00,Torino,Como,1.56007,1.59554
I1,2024-10-25 16:30:00,Udinese,Cagliari,1.12881,0.160634
I1,2024-10-26 18:45:00,Atalanta,Verona,3.84122,0.22446
I1,2024-10-26 13:00:00,Napoli,Lecce,2.53236,0.57038
I1,2024-10-27 19:45:00,Fiorentina,Roma,4.56893,0.657353
I1,2024-10-27 17:00:00,Inter,Juventus,2.82542,2.36179
I1,2024-10-27 14:00:00,Lazio,Genoa,2.9799,0.261739
I1,2024-10-27 14:00:00,Monza,Venezia,0.903007,0.459902
I1,2024-10-27 11:30:00,Parma Calcio 1913,Empoli,1.43623,0.14913
I1,2024-10-29 19:45:00,AC Milan,Napoli,0.568256,0.956912
I1,2024-10-29 17:30:00,Cagliari,Bologna,1.18569,0.872307
I1,2024-10-29 17:30:00,Lecce,Verona,1.35273,0.211464
I1,2024-10-30 19:45:00,Atalanta,Monza,1.65221,0.0805941
I1,2024-10-30 17:30:00,Empoli,Inter,0.319674,1.68832
I1,2024-10-30 19:45:00,Juventus,Parma Calcio 1913,2.77649,1.45546
I1,2024-10-30 17:30:00,Venezia,Udinese,2.55368,1.30701
I1,2024-10-31 19:45:00,Como,Lazio,1.16312,2.96686
I1,2024-10-31 17:30:00,Genoa,Fiorentina,0.848655,0.909048
I1,2024-10-31 19:45:00,Roma,Torino,0.436341,0.189286
I1,2024-11-02 14:00:00,Bologna,Lecce,2.06051,0.771878
I1,2024-11-02 19:45:00,Monza,AC Milan,1.23293,2.91043
I1,2024-11-02 17:00:00,Udinese,Juventus,0.573076,1.55533
I1,2024-11-03 19:45:00,Inter,Venezia,3.34539,1.14021
I1,2024-11-03 11:30:00,Napoli,Atalanta,0.611112,1.50982
I1,2024-11-03 14:00:00,Torino,Fiorentina,0.590362,0.523302
I1,2024-11-03 17:00:00,Verona,Roma,1.51701,2.38413
I1,2024-11-04 17:30:00,Empoli,Como,0.723897,0.41675
I1,2024-11-04 19:45:00,Lazio,Cagliari,3.39964,0.274214
I1,2024-11-04 17:30:00,Parma Calcio 1913,Genoa,0.883705,1.15243
I1,2024-11-07 20:00:00,Genoa,Como,1.03893,1.37361
I1,2024-11-08 19:45:00,Lecce,Empoli,1.41905,0.610497
I1,2024-11-09 17:00:00,Cagliari,AC Milan,1.90363,2.77604
I1,2024-11-09 19:45:00,Juventus,Torino,1.57325,0.273931
I1,2024-11-09 14:00:00,Venezia,Parma Calcio 1913,1.29642,0.945022
I1,2024-11-10 11:30:00,Atalanta,Udinese,1.60488,0.90914
I1,2024-11-10 14:00:00,Fiorentina,Verona,2.77034,0.53544
I1,2024-11-10 19:45:00,Inter,Napoli,1.47373,1.00611
I1,2024-11-10 17:00:00,Monza,Lazio,0.747377,1.17083
I1,2024-11-10 14:00:00,Roma,Bologna,1.06974,2.16772
I1,2024-11-23 17:00:00,AC Milan,Juventus,0.306342,0.811307
I1,2024-11-23 19:45:00,Parma Calcio 1913,Atalanta,0.622186,3.54363
I1,2024-11-23 14:00:00,Verona,Inter,0.554633,2.79774
I1,2024-11-24 14:00:00,Como,Fiorentina,1.27005,0.947266
I1,2024-11-24 11:30:00,Genoa,Cagliari,2.1978,2.81223
I1,2024-11-24 19:45:00,Lazio,Bologna,2.59912,0.0932634
I1,2024-11-24 17:00:00,Napoli,Roma,2.02389,0.592582
I1,2024-11-24 14:00:00,Torino,Monza,1.45433,0.916564
I1,2024-11-25 17:00:00,Empoli,Udinese,0.166889,1.09285
I1,2024-11-25 19:45:00,Venezia,Lecce,2.88235,0.624722
I1,2024-11-29 19:45:00,Cagliari,Verona,2.64816,0.606166
I1,2024-11-30 17:00:00,AC Milan,Empoli,2.02293,0.400556
I1,2024-11-30 19:45:00,Bologna,Venezia,4.16965,0.357302
I1,2024-11-30 14:00:00,Como,Monza,1.38648,1.75565
I1,2024-12-01 19:45:00,Lecce,Juventus,1.10419,1.03998
I1,2024-12-01 14:00:00,Parma Calcio 1913,Lazio,1.27449,2.4176
I1,2024-12-01 14:00:00,Torino,Napoli,0.442989,1.64196
I1,2024-12-01 11:30:00,Udinese,Genoa,0.156386,1.7171
I1,2024-12-02 19:45:00,Roma,Atalanta,0.667881,1.76696
I1,2024-12-06 19:45:00,Atalanta,AC Milan,2.62823,0.899516
I1,2024-12-06 17:30:00,Inter,Parma Calcio 1913,3.0797,0.274097
I1,2024-12-07 14:00:00,Genoa,Torino,0.327249,0.70601
I1,2024-12-07 17:00:00,Juventus,Bologna,0.856802,0.784689
I1,2024-12-07 19:45:00,Roma,Lecce,2.38077,0.826928
I1,2024-12-08 11:30:00,Fiorentina,Cagliari,0.412045,1.00073
I1,2024-12-08 19:45:00,Napoli,Lazio,1.14465,0.243674
I1,2024-12-08 17:00:00,Venezia,Como,0.303457,0.779392
I1,2024-12-08 14:00:00,Verona,Empoli,0.895085,1.2903
I1,2024-12-09 19:45:00,Monza,Udinese,1.92222,1.40496
I1,2024-12-13 19:45:00,Empoli,Torino,0.953691,1.36089
I1,2024-12-14 14:00:00,Cagliari,Atalanta,1.90937,2.37449
I1,2024-12-14 19:45:00,Juventus,Venezia,2.18951,0.586788
I1,2024-12-14 17:00:00,Udinese,Napoli,1.48544,1.96425
I1,2024-12-15 19:45:00,AC Milan,Genoa,1.28243,0.204497
I1,2024-12-15 14:00:00,Bologna,Fiorentina,2.32266,1.14307
I1,2024-12-15 17:00:00,Como,Roma,1.1153,0.650738
I1,2024-12-15 11:30:00,Lecce,Monza,1.57794,0.790408
I1,2024-12-15 14:00:00,Parma Calcio 1913,Verona,2.30533,3.70407
I1,2024-12-16 19:45:00,Lazio,Inter,0.634641,2.33306
I1,2024-12-20 19:45:00,Verona,AC Milan,0.649472,1.37505
I1,2024-12-21 17:00:00,Genoa,Napoli,0.707336,1.42377
I1,2024-12-21 19:45:00,Lecce,Lazio,1.09129,1.95023
I1,2024-12-21 14:00:00,Torino,Bologna,0.270606,1.79816
I1,2024-12-22 17:00:00,Atalanta,Empoli,2.08379,1.21827
I1,2024-12-22 19:45:00,Monza,Juventus,0.983171,2.58556
I1,2024-12-22 11:30:00,Roma,Parma Calcio 1913,5.55856,0.615694
I1,2024-12-22 14:00:00,Venezia,Cagliari,1.55318,2.62545
I1,2024-12-23 17:30:00,Fiorentina,Udinese,1.55716,0.858846
I1,2024-12-23 19:45:00,Inter,Como,1.89916,0.367536
I1,2024-12-28 17:00:00,Cagliari,Inter,0.302293,3.1724
I1,2024-12-28 14:00:00,Empoli,Genoa,1.42691,2.01725
I1,2024-12-28 19:45:00,Lazio,Atalanta,0.564499,2.98315
I1,2024-12-28 14:00:00,Parma Calcio 1913,Monza,1.22224,2.2247
I1,2024-12-29 19:45:00,AC Milan,Roma,2.26348,1.61126
I1,2024-12-29 17:00:00,Juventus,Fiorentina,1.74742,1.02946
I1,2024-12-29 14:00:00,Napoli,Venezia,2.55505,0.462133
I1,2024-12-29 11:30:00,Udinese,Torino,1.23954,0.603591
I1,2024-12-30 19:45:00,Bologna,Verona,2.86482,0.798964
I1,2024-12-30 17:30:00,Como,Lecce,2.25936,0.436266
I1,2025-01-04 17:00:00,Fiorentina,Napoli,0.877617,1.59728
I1,2025-01-04 14:00:00,Venezia,Empoli,0.455526,1.52251
I1,2025-01-04 19:45:00,Verona,Udinese,0.745287,0.655965
I1,2025-01-05 14:00:00,Lecce,Genoa,0.545634,1.06752
I1,2025-01-05 11:30:00,Monza,Cagliari,1.55837,0.781523
I1,2025-01-05 19:45:00,Roma,Lazio,1.23422,1.31957
I1,2025-01-05 17:00:00,Torino,Parma Calcio 1913,1.0858,0.321586
I1,2025-01-10 19:45:00,Lazio,Como,1.03936,1.9019
I1,2025-01-11 19:45:00,AC Milan,Cagliari,2.43026,0.308787
I1,2025-01-11 14:00:00,Empoli,Lecce,2.31529,1.57649
I1,2025-01-11 17:00:00,Torino,Juventus,0.411274,0.94701
I1,2025-01-11 14:00:00,Udinese,Atalanta,2.05217,0.233045
I1,2025-01-12 17:00:00,Bologna,Roma,2.28949,1.58872
I1,2025-01-12 11:30:00,Genoa,Parma Calcio 1913,1.51628,0.513393
I1,2025-01-12 19:45:00,Napoli,Verona,1.59033,0.23211
I1,2025-01-12 14:00:00,Venezia,Inter,0.668042,2.35271
I1,2025-01-13 19:45:00,Monza,Fiorentina,0.988429,1.60714
I1,2025-01-14 19:45:00,Atalanta,Juventus,1.5823,2.27956
I1,2025-01-14 17:30:00,Como,AC Milan,1.63578,1.44061
I1,2025-01-15 19:45:00,Inter,Bologna,1.79382,0.914393
I1,2025-01-17 19:45:00,Roma,Genoa,1.79725,0.494153
I1,2025-01-18 19:45:00,Atalanta,Napoli,0.709505,1.2536
I1,2025-01-18 14:00:00,Bologna,Monza,2.33675,0.410907
I1,2025-01-18 17:00:00,Juventus,AC Milan,1.56881,1.17816
I1,2025-01-19 14:00:00,Cagliari,Lecce,3.36227,0.388374
I1,2025-01-19 11:30:00,Fiorentina,Torino,1.81758,0.540016
I1,2025-01-19 19:45:00,Inter,Empoli,1.6401,0.412045
I1,2025-01-19 14:00:00,Parma Calcio 1913,Venezia,1.59615,1.1784
I1,2025-01-19 17:00:00,Verona,Lazio,1.48598,1.99415
I1,2025-01-20 19:45:00,Como,Udinese,1.81904,0.847427
I1,2025-01-24 19:45:00,Torino,Cagliari,2.23206,0.270772
I1,2025-01-25 14:00:00,Como,Atalanta,0.704371,1.04831
I1,2025-01-25 19:45:00,Empoli,Bologna,0.83399,0.898773
I1,2025-01-25 17:00:00,Napoli,Juventus,2.33562,1.02538
I1,2025-01-26 11:30:00,AC Milan,Parma Calcio 1913,2.7112,1.85515
I1,2025-01-26 19:45:00,Lazio,Fiorentina,2.01121,1.20023
I1,2025-01-26 17:00:00,Lecce,Inter,0.719003,2.58246
I1,2025-01-26 14:00:00,Udinese,Roma,0.805147,2.6168
I1,2025-01-27 19:45:00,Genoa,Monza,3.31745,0.311849
I1,2025-01-27 17:30:00,Venezia,Verona,0.709709,2.17206
I1,2025-01-31 19:45:00,Parma Calcio 1913,Lecce,2.00006,0.756887
I1,2025-02-01 17:00:00,Atalanta,Torino,3.35128,0.629596
I1,2025-02-01 19:45:00,Bologna,Como,1.681,0.640061
I1,2025-02-01 14:00:00,Monza,Verona,0.279515,0.854806
I1,2025-02-01 14:00:00,Udinese,Venezia,0.940092,1.36255
I1,2025-02-02 17:00:00,AC Milan,Inter,1.04439,1.98309
I1,2025-02-02 14:00:00,Fiorentina,Genoa,0.695448,1.96523
I1,2025-02-02 11:30:00,Juventus,Empoli,2.00759,0.94947
I1,2025-02-02 19:45:00,Roma,Napoli,0.364702,0.384749
I1,2025-02-03 19:45:00,Cagliari,Lazio,1.82889,1.9337
I1,2025-02-06 19:30:00,Fiorentina,Inter,1.05274,0.589261
I1,2025-02-07 17:00:00,Como,Juventus,0.935692,1.32392
I1,2025-02-08 17:00:00,Empoli,AC Milan,0.668788,1.90573
I1,2025-02-08 17:00:00,Torino,Genoa,0.647236,0.308682
I1,2025-02-08 17:00:00,Verona,Atalanta,1.78844,2.14751
I1,2025-02-09 17:00:00,Cagliari,Parma Calcio 1913,1.49632,1.15072
I1,2025-02-09 17:00:00,Lazio,Monza,4.42993,0.87219
I1,2025-02-09 17:00:00,Lecce,Bologna,0.844895,0.8506
I1,2025-02-09 19:45:00,Napoli,Udinese,2.07882,1.28733
I1,2025-02-09 17:00:00,Venezia,Roma,0.905188,2.14236
I1,2025-02-10 19:45:00,Inter,Fiorentina,1.87526,1.03291
I1,2025-02-14 19:45:00,Bologna,Torino,3.46262,1.64846
I1,2025-02-15 19:45:00,AC Milan,Verona,1.8755,0.372202
I1,2025-02-15 14:00:00,Atalanta,Cagliari,0.473748,0.123294
I1,2025-02-15 17:00:00,Lazio,Napoli,0.883377,0.558588
I1,2025-02-16 11:30:00,Fiorentina,Como,0.431215,0.875449
I1,2025-02-16 19:45:00,Juventus,Inter,1.3662,2.08504
I1,2025-02-16 14:00:00,Monza,Lecce,0.278072,1.10949
I1,2025-02-16 17:00:00,Parma Calcio 1913,Roma,0.293477,1.41178
I1,2025-02-16 14:00:00,Udinese,Empoli,2.90516,2.47474
I1,2025-02-17 19:45:00,Genoa,Venezia,1.60036,0.341183
I1,2025-02-21 19:45:00,Lecce,Udinese,0.484479,1.52436
I1,2025-02-22 19:45:00,Inter,Genoa,1.3989,1.51356
I1,2025-02-22 14:00:00,Parma Calcio 1913,Bologna,1.4111,0.698426
I1,2025-02-22 17:00:00,Torino,AC Milan,0.556583,2.18445
I1,2025-02-22 14:00:00,Venezia,Lazio,0.995737,0.790887
I1,2025-02-23 19:45:00,Cagliari,Juventus,0.225637,2.20526
I1,2025-02-23 11:30:00,Como,Napoli,0.466603,1.10277
I1,2025-02-23 17:00:00,Empoli,Atalanta,0.775943,2.50618
I1,2025-02-23 14:00:00,Verona,Fiorentina,0.450798,1.15567
I1,2025-02-24 19:45:00,Roma,Monza,2.16209,0.332233
I1,2025-02-27 19:45:00,Bologna,AC Milan,2.31992,1.55538
I1,2025-02-28 19:45:00,Fiorentina,Lecce,1.43821,1.11638
I1,2025-03-01 14:00:00,Atalanta,Venezia,3.34552,0.359199
I1,2025-03-01 17:00:00,Napoli,Inter,1.72874,0.452597
I1,2025-03-01 19:45:00,Udinese,Parma Calcio 1913,2.0589,0.617812
I1,2025-03-02 19:45:00,AC Milan,Lazio,1.28991,2.53115
I1,2025-03-02 14:00:00,Bologna,Cagliari,2.25801,0.68032
I1,2025-03-02 14:00:00,Genoa,Empoli,0.229571,1.00977
I1,2025-03-02 11:30:00,Monza,Torino,0.582104,1.43219
I1,2025-03-02 17:00:00,Roma,Como,1.59518,1.29634
I1,2025-03-03 19:45:00,Juventus,Verona,1.97535,0.269838
I1,2025-03-07 19:45:00,Cagliari,Genoa,0.809829,1.43054
I1,2025-03-08 14:00:00,Como,Venezia,1.2727,1.80606
I1,2025-03-08 19:45:00,Inter,Monza,3.0629,0.779109
I1,2025-03-08 17:00:00,Lecce,AC Milan,1.1897,3.27991
I1,2025-03-08 14:00:00,Parma Calcio 1913,Torino,1.48743,0.72136
I1,2025-03-09 17:00:00,Empoli,Roma,0.0771894,2.99912
I1,2025-03-09 19:45:00,Juventus,Atalanta,0.940693,3.93513
I1,2025-03-09 14:00:00,Napoli,Fiorentina,2.93764,1.05617
I1,2025-03-09 11:30:00,Verona,Bologna,1.28101,1.38177
I1,2025-03-10 19:45:00,Lazio,Udinese,1.01458,1.23859
I1,2025-03-14 19:45:00,Genoa,Lecce,1.06034,1.20452
I1,2025-03-15 17:00:00,AC Milan,Como,1.72803,1.35523
I1,2025-03-15 14:00:00,Monza,Parma Calcio 1913,0.9314,0.616308
I1,2025-03-15 19:45:00,Torino,Empoli,0.701071,1.73375
I1,2025-03-15 14:00:00,Udinese,Verona,0.318009,0.542985
I1,2025-03-16 19:45:00,Atalanta,Inter,0.682065,2.28143
I1,2025-03-16 14:00:00,Bologna,Lazio,2.85431,0.600718
I1,2025-03-16 17:00:00,Fiorentina,Juventus,0.508254,0.597644
I1,2025-03-16 15:00:00,Roma,Cagliari,1.61105,1.10046
I1,2025-03-16 11:30:00,Venezia,Napoli,1.04696,1.2665
I1,2025-03-29 14:00:00,Como,Empoli,1.93663,1.78514
I1,2025-03-29 17:00:00,Juventus,Genoa,1.50908,0.263169
I1,2025-03-29 19:45:00,Lecce,Roma,0.694403,1.90759
I1,2025-03-29 14:00:00,Venezia,Bologna,0.683347,1.29589
I1,2025-03-30 11:30:00,Cagliari,Monza,1.95839,0.962993
I1,2025-03-30 14:00:00,Fiorentina,Atalanta,1.92673,0.918743
I1,2025-03-30 17:00:00,Inter,Udinese,2.33787,1.3398
I1,2025-03-30 19:45:00,Napoli,AC Milan,0.945094,2.25619
I1,2025-03-31 19:45:00,Lazio,Torino,1.93778,0.632735
I1,2025-03-31 17:30:00,Verona,Parma Calcio 1913,0.765236,0.501452
I1,2025-04-04 18:45:00,Genoa,Udinese,1.65486,1.11114
I1,2025-04-05 18:45:00,AC Milan,Fiorentina,2.17819,3.04937
I1,2025-04-05 13:00:00,Monza,Como,1.05971,2.27029
I1,2025-04-05 16:00:00,Parma Calcio 1913,Inter,1.66115,2.17944
I1,2025-04-06 16:00:00,Atalanta,Lazio,1.04022,0.523108
I1,2025-04-06 13:00:00,Empoli,Cagliari,0.386589,0.162801
I1,2025-04-06 10:30:00,Lecce,Venezia,1.50136,0.898847
I1,2025-04-06 18:45:00,Roma,Juventus,1.37162,0.994645
I1,2025-04-06 13:00:00,Torino,Verona,0.963942,1.32441
I1,2025-04-07 18:45:00,Bologna,Napoli,1.11047,0.99857
I1,2025-04-11 18:45:00,Udinese,AC Milan,0.644579,2.49634
I1,2025-04-12 16:00:00,Inter,Cagliari,1.71603,0.914283
I1,2025-04-12 18:45:00,Juventus,Lecce,1.95569,0.940466
I1,2025-04-12 13:00:00,Venezia,Monza,1.62268,0.590462
I1,2025-04-13 10:30:00,Atalanta,Bologna,1.15847,0.546815
I1,2025-04-13 16:00:00,Como,Torino,1.23079,1.04165
I1,2025-04-13 13:00:00,Fiorentina,Parma Calcio 1913,0.670714,0.616318
I1,2025-04-13 18:45:00,Lazio,Roma,1.92122,0.221733
I1,2025-04-13 13:00:00,Verona,Genoa,1.00077,0.111761
I1,2025-04-14 18:45:00,Napoli,Empoli,2.13717,1.37277
I1,2025-04-19 13:00:00,Lecce,Como,0.666737,1.65387
I1,2025-04-19 16:00:00,Monza,Napoli,0.874819,1.66648
I1,2025-04-19 18:45:00,Roma,Verona,1.24696,0.330349
I1,2025-04-20 18:45:00,AC Milan,Atalanta,0.495327,2.07826
I1,2025-04-20 16:00:00,Bologna,Inter,1.0878,0.661137
I1,2025-04-20 13:00:00,Empoli,Venezia,1.14666,1.48453
I1,2025-04-23 16:30:00,Cagliari,Fiorentina,0.367407,0.701424
I1,2025-04-23 16:30:00,Genoa,Lazio,0.470637,1.33679
I1,2025-04-23 16:30:00,Parma Calcio 1913,Juventus,0.784847,0.777191
I1,2025-04-23 16:30:00,Torino,Udinese,0.949162,0.949917
I1,2025-04-27 18:45:00,Atalanta,Lecce,2.45836,1.45404
I1,2025-04-27 10:30:00,Como,Genoa,1.80373,1.04585
I1,2025-04-27 13:00:00,Fiorentina,Empoli,0.655092,0.465943
I1,2025-04-27 13:00:00,Inter,Roma,1.10299,2.79826
I1,2025-04-27 16:00:00,Juventus,Monza,1.14678,0.621764
I1,2025-04-27 18:45:00,Napoli,Torino,1.23274,0.660531
I1,2025-04-27 10:30:00,Venezia,AC Milan,1.00629,1.466
I1,2025-04-28 18:45:00,Lazio,Parma Calcio 1913,1.7767,1.09001
I1,2025-04-28 16:30:00,Udinese,Bologna,0.387188,1.17741
I1,2025-04-28 18:45:00,Verona,Cagliari,0.27029,1.87448
I1,2025-05-02 18:45:00,Torino,Venezia,1.74541,1.07484
I1,2025-05-03 13:00:00,Cagliari,Udinese,0.954534,1.92066
I1,2025-05-03 18:45:00,Inter,Verona,1.59903,0.303341
I1,2025-05-03 16:00:00,Lecce,Napoli,0.276702,0.845058
I1,2025-05-03 13:00:00,Parma Calcio 1913,Como,2.74525,1.32818
I1,2025-05-04 18:45:00,Bologna,Juventus,0.390379,0.681163
I1,2025-05-04 10:30:00,Empoli,Lazio,0.18325,1.12653
I1,2025-05-04 13:00:00,Monza,Atalanta,0.827428,3.05078
I1,2025-05-04 16:00:00,Roma,Fiorentina,1.00134,0.760529
I1,2025-05-05 18:45:00,Genoa,AC Milan,0.54789,1.29954
I1,2025-05-09 18:45:00,AC Milan,Bologna,1.55343,0.361364
I1,2025-05-10 13:00:00,Como,Cagliari,1.93276,1.22492
I1,2025-05-10 18:45:00,Empoli,Parma Calcio 1913,0.989813,0.404689
I1,2025-05-10 16:00:00,Lazio,Juventus,1.51119,1.17931
I1,2025-05-11 18:45:00,Napoli,Genoa,2.35243,0.648382
I1,2025-05-11 16:00:00,Torino,Inter,1.76692,2.48918
I1,2025-05-11 10:30:00,Udinese,Monza,1.45767,1.63169
I1,2025-05-11 13:00:00,Verona,Lecce,0.480962,1.24972
I1,2025-05-12 18:45:00,Atalanta,Roma,2.87542,0.572288
I1,2025-05-12 16:30:00,Venezia,Fiorentina,2.25991,0.994541
I1,2025-05-18 18:45:00,Cagliari,Venezia,2.75115,0.773148
I1,2025-05-18 18:45:00,Fiorentina,Bologna,1.43018,1.51953
I1,2025-05-18 13:00:00,Genoa,Atalanta,1.44057,1.56926
I1,2025-05-18 18:45:00,Inter,Lazio,1.59363,2.33497
I1,2025-05-18 18:45:00,Juventus,Udinese,2.61362,0.358909
I1,2025-05-18 18:45:00,Lecce,Torino,0.970765,0.476384
I1,2025-05-18 18:45:00,Monza,Empoli,1.03178,1.95845
I1,2025-05-18 18:45:00,Parma Calcio 1913,Napoli,0.296751,0.379711
I1,2025-05-18 18:45:00,Roma,AC Milan,1.57656,1.78592
I1,2025-05-18 18:45:00,Verona,Como,1.55405,1.12443
I1,2025-05-23 18:45:00,Como,Inter,1.49032,2.27789
I1,2025-05-23 18:45:00,Napoli,Cagliari,2.16118,0.0969696
I1,2025-05-24 18:45:00,AC Milan,Monza,1.99268,0.516606
I1,2025-05-24 16:00:00,Bologna,Genoa,0.628377,1.17343
I1,2025-05-25 18:45:00,Atalanta,Parma Calcio 1913,1.90265,2.82535
I1,2025-05-25 18:45:00,Empoli,Verona,1.23351,0.833807
I1,2025-05-25 18:45:00,Lazio,Lecce,1.73521,0.708667
I1,2025-05-25 18:45:00,Torino,Roma,0.381059,2.64436
I1,2025-05-25 18:45:00,Udinese,Fiorentina,1.61711,3.06465
I1,2025-05-25 18:45:00,Venezia,Juventus,1.01327,1.66948
I1,2025-08-23 18:45:00,AC Milan,Cremonese,2.08498,0.363576
I1,2025-08-23 16:30:00,Genoa,Lecce,0.56563,0.55094
I1,2025-08-23 18:45:00,Roma,Bologna,1.47691,0.443508
I1,2025-08-23 16:30:00,Sassuolo,Napoli,0.298477,1.55456
I1,2025-08-24 18:45:00,Atalanta,Pisa,2.04697,1.02901
I1,2025-08-24 16:30:00,Cagliari,Fiorentina,1.51736,1.14261
I1,2025-08-24 16:30:00,Como,Lazio,1.28478,0.202984
I1,2025-08-24 18:45:00,Juventus,Parma Calcio 1913,2.74202,0.815567
I1,2025-08-25 18:45:00,Inter,Torino,2.60956,0.816232
I1,2025-08-25 16:30:00,Udinese,Verona,1.05058,0.799203
I1,2025-08-29 16:30:00,Cremonese,Sassuolo,3.52949,1.32978
I1,2025-08-29 18:45:00,Lecce,AC Milan,0.481693,2.13175
I1,2025-08-30 16:30:00,Bologna,Como,1.51584,0.521585
I1,2025-08-30 18:45:00,Napoli,Cagliari,1.73158,0.64413
I1,2025-08-30 16:30:00,Parma Calcio 1913,Atalanta,0.751112,1.19727
I1,2025-08-30 18:45:00,Pisa,Roma,0.6627,0.953921
I1,2025-08-31 16:30:00,Genoa,Juventus,0.593013,1.55128
I1,2025-08-31 18:45:00,Inter,Udinese,1.67172,1.20014
I1,2025-08-31 18:45:00,Lazio,Verona,3.96645,0.600485
I1,2025-08-31 16:30:00,Torino,Fiorentina,1.05012,1.18859
I1,2025-09-13 13:00:00,Cagliari,Parma Calcio 1913,1.76945,1.95549
I1,2025-09-13 18:45:00,Fiorentina,Napoli,1.39098,3.55376
I1,2025-09-13 16:00:00,Juventus,Inter,0.768943,1.01628
I1,2025-09-14 18:45:00,AC Milan,Bologna,1.15538,0.198634
I1,2025-09-14 13:00:00,Atalanta,Lecce,2.62415,0.532382
I1,2025-09-14 13:00:00,Pisa,Udinese,1.27587,1.72902
I1,2025-09-14 10:30:00,Roma,Torino,1.02943,0.805089
I1,2025-09-14 16:00:00,Sassuolo,Lazio,1.2156,0.858246
I1,2025-09-15 18:45:00,Como,Genoa,1.56467,2.54288
I1,2025-09-15 16:30:00,Verona,Cremonese,1.8883,0.166346
I1,2025-09-19 18:45:00,Lecce,Cagliari,1.13998,2.21034
I1,2025-09-20 13:00:00,Bologna,Genoa,1.78786,0.794732
I1,2025-09-20 18:45:00,Udinese,AC Milan,0.298364,1.70251
I1,2025-09-20 16:00:00,Verona,Juventus,1.65885,0.470357
I1,2025-09-21 13:00:00,Cremonese,Parma Calcio 1913,0.172561,0.902031
I1,2025-09-21 16:00:00,Fiorentina,Como,0.424904,2.09507
I1,2025-09-21 18:45:00,Inter,Sassuolo,3.12186,0.850824
I1,2025-09-21 10:30:00,Lazio,Roma,0.666967,1.22639
I1,2025-09-21 13:00:00,Torino,Atalanta,1.31336,1.67723
I1,2025-09-22 18:45:00,Napoli,Pisa,1.18611,2.51985
I1,2025-09-27 18:45:00,Cagliari,Inter,0.475174,3.95419
I1,2025-09-27 13:00:00,Como,Cremonese,1.44033,0.564557
I1,2025-09-27 16:00:00,Juventus,Atalanta,1.84242,0.885278
I1,2025-09-28 18:45:00,AC Milan,Napoli,0.952575,2.23894
I1,2025-09-28 16:00:00,Lecce,Bologna,2.09017,1.5908
I1,2025-09-28 13:00:00,Pisa,Fiorentina,0.580471,0.840093
I1,2025-09-28 13:00:00,Roma,Verona,1.30542,1.35351
I1,2025-09-28 10:30:00,Sassuolo,Udinese,2.31332,1.19344
I1,2025-09-29 18:45:00,Genoa,Lazio,1.47659,3.54059
I1,2025-09-29 16:30:00,Parma Calcio 1913,Torino,1.44462,0.660829
I1,2025-10-03 18:45:00,Verona,Sassuolo,0.810981,1.5058
I1,2025-10-04 18:45:00,Atalanta,Como,1.74169,0.959121
I1,2025-10-04 16:00:00,Inter,Cremonese,4.65231,0.619599
I1,2025-10-04 13:00:00,Lazio,Torino,1.45075,2.18108
I1,2025-10-04 13:00:00,Parma Calcio 1913,Lecce,1.08896,0.622459
I1,2025-10-05 13:00:00,Bologna,Pisa,3.69928,0.0265067
I1,2025-10-05 13:00:00,Fiorentina,Roma,1.11719,1.22512
I1,2025-10-05 18:45:00,Juventus,AC Milan,0.570595,1.55707
I1,2025-10-05 16:00:00,Napoli,Genoa,1.87915,0.691583
I1,2025-10-05 10:30:00,Udinese,Cagliari,2.98545,0.789093
I1,2025-10-18 13:00:00,Lecce,Sassuolo,0.66998,0.77146
I1,2025-10-18 13:00:00,Pisa,Verona,0.572009,1.65491
I1,2025-10-18 18:45:00,Roma,Inter,2.1538,0.96386
I1,2025-10-18 16:00:00,Torino,Napoli,1.90815,1.71911
I1,2025-10-19 18:45:00,AC Milan,Fiorentina,2.01853,0.965997
I1,2025-10-19 16:00:00,Atalanta,Lazio,2.38095,0.220276
I1,2025-10-19 13:00:00,Cagliari,Bologna,0.367775,1.15836
I1,2025-10-19 10:30:00,Como,Juventus,1.68785,0.964723
I1,2025-10-19 13:00:00,Genoa,Parma Calcio 1913,2.21692,0.0544873
I1,2025-10-20 18:45:00,Cremonese,Udinese,1.22876,0.962572
I1,2025-10-24 18:45:00,AC Milan,Pisa,1.97232,1.22514
I1,2025-10-25 18:45:00,Cremonese,Atalanta,0.967146,1.62371
I1,2025-10-25 16:00:00,Napoli,Inter,1.18626,2.07077
I1,2025-10-25 13:00:00,Parma Calcio 1913,Como,1.56651,0.387121
I1,2025-10-25 13:00:00,Udinese,Lecce,1.51576,0.373551
I1,2025-10-26 16:00:00,Fiorentina,Bologna,3.87905,0.883347
I1,2025-10-26 18:45:00,Lazio,Juventus,0.905304,1.24614
I1,2025-10-26 13:00:00,Sassuolo,Roma,0.949353,2.25968
I1,2025-10-26 10:30:00,Torino,Genoa,1.8196,1.9796
I1,2025-10-26 13:00:00,Verona,Cagliari,2.03687,0.837271
I1,2025-10-28 18:45:00,Atalanta,AC Milan,1.28167,0.626418
I1,2025-10-28 16:30:00,Lecce,Napoli,1.02929,0.92446
I1,2025-10-29 18:45:00,Bologna,Torino,0.3322,0.797473
I1,2025-10-29 16:30:00,Como,Verona,1.74279,1.69938
I1,2025-10-29 18:45:00,Genoa,Cremonese,1.3491,1.57974
I1,2025-10-29 18:45:00,Inter,Fiorentina,2.87253,0.741937
I1,2025-10-29 16:30:00,Juventus,Udinese,3.30641,0.604108
I1,2025-10-29 16:30:00,Roma,Parma Calcio 1913,1.15685,1.17796
I1,2025-10-30 16:30:00,Cagliari,Sassuolo,0.845219,0.937652
I1,2025-10-30 18:45:00,Pisa,Lazio,0.780185,0.657914
I1,2025-11-01 19:45:00,Cremonese,Juventus,0.611392,2.61402
I1,2025-11-01 17:00:00,Napoli,Como,0.762314,1.17012
I1,2025-11-01 14:00:00,Udinese,Atalanta,0.707338,0.270197
I1,2025-11-02 19:45:00,AC Milan,Roma,3.76419,1.95443
I1,2025-11-02 14:00:00,Fiorentina,Lecce,1.38997,1.3239
I1,2025-11-02 17:00:00,Parma Calcio 1913,Bologna,0.622333,3.51745
I1,2025-11-02 14:00:00,Torino,Pisa,1.22388,1.90329
I1,2025-11-02 11:30:00,Verona,Inter,0.372642,1.15025
I1,2025-11-03 19:45:00,Lazio,Cagliari,0.587684,1.48457
I1,2025-11-03 17:30:00,Sassuolo,Genoa,1.31641,1.83271
I1,2025-11-07 19:45:00,Pisa,Cremonese,1.45109,1.23118
I1,2025-11-08 14:00:00,Como,Cagliari,1.0497,0.615264
I1,2025-11-08 17:00:00,Juventus,Torino,1.93707,0.405589
I1,2025-11-08 14:00:00,Lecce,Verona,0.555045,0.691863
I1,2025-11-08 19:45:00,Parma Calcio 1913,AC Milan,1.45012,2.05467
I1,2025-11-09 11:30:00,Atalanta,Sassuolo,0.707859,2.20132
I1,2025-11-09 14:00:00,Bologna,Napoli,1.64488,0.19503
I1,2025-11-09 14:00:00,Genoa,Fiorentina,1.58884,1.33019
I1,2025-11-09 19:45:00,Inter,Lazio,1.73965,0.54928
I1,2025-11-09 17:00:00,Roma,Udinese,1.75728,0.928685
I1,2025-11-22 14:00:00,Cagliari,Genoa,1.37329,1.61562
I1,2025-11-22 17:00:00,Fiorentina,Juventus,0.659308,1.65053
I1,2025-11-22 19:45:00,Napoli,Atalanta,2.02765,0.825775
I1,2025-11-22 14:00:00,Udinese,Bologna,1.88758,2.88287
I1,2025-11-23 14:00:00,Cremonese,Roma,1.25617,1.73178
I1,2025-11-23 19:45:00,Inter,AC Milan,1.74448,0.856085
I1,2025-11-23 17:00:00,Lazio,Lecce,1.49492,0.544669
I1,2025-11-23 11:30:00,Verona,Parma Calcio 1913,0.943021,1.51628
I1,2025-11-24 19:45:00,Sassuolo,Pisa,2.21345,1.38602
I1,2025-11-24 17:30:00,Torino,Como,1.42986,3.37909
I1,2025-11-28 19:45:00,Como,Sassuolo,1.73426,1.12902
I1,2025-11-29 19:45:00,AC Milan,Lazio,1.48113,0.899621
I1,2025-11-29 14:00:00,Genoa,Verona,1.64897,2.60658
I1,2025-11-29 17:00:00,Juventus,Cagliari,1.5343,0.891103
I1,2025-11-29 14:00:00,Parma Calcio 1913,Udinese,1.03649,1.87351
I1,2025-11-30 17:00:00,Atalanta,Fiorentina,2.29028,2.01961
I1,2025-11-30 11:30:00,Lecce,Torino,0.948606,2.0632
I1,2025-11-30 14:00:00,Pisa,Inter,1.80715,2.04777
I1,2025-11-30 19:45:00,Roma,Napoli,0.611755,1.33114
I1,2025-12-01 19:45:00,Bologna,Cremonese,2.11713,2.33533
I1,2025-12-06 17:00:00,Inter,Como,2.26559,0.943403
I1,2025-12-06 14:00:00,Sassuolo,Fiorentina,1.64053,1.20662
I1,2025-12-06 19:45:00,Verona,Atalanta,1.60244,1.76527
I1,2025-12-07 14:00:00,Cagliari,Roma,1.40358,0.451691
I1,2025-12-07 11:30:00,Cremonese,Lecce,2.08254,1.37526
I1,2025-12-07 17:00:00,Lazio,Bologna,1.24155,1.23115
I1,2025-12-07 19:45:00,Napoli,Juventus,2.1655,0.24335
I1,2025-12-08 14:00:00,Pisa,Parma Calcio 1913,1.56873,1.49837
I1,2025-12-08 19:45:00,Torino,AC Milan,1.01008,2.10495
I1,2025-12-08 17:00:00,Udinese,Genoa,1.49196,1.5362
I1,2025-12-12 19:45:00,Lecce,Pisa,2.79987,0.303651
I1,2025-12-13 19:45:00,Atalanta,Cagliari,3.08558,0.568619
I1,2025-12-13 17:00:00,Parma Calcio 1913,Lazio,1.08166,1.76573
I1,2025-12-13 14:00:00,Torino,Cremonese,1.94598,0.700243
I1,2025-12-14 11:30:00,AC Milan,Sassuolo,1.83346,1.02843
I1,2025-12-14 19:45:00,Bologna,Juventus,0.97387,2.07145
I1,2025-12-14 14:00:00,Fiorentina,Verona,2.41776,1.53867
I1,2025-12-14 17:00:00,Genoa,Inter,0.895295,2.04412
I1,2025-12-14 14:00:00,Udinese,Napoli,1.84146,0.931427
I1,2025-12-15 19:45:00,Roma,Como,1.65562,0.635872
I1,2025-12-20 19:45:00,Juventus,Roma,3.09592,1.28421
I1,2025-12-20 17:00:00,Lazio,Cremonese,0.432769,0.70974
I1,2025-12-21 11:30:00,Cagliari,Pisa,1.20171,2.02532
I1,2025-12-21 17:00:00,Fiorentina,Udinese,3.24808,0.794951
I1,2025-12-21 19:45:00,Genoa,Atalanta,0.967673,1.76564
I1,2025-12-21 14:00:00,Sassuolo,Torino,0.580849,2.00002
I1,2025-12-27 14:00:00,Lecce,Como,1.15442,2.33352
I1,2025-12-27 11:30:00,Parma Calcio 1913,Fiorentina,1.26451,1.2463
I1,2025-12-27 19:45:00,Pisa,Juventus,0.64162,1.2875
I1,2025-12-27 14:00:00,Torino,Cagliari,2.4609,0.994774
I1,2025-12-27 17:00:00,Udinese,Lazio,0.806561,0.848022
I1,2025-12-28 11:30:00,AC Milan,Verona,2.87827,0.32776
I1,2025-12-28 19:45:00,Atalanta,Inter,1.16924,1.63271
I1,2025-12-28 17:00:00,Bologna,Sassuolo,0.937045,1.52306
I1,2025-12-28 14:00:00,Cremonese,Napoli,0.276244,2.85402
I1,2025-12-29 19:45:00,Roma,Genoa,1.86118,0.510864
I1,2026-01-02 19:45:00,Cagliari,AC Milan,0.308283,0.893304
I1,2026-01-03 19:45:00,Atalanta,Roma,2.73637,1.01018
I1,2026-01-03 11:30:00,Como,Udinese,2.38351,0.245
I1,2026-01-03 14:00:00,Genoa,Pisa,0.569456,1.5538
I1,2026-01-03 17:00:00,Juventus,Lecce,3.59395,0.176301
I1,2026-01-03 14:00:00,Sassuolo,Parma Calcio 1913,1.0095,1.18268
I1,2026-01-04 14:00:00,Fiorentina,Cremonese,2.20676,0.752862
I1,2026-01-04 19:45:00,Inter,Bologna,4.26719,0.782906
I1,2026-01-04 11:30:00,Lazio,Napoli,0.405788,2.42503
I1,2026-01-04 17:00:00,Verona,Torino,0.260564,1.70287
I1,2026-01-06 17:00:00,Lecce,Roma,0.604725,1.89163
I1,2026-01-06 14:00:00,Pisa,Como,1.71183,2.10363
I1,2026-01-06 19:45:00,Sassuolo,Juventus,0.203716,2.90778
I1,2026-01-07 17:30:00,Bologna,Atalanta,1.11527,1.33342
I1,2026-01-07 19:45:00,Lazio,Fiorentina,2.70815,1.51944
I1,2026-01-07 17:30:00,Napoli,Verona,1.57287,1.29178
I1,2026-01-07 19:45:00,Parma Calcio 1913,Inter,0.261054,3.08782
I1,2026-01-07 19:45:00,Torino,Udinese,1.67388,2.31786
I1,2026-01-08 19:45:00,AC Milan,Genoa,2.11615,1.43745
I1,2026-01-08 17:30:00,Cremonese,Cagliari,2.2527,1.78257
I1,2026-01-10 19:45:00,Atalanta,Torino,2.55106,0.945872
I1,2026-01-10 14:00:00,Como,Bologna,1.13923,1.54894
I1,2026-01-10 17:00:00,Roma,Sassuolo,2.95843,0.858537
I1,2026-01-10 14:00:00,Udinese,Pisa,2.18018,1.42671
I1,2026-01-11 14:00:00,Fiorentina,AC Milan,2.38025,2.05263
I1,2026-01-11 19:45:00,Inter,Napoli,1.6567,1.38417
I1,2026-01-11 11:30:00,Lecce,Parma Calcio 1913,0.842154,1.46392
I1,2026-01-11 17:00:00,Verona,Lazio,0.584887,0.64447
I1,2026-01-12 17:30:00,Genoa,Cagliari,1.26155,1.00677
I1,2026-01-12 19:45:00,Juventus,Cremonese,3.2309,1.1134
I1,2026-01-14 19:45:00,Inter,Lecce,1.91676,0.468829
I1,2026-01-14 17:30:00,Napoli,Parma Calcio 1913,1.29671,0.230185
I1,2026-01-15 19:45:00,Como,AC Milan,1.86946,1.3926
I1,2026-01-15 17:30:00,Verona,Bologna,1.6881,0.690747
I1,2026-01-16 19:45:00,Pisa,Atalanta,1.63695,1.77359
I1,2026-01-17 19:45:00,Cagliari,Juventus,0.176118,0.872689
I1,2026-01-17 17:00:00,Napoli,Sassuolo,0.605235,1.12352
I1,2026-01-17 14:00:00,Udinese,Inter,0.130821,2.17475
I1,2026-01-18 19:45:00,AC Milan,Lecce,3.17447,0.1816
I1,2026-01-18 14:00:00,Bologna,Fiorentina,1.34398,1.64563
I1,2026-01-18 11:30:00,Parma Calcio 1913,Genoa,0.463872,1.07465
I1,2026-01-18 17:00:00,Torino,Roma,0.394429,2.02736
I1,2026-01-19 17:30:00,Cremonese,Verona,0.452062,0.487484
I1,2026-01-19 19:45:00,Lazio,Como,0.465283,2.28394
I1,2026-01-23 19:45:00,Inter,Pisa,6.24369,0.453549
I1,2026-01-24 14:00:00,Como,Torino,3.15343,0.327418
I1,2026-01-24 17:00:00,Fiorentina,Cagliari,2.09156,1.27897
I1,2026-01-24 19:45:00,Lecce,Lazio,0.601024,0.716991
I1,2026-01-25 14:00:00,Atalanta,Parma Calcio 1913,5.01888,1.86533
I1,2026-01-25 14:00:00,Genoa,Bologna,0.706857,0.591952
I1,2026-01-25 17:00:00,Juventus,Napoli,1.54679,0.421726
I1,2026-01-25 19:45:00,Roma,AC Milan,2.13573,0.583212
I1,2026-01-25 11:30:00,Sassuolo,Cremonese,1.3787,0.845543
I1,2026-01-26 19:45:00,Verona,Udinese,0.573784,1.93652
I1,2026-01-30 19:45:00,Lazio,Genoa,2.06649,1.83307
I1,2026-01-31 19:45:00,Cagliari,Verona,1.98129,0.374813
I1,2026-01-31 17:00:00,Napoli,Fiorentina,2.39619,1.81202
I1,2026-01-31 14:00:00,Pisa,Sassuolo,0.773575,2.20331
I1,2026-02-01 14:00:00,Como,Atalanta,5.96884,0.785014
I1,2026-02-01 17:00:00,Cremonese,Inter,0.510166,2.18311
I1,2026-02-01 19:45:00,Parma Calcio 1913,Juventus,0.598397,3.51941
I1,2026-02-01 11:30:00,Torino,Lecce,2.48263,0.468464
I1,2026-02-02 19:45:00,Udinese,Roma,0.642594,0.668752
I1,2026-02-03 19:45:00,Bologna,AC Milan,0.440526,3.35769
I1,2026-02-06 19:45:00,Verona,Pisa,0.0783843,1.26143
I1,2026-02-07 19:45:00,Fiorentina,Torino,1.27203,1.0134
I1,2026-02-07 17:00:00,Genoa,Napoli,1.32462,1.89784
I1,2026-02-08 11:30:00,Bologna,Parma Calcio 1913,1.64658,0.193041
I1,2026-02-08 19:45:00,Juventus,Lazio,2.85607,0.808824
I1,2026-02-08 14:00:00,Lecce,Udinese,2.18624,0.895031
I1,2026-02-08 17:00:00,Sassuolo,Inter,0.721597,2.75112
I1,2026-02-09 17:30:00,Atalanta,Cremonese,3.12119,0.914806
I1,2026-02-09 19:45:00,Roma,Cagliari,2.20426,0.613133
I1,2026-02-13 19:45:00,Pisa,AC Milan,0.937275,2.15769
I1,2026-02-14 14:00:00,Como,Fiorentina,0.902645,1.302
I1,2026-02-14 19:45:00,Inter,Juventus,2.4811,1.29499
I1,2026-02-14 17:00:00,Lazio,Atalanta,1.54366,1.82116
I1,2026-02-15 14:00:00,Cremonese,Genoa,1.34717,1.33514
I1,2026-02-15 19:45:00,Napoli,Roma,0.5247,1.95442
I1,2026-02-15 14:00:00,Parma Calcio 1913,Verona,2.16714,0.856137
I1,2026-02-15 17:00:00,Torino,Bologna,0.394436,1.71228
I1,2026-02-15 11:30:00,Udinese,Sassuolo,0.491201,1.24711
I1,2026-02-16 19:45:00,Cagliari,Lecce,1.46951,1.76359
I1,2026-02-18 19:45:00,AC Milan,Como,1.17019,1.64526
I1,2026-02-20 19:45:00,Sassuolo,Verona,1.58706,0.615652
I1,2026-02-21 19:45:00,Cagliari,Lazio,0.771111,0.520733
I1,2026-02-21 14:00:00,Juventus,Como,1.01425,1.43181
I1,2026-02-21 17:00:00,Lecce,Inter,0.127863,2.6436
I1,2026-02-22 17:00:00,AC Milan,Parma Calcio 1913,1.63438,0.760094
I1,2026-02-22 14:00:00,Atalanta,Napoli,0.962214,1.05903
I1,2026-02-22 11:30:00,Genoa,Torino,2.06306,0.530703
I1,2026-02-22 19:45:00,Roma,Cremonese,2.58194,0.280739
I1,2026-02-23 19:45:00,Bologna,Udinese,1.44714,0.530625
I1,2026-02-23 17:30:00,Fiorentina,Pisa,1.77825,0.43212
I1,2026-02-27 19:45:00,Parma Calcio 1913,Cagliari,1.31257,0.615799
I1,2026-02-28 14:00:00,Como,Lecce,2.98622,0.424994
I1,2026-02-28 19:45:00,Inter,Genoa,2.19229,0.170827
I1,2026-02-28 17:00:00,Verona,Napoli,0.277835,1.21355
I1,2026-03-01 11:30:00,Cremonese,AC Milan,1.08387,3.87512
I1,2026-03-01 19:45:00,Roma,Juventus,2.33059,1.8583
I1,2026-03-01 14:00:00,Sassuolo,Atalanta,1.81132,3.74717
I1,2026-03-01 17:00:00,Torino,Lazio,1.06085,1.05867
I1,2026-03-02 17:30:00,Pisa,Bologna,0.743118,0.871649
I1,2026-03-02 19:45:00,Udinese,Fiorentina,2.0239,0.585387
I1,2026-03-06 19:45:00,Napoli,Torino,2.32007,0.693368
I1,2026-03-07 17:00:00,Atalanta,Udinese,1.99854,0.860054
I1,2026-03-07 14:00:00,Cagliari,Como,0.518042,0.763847
I1,2026-03-07 19:45:00,Juventus,Pisa,3.16811,0.319971
I1,2026-03-08 19:45:00,AC Milan,Inter,0.852014,1.44398
I1,2026-03-08 14:00:00,Bologna,Verona,0.903746,2.02855
I1,2026-03-08 14:00:00,Fiorentina,Parma Calcio 1913,0.758473,0.253114
I1,2026-03-08 17:00:00,Genoa,Roma,2.55911,0.282645
I1,2026-03-08 11:30:00,Lecce,Cremonese,1.76705,0.791422
I1,2026-03-09 19:45:00,Lazio,Sassuolo,2.4868,0.453204
I1,2026-03-13 19:45:00,Torino,Parma Calcio 1913,2.44316,0.579861
I1,2026-03-14 14:00:00,Inter,Atalanta,2.0286,0.867146
I1,2026-03-14 17:00:00,Napoli,Lecce,1.13114,1.22692
I1,2026-03-14 19:45:00,Udinese,Juventus,0.741965,3.18734
I1,2026-03-15 17:00:00,Como,Roma,2.46908,0.899976
I1,2026-03-15 19:45:00,Lazio,AC Milan,0.538397,1.16179
I1,2026-03-15 14:00:00,Pisa,Cagliari,2.94287,1.52334
I1,2026-03-15 14:00:00,Sassuolo,Bologna,0.427053,0.731025
I1,2026-03-15 11:30:00,Verona,Genoa,0.370821,0.534091
I1,2026-03-16 19:45:00,Cremonese,Fiorentina,1.47372,1.14462
I1,2026-03-20 17:30:00,Cagliari,Napoli,0.241246,2.27393
I1,2026-03-20 19:45:00,Genoa,Udinese,1.30328,0.86584
I1,2026-03-21 17:00:00,AC Milan,Torino,1.44337,2.37211
I1,2026-03-21 19:45:00,Juventus,Sassuolo,2.25457,0.845538
I1,2026-03-21 14:00:00,Parma Calcio 1913,Cremonese,0.287758,0.781807
I1,2026-03-22 14:00:00,Atalanta,Verona,1.74248,0.765772
I1,2026-03-22 14:00:00,Bologna,Lazio,1.32921,2.14396
I1,2026-03-22 11:30:00,Como,Pisa,1.8215,0.309722
I1,2026-03-22 19:45:00,Fiorentina,Inter,1.81429,1.40088
I1,2026-03-22 17:00:00,Roma,Lecce,1.09359,0.807003
I1,2026-04-04 18:45:00,Lazio,Parma Calcio 1913,0.269086,0.360563
I1,2026-04-04 13:00:00,Sassuolo,Cagliari,0.48336,1.90118
I1,2026-04-04 16:00:00,Verona,Fiorentina,0.922577,0.308725
I1,2026-04-05 13:00:00,Cremonese,Bologna,1.39638,1.58974
I1,2026-04-05 18:45:00,Inter,Roma,2.25441,0.939981
I1,2026-04-05 16:00:00,Pisa,Torino,0.309366,1.72611
I1,2026-04-06 16:00:00,Juventus,Genoa,2.60276,1.48807
I1,2026-04-06 13:00:00,Lecce,Atalanta,0.364274,2.81595
I1,2026-04-06 18:45:00,Napoli,AC Milan,0.872402,0.810602
I1,2026-04-06 10:30:00,Udinese,Como,1.06665,0.786392
I1,2026-04-10 18:45:00,Roma,Pisa,1.45084,1.06318
I1,2026-04-11 16:00:00,AC Milan,Udinese,1.62737,1.566
I1,2026-04-11 18:45:00,Atalanta,Juventus,1.8886,1.18681
I1,2026-04-11 13:00:00,Cagliari,Cremonese,1.431,0.268819
I1,2026-04-11 13:00:00,Torino,Verona,1.1485,1.67554
I1,2026-04-12 16:00:00,Bologna,Lecce,2.5824,0.53637
I1,2026-04-12 18:45:00,Como,Inter,3.2878,0.507465
I1,2026-04-12 10:30:00,Genoa,Sassuolo,1.39271,1.39642
I1,2026-04-12 13:00:00,Parma Calcio 1913,Napoli,0.154689,1.31482
I1,2026-04-13 18:45:00,Fiorentina,Lazio,0.421966,1.29355
I1,2026-04-17 18:45:00,Inter,Cagliari,2.38524,0.482209
I1,2026-04-17 16:30:00,Sassuolo,Como,1.3509,0.588985
I1,2026-04-18 16:00:00,Napoli,Lazio,0.516972,3.16463
I1,2026-04-18 18:45:00,Roma,Atalanta,1.70941,0.660238
I1,2026-04-18 13:00:00,Udinese,Parma Calcio 1913,1.35108,1.39599
I1,2026-04-19 10:30:00,Cremonese,Torino,0.88749,0.159021
I1,2026-04-19 18:45:00,Juventus,Bologna,1.57651,0.852415
I1,2026-04-19 16:00:00,Pisa,Genoa,1.00691,2.18534
I1,2026-04-19 13:00:00,Verona,AC Milan,0.709696,0.830747
I1,2026-04-20 18:45:00,Lecce,Fiorentina,1.80861,1.26455
I1,2026-04-24 18:45:00,Napoli,Cremonese,3.24062,0.473643
I1,2026-04-25 16:00:00,Bologna,Roma,0.479083,1.65629
I1,2026-04-25 13:00:00,Parma Calcio 1913,Pisa,1.31072,1.56392
I1,2026-04-25 18:45:00,Verona,Lecce,0.249294,1.20604
I1,2026-04-26 18:45:00,AC Milan,Juventus,0.616342,0.449727
I1,2026-04-26 10:30:00,Fiorentina,Sassuolo,2.19011,0.597621
I1,2026-04-26 13:00:00,Genoa,Como,0.667154,1.19004
I1,2026-04-26 16:00:00,Torino,Inter,2.42774,1.64792
I1,2026-04-27 16:30:00,Cagliari,Atalanta,2.00771,1.7579
I1,2026-04-27 18:45:00,Lazio,Udinese,1.77483,2.30714
I1,2026-05-01 18:45:00,Pisa,Lecce,2.06716,1.35936
I1,2026-05-02 18:45:00,Atalanta,Genoa,1.66082,0.438786
I1,2026-05-02 16:00:00,Como,Napoli,1.79719,0.847288
I1,2026-05-02 13:00:00,Udinese,Torino,2.16904,0.812913
I1,2026-05-03 10:30:00,Bologna,Cagliari,0.684487,0.871884
I1,2026-05-03 18:45:00,Inter,Parma Calcio 1913,2.01571,0.452228
I1,2026-05-03 16:00:00,Juventus,Verona,2.68622,0.197193
I1,2026-05-03 13:00:00,Sassuolo,AC Milan,2.23502,0.288558
I1,2026-05-04 16:30:00,Cremonese,Lazio,0.55053,0.987521
I1,2026-05-04 18:45:00,Roma,Fiorentina,2.84317,0.132194
I1,2026-05-08 18:45:00,Torino,Sassuolo,3.06714,2.17042
I1,2026-05-09 13:00:00,Cagliari,Udinese,1.56516,2.30592
I1,2026-05-09 16:00:00,Lazio,Inter,0.502107,2.18245
I1,2026-05-09 18:45:00,Lecce,Juventus,0.607959,1.95698
I1,2026-05-10 18:45:00,AC Milan,Atalanta,2.28396,1.60752
I1,2026-05-10 13:00:00,Cremonese,Pisa,1.26744,0.0
I1,2026-05-10 13:00:00,Fiorentina,Genoa,0.675179,0.52874
I1,2026-05-10 16:00:00,Parma Calcio 1913,Roma,0.636151,3.02085
I1,2026-05-10 10:30:00,Verona,Como,1.29052,1.06072
I1,2026-05-11 18:45:00,Napoli,Bologna,1.22739,1.12339
I1,2026-05-17 16:00:00,Atalanta,Bologna,0.871381,1.06559
I1,2026-05-17 18:45:00,Cagliari,Torino,1.75883,1.33301
I1,2026-05-17 10:30:00,Como,Parma Calcio 1913,2.72094,0.483046
I1,2026-05-17 10:30:00,Genoa,AC Milan,1.66881,1.55422
I1,2026-05-17 13:00:00,Inter,Verona,2.84143,0.911763
I1,2026-05-17 10:30:00,Juventus,Fiorentina,1.96289,0.513716
I1,2026-05-17 10:30:00,Pisa,Napoli,0.721322,1.42016
I1,2026-05-17 10:30:00,Roma,Lazio,1.31805,0.766648
I1,2026-05-17 18:45:00,Sassuolo,Lecce,3.04719,1.29547
I1,2026-05-17 18:45:00,Udinese,Cremonese,0.270585,0.671214
I1,2026-05-22 18:45:00,Fiorentina,Atalanta,1.14732,1.58663
I1,2026-05-23 16:00:00,Bologna,Inter,1.59682,1.18652
I1,2026-05-23 18:45:00,Lazio,Pisa,1.02094,1.16758
I1,2026-05-24 18:45:00,AC Milan,Cagliari,1.75953,3.43624
I1,2026-05-24 18:45:00,Cremonese,Como,0.977192,2.6911
I1,2026-05-24 18:45:00,Lecce,Genoa,2.21387,0.782331
I1,2026-05-24 16:00:00,Napoli,Udinese,1.55853,0.517372
I1,2026-05-24 13:00:00,Parma Calcio 1913,Sassuolo,1.51292,1.06783
I1,2026-05-24 18:45:00,Torino,Juventus,0.950066,2.53427
I1,2026-05-24 18:45:00,Verona,Roma,0.597669,3.55506
F1,2023-08-12 18:00:00,Brest,Lens,2.91934,0.960002
F1,2023-08-12 18:00:00,Marseille,Reims,1.5127,0.993374
F1,2023-08-12 18:00:00,Nice,Lille,1.12141,1.53437
F1,2023-08-12 18:00:00,Paris Saint Germain,Lorient,1.36166,0.136269
F1,2023-08-13 13:00:00,Clermont Foot,Monaco,1.97981,3.40428
F1,2023-08-13 13:00:00,Montpellier,Le Havre,1.2977,1.24958
F1,2023-08-13 13:00:00,Nantes,Toulouse,1.07028,2.06035
F1,2023-08-13 15:05:00,Rennes,Metz,4.67967,0.561838
F1,2023-08-13 18:45:00,Strasbourg,Lyon,1.16184,2.05387
F1,2023-08-18 19:00:00,Metz,Marseille,0.360903,1.49349
F1,2023-08-19 15:00:00,Lyon,Montpellier,0.641589,1.91808
F1,2023-08-19 19:00:00,Toulouse,Paris Saint Germain,1.15991,2.00415
F1,2023-08-20 13:00:00,Le Havre,Brest,0.866995,1.60466
F1,2023-08-20 18:45:00,Lens,Rennes,1.3445,1.62597
F1,2023-08-20 11:00:00,Lille,Nantes,3.239,1.27164
F1,2023-08-20 13:00:00,Lorient,Nice,0.750785,2.42649
F1,2023-08-20 15:05:00,Monaco,Strasbourg,1.30947,0.552621
F1,2023-08-20 13:00:00,Reims,Clermont Foot,2.41479,0.399613
F1,2023-08-25 19:00:00,Nantes,Monaco,0.906833,4.95812
F1,2023-08-26 17:00:00,Marseille,Brest,3.50896,1.72801
F1,2023-08-26 19:00:00,Paris Saint Germain,Lens,1.86713,0.487094
F1,2023-08-27 13:00:00,Clermont Foot,Metz,0.540615,0.791472
F1,2023-08-27 15:05:00,Lorient,Lille,1.745,1.45127
F1,2023-08-27 13:00:00,Montpellier,Reims,1.42165,1.8496
F1,2023-08-27 18:45:00,Nice,Lyon,1.82327,0.25547
F1,2023-08-27 11:00:00,Rennes,Le Havre,3.49731,0.41475
F1,2023-08-27 13:00:00,Strasbourg,Toulouse,2.84995,0.308716
F1,2023-09-01 19:00:00,Nantes,Marseille,0.621642,2.77866
F1,2023-09-02 15:00:00,Brest,Rennes,1.58468,0.248338
F1,2023-09-02 19:00:00,Monaco,Lens,1.24938,0.612432
F1,2023-09-03 13:00:00,Le Havre,Lorient,1.70033,0.675614
F1,2023-09-03 13:00:00,Lille,Montpellier,1.33906,0.793407
F1,2023-09-03 18:45:00,Lyon,Paris Saint Germain,2.44259,4.91949
F1,2023-09-03 13:00:00,Metz,Reims,1.14763,0.859494
F1,2023-09-03 15:05:00,Nice,Strasbourg,2.28809,0.158524
F1,2023-09-03 11:00:00,Toulouse,Clermont Foot,0.64111,1.40431
F1,2023-09-15 19:00:00,Paris Saint Germain,Nice,1.21929,1.94985
F1,2023-09-16 19:00:00,Lens,Metz,1.61194,0.629577
F1,2023-09-16 15:00:00,Rennes,Lille,0.427673,1.60903
F1,2023-09-17 13:00:00,Clermont Foot,Nantes,1.26417,0.866302
F1,2023-09-17 11:00:00,Lorient,Monaco,0.660724,1.54062
F1,2023-09-17 18:45:00,Lyon,Le Havre,1.83314,1.25165
F1,2023-09-17 15:05:00,Marseille,Toulouse,1.16853,0.882315
F1,2023-09-17 13:00:00,Reims,Brest,1.97443,1.56067
F1,2023-09-17 13:00:00,Strasbourg,Montpellier,2.27232,1.03603
F1,2023-09-22 19:00:00,Monaco,Nice,1.80137,1.10143
F1,2023-09-23 19:00:00,Brest,Lyon,2.54509,0.254128
F1,2023-09-23 15:00:00,Nantes,Lorient,2.52906,1.59675
F1,2023-09-24 13:00:00,Le Havre,Clermont Foot,1.01727,0.716065
F1,2023-09-24 13:00:00,Lens,Toulouse,3.08782,0.649363
F1,2023-09-24 11:00:00,Metz,Strasbourg,1.03805,0.456135
F1,2023-09-24 15:05:00,Montpellier,Rennes,1.38233,0.933593
F1,2023-09-24 18:45:00,Paris Saint Germain,Marseille,2.00222,0.568702
F1,2023-09-26 19:00:00,Lille,Reims,1.41766,1.21818
F1,2023-09-29 19:00:00,Strasbourg,Lens,0.305015,1.52229
F1,2023-09-30 15:00:00,Clermont Foot,Paris Saint Germain,1.16006,2.99118
F1,2023-09-30 19:00:00,Monaco,Marseille,1.5165,0.908767
F1,2023-10-01 13:00:00,Le Havre,Lille,1.05835,1.38688
F1,2023-10-01 15:05:00,Lorient,Montpellier,0.799881,2.77044
F1,2023-10-01 13:00:00,Nice,Brest,1.03293,0.153004
F1,2023-10-01 11:00:00,Reims,Lyon,1.99596,0.389915
F1,2023-10-01 18:45:00,Rennes,Nantes,2.3169,0.902963
F1,2023-10-01 13:00:00,Toulouse,Metz,2.3397,0.598514
F1,2023-10-06 19:00:00,Strasbourg,Nantes,0.944783,2.24185
F1,2023-10-07 15:00:00,Metz,Nice,0.263633,1.51523
F1,2023-10-07 19:00:00,Reims,Monaco,1.99785,1.74741
F1,2023-10-08 13:00:00,Brest,Toulouse,1.61363,1.23903
F1,2023-10-08 15:05:00,Lens,Lille,2.58377,1.34285
F1,2023-10-08 13:00:00,Lyon,Lorient,1.3787,1.07853
F1,2023-10-08 11:00:00,Marseille,Le Havre,3.00689,0.131369
F1,2023-10-08 18:45:00,Rennes,Paris Saint Germain,1.34436,3.13091
F1,2023-10-20 19:00:00,Le Havre,Lens,1.84471,1.96292
F1,2023-10-21 19:00:00,Nice,Marseille,0.828728,1.00304
F1,2023-10-21 15:00:00,Paris Saint Germain,Strasbourg,2.51872,0.224242
F1,2023-10-22 13:00:00,Lille,Brest,2.19168,0.625269
F1,2023-10-22 11:00:00,Lorient,Rennes,0.594654,0.940774
F1,2023-10-22 18:45:00,Lyon,Clermont Foot,1.73586,1.28994
F1,2023-10-22 15:05:00,Monaco,Metz,1.9731,0.720525
F1,2023-10-22 13:00:00,Nantes,Montpellier,1.74936,0.495893
F1,2023-10-22 13:00:00,Toulouse,Reims,0.900833,0.96583
F1,2023-10-27 19:00:00,Clermont Foot,Nice,0.298709,2.15871
F1,2023-10-28 19:00:00,Lens,Nantes,4.32919,1.21849
F1,2023-10-28 15:00:00,Reims,Lorient,0.981549,0.412238
F1,2023-10-29 12:00:00,Brest,Paris Saint Germain,1.68226,2.09847
F1,2023-10-29 14:00:00,Lille,Monaco,0.667633,0.901743
F1,2023-10-29 14:00:00,Metz,Le Havre,0.469858,0.890469
F1,2023-10-29 14:00:00,Montpellier,Toulouse,3.2823,0.877804
F1,2023-10-29 16:05:00,Rennes,Strasbourg,1.11025,1.02122
F1,2023-11-03 20:00:00,Paris Saint Germain,Montpellier,1.23178,0.583754
F1,2023-11-04 16:00:00,Lorient,Lens,0.521851,0.707799
F1,2023-11-04 20:00:00,Marseille,Lille,0.751791,0.326226
F1,2023-11-05 12:00:00,Lyon,Metz,1.8478,0.667193
F1,2023-11-05 16:05:00,Monaco,Brest,1.11674,0.73688
F1,2023-11-05 14:00:00,Nantes,Reims,1.54695,1.7428
F1,2023-11-05 19:45:00,Nice,Rennes,2.28618,0.484764
F1,2023-11-05 14:00:00,Strasbourg,Clermont Foot,1.55966,1.05162
F1,2023-11-05 14:00:00,Toulouse,Le Havre,2.31734,1.21056
F1,2023-11-10 20:00:00,Montpellier,Nice,0.651349,0.62039
F1,2023-11-11 20:00:00,Le Havre,Monaco,1.12627,0.968375
F1,2023-11-11 16:00:00,Reims,Paris Saint Germain,1.54396,2.64035
F1,2023-11-12 14:00:00,Clermont Foot,Lorient,1.40549,0.58473
F1,2023-11-12 20:45:00,Lens,Marseille,1.21972,0.723678
F1,2023-11-12 14:00:00,Lille,Toulouse,2.6899,0.41683
F1,2023-11-12 14:00:00,Metz,Nantes,0.940982,1.75389
F1,2023-11-12 16:05:00,Rennes,Lyon,0.680277,2.07974
F1,2023-11-24 20:00:00,Paris Saint Germain,Monaco,2.61317,1.52014
F1,2023-11-25 16:00:00,Clermont Foot,Lens,1.84299,2.53223
F1,2023-11-25 20:00:00,Strasbourg,Marseille,1.18208,1.36665
F1,2023-11-26 14:00:00,Lorient,Metz,1.37412,1.85366
F1,2023-11-26 19:45:00,Lyon,Lille,1.71151,1.7068
F1,2023-11-26 14:00:00,Montpellier,Brest,2.19901,2.38593
F1,2023-11-26 14:00:00,Nantes,Le Havre,1.75264,0.225701
F1,2023-11-26 12:00:00,Nice,Toulouse,1.00133,1.27183
F1,2023-11-26 16:05:00,Rennes,Reims,1.93506,2.24931
F1,2023-11-29 17:00:00,Montpellier,Clermont Foot,2.5147,0.548696
F1,2023-12-01 19:00:00,Reims,Strasbourg,1.93212,1.82995
F1,2023-12-02 16:00:00,Lens,Lyon,2.66019,3.02776
F1,2023-12-02 20:00:00,Nantes,Nice,1.18224,1.2317
F1,2023-12-03 14:00:00,Brest,Clermont Foot,1.30229,0.605084
F1,2023-12-03 12:00:00,Le Havre,Paris Saint Germain,1.85535,1.76208
F1,2023-12-03 16:05:00,Lille,Metz,3.04386,1.85842
F1,2023-12-03 19:45:00,Marseille,Rennes,0.91395,0.483795
F1,2023-12-03 14:00:00,Monaco,Montpellier,2.46013,1.18556
F1,2023-12-03 14:00:00,Toulouse,Lorient,1.10351,0.645774
F1,2023-12-06 19:00:00,Marseille,Lyon,1.82709,0.235651
F1,2023-12-07 19:30:00,Brest,Strasbourg,0.993441,1.26839
F1,2023-12-08 20:00:00,Montpellier,Lens,1.34889,1.61301
F1,2023-12-09 20:00:00,Paris Saint Germain,Nantes,2.15633,0.483837
F1,2023-12-09 16:00:00,Rennes,Monaco,2.14616,1.09728
F1,2023-12-10 14:00:00,Clermont Foot,Lille,1.1121,0.635418
F1,2023-12-10 19:45:00,Lorient,Marseille,2.01809,2.88724
F1,2023-12-10 16:05:00,Lyon,Toulouse,3.13849,1.6021
F1,2023-12-10 14:00:00,Metz,Brest,0.632144,0.219846
F1,2023-12-10 12:00:00,Nice,Reims,1.2751,1.13313
F1,2023-12-10 14:00:00,Strasbourg,Le Havre,1.50877,1.62211
F1,2023-12-15 20:00:00,Monaco,Lyon,1.40268,0.739288
F1,2023-12-16 16:00:00,Le Havre,Nice,1.92557,1.64135
F1,2023-12-16 20:00:00,Lens,Reims,1.26773,0.876139
F1,2023-12-17 19:45:00,Lille,Paris Saint Germain,1.90778,1.39323
F1,2023-12-17 14:00:00,Lorient,Strasbourg,1.17121,1.76122
F1,2023-12-17 16:05:00,Marseille,Clermont Foot,2.62654,0.131252
F1,2023-12-17 14:00:00,Metz,Montpellier,0.850081,0.766157
F1,2023-12-17 12:00:00,Nantes,Brest,1.38959,1.8065
F1,2023-12-17 14:00:00,Toulouse,Rennes,0.686037,1.08165
F1,2023-12-20 20:00:00,Brest,Lorient,1.59135,0.456656
F1,2023-12-20 20:00:00,Clermont Foot,Rennes,0.75621,2.31736
F1,2023-12-20 20:00:00,Lyon,Nantes,2.1113,0.351645
F1,2023-12-20 20:00:00,Montpellier,Marseille,1.51091,1.20263
F1,2023-12-20 20:00:00,Nice,Lens,2.95792,0.539445
F1,2023-12-20 20:00:00,Paris Saint Germain,Metz,2.18199,0.149111
F1,2023-12-20 20:00:00,Reims,Le Havre,1.4252,0.459561
F1,2023-12-20 20:00:00,Strasbourg,Lille,0.805349,0.882407
F1,2023-12-20 20:00:00,Toulouse,Monaco,1.58928,2.26628
F1,2024-01-12 20:00:00,Marseille,Strasbourg,1.56944,1.14984
F1,2024-01-13 16:00:00,Monaco,Reims,1.02592,1.91585
F1,2024-01-13 20:00:00,Rennes,Nice,1.82506,0.805568
F1,2024-01-14 14:00:00,Brest,Montpellier,4.34723,0.462585
F1,2024-01-14 16:05:00,Le Havre,Lyon,1.47292,0.873358
F1,2024-01-14 19:45:00,Lens,Paris Saint Germain,2.68223,1.80377
F1,2024-01-14 12:00:00,Lille,Lorient,3.05553,0.122714
F1,2024-01-14 14:00:00,Metz,Toulouse,0.558992,0.952191
F1,2024-01-14 14:00:00,Nantes,Clermont Foot,1.63891,1.22157
F1,2024-01-26 20:00:00,Lyon,Rennes,0.96504,1.37472
F1,2024-01-27 20:00:00,Marseille,Monaco,3.46234,0.372187
F1,2024-01-27 16:00:00,Nice,Metz,1.97472,0.119776
F1,2024-01-28 14:00:00,Clermont Foot,Strasbourg,1.53045,1.31652
F1,2024-01-28 14:00:00,Lorient,Le Havre,1.63382,1.35726
F1,2024-01-28 12:00:00,Montpellier,Lille,1.37722,0.622726
F1,2024-01-28 19:45:00,Paris Saint Germain,Brest,1.89797,1.07348
F1,2024-01-28 14:00:00,Reims,Nantes,1.21383,1.40977
F1,2024-01-28 16:05:00,Toulouse,Lens,2.4207,1.17066
F1,2024-02-02 20:00:00,Strasbourg,Paris Saint Germain,2.57864,1.90654
F1,2024-02-03 20:00:00,Nantes,Lens,0.711906,1.63838
F1,2024-02-03 16:00:00,Rennes,Montpellier,2.21096,0.797935
F1,2024-02-04 16:05:00,Brest,Nice,0.875796,0.67289
F1,2024-02-04 14:00:00,Lille,Clermont Foot,2.44237,0.81129
F1,2024-02-04 19:45:00,Lyon,Marseille,1.92161,0.511356
F1,2024-02-04 14:00:00,Metz,Lorient,0.822983,1.37239
F1,2024-02-04 12:00:00,Monaco,Le Havre,1.48516,0.149171
F1,2024-02-04 14:00:00,Reims,Toulouse,2.02418,1.74173
F1,2024-02-09 20:00:00,Marseille,Metz,2.39451,0.955249
F1,2024-02-10 16:00:00,Lens,Strasbourg,1.91964,1.66695
F1,2024-02-10 20:00:00,Paris Saint Germain,Lille,2.43098,1.48271
F1,2024-02-11 14:00:00,Clermont Foot,Brest,1.19719,1.35687
F1,2024-02-11 12:00:00,Le Havre,Rennes,1.37399,1.18673
F1,2024-02-11 14:00:00,Lorient,Reims,2.29027,1.17008
F1,2024-02-11 16:05:00,Montpellier,Lyon,1.78103,1.29775
F1,2024-02-11 19:45:00,Nice,Monaco,2.16459,2.06475
F1,2024-02-11 14:00:00,Toulouse,Nantes,0.893343,0.497993
F1,2024-02-16 20:00:00,Lyon,Nice,0.801467,0.685452
F1,2024-02-17 16:00:00,Lille,Le Havre,4.23306,0.29674
F1,2024-02-17 20:00:00,Nantes,Paris Saint Germain,2.13627,1.71895
F1,2024-02-18 19:45:00,Brest,Marseille,1.79901,0.49619
F1,2024-02-18 14:00:00,Monaco,Toulouse,1.69534,1.57778
F1,2024-02-18 14:00:00,Montpellier,Metz,3.04692,0.929361
F1,2024-02-18 16:05:00,Reims,Lens,1.04087,1.45983
F1,2024-02-18 14:00:00,Rennes,Clermont Foot,4.27182,0.755433
F1,2024-02-18 12:00:00,Strasbourg,Lorient,1.71908,2.13729
F1,2024-02-23 20:00:00,Metz,Lyon,1.76992,1.25668
F1,2024-02-24 16:00:00,Lorient,Nantes,0.620869,0.331772
F1,2024-02-24 20:00:00,Strasbourg,Brest,0.147244,1.75632
F1,2024-02-25 14:00:00,Le Havre,Reims,1.71847,3.16987
F1,2024-02-25 12:00:00,Lens,Monaco,2.863,2.33037
F1,2024-02-25 19:45:00,Marseille,Montpellier,2.91179,1.09554
F1,2024-02-25 14:00:00,Nice,Clermont Foot,1.97032,2.46292
F1,2024-02-25 16:05:00,Paris Saint Germain,Rennes,1.88699,0.982428
F1,2024-02-25 14:00:00,Toulouse,Lille,1.95824,0.599376
F1,2024-03-01 20:00:00,Monaco,Paris Saint Germain,2.44196,1.84721
F1,2024-03-02 20:00:00,Clermont Foot,Marseille,0.737192,3.06861
F1,2024-03-02 16:00:00,Reims,Lille,0.533658,1.08259
F1,2024-03-03 14:00:00,Brest,Le Havre,1.2486,0.427329
F1,2024-03-03 19:45:00,Lyon,Lens,2.13225,3.35268
F1,2024-03-03 14:00:00,Montpellier,Strasbourg,1.55397,1.61588
F1,2024-03-03 14:00:00,Nantes,Metz,0.962736,2.36445
F1,2024-03-03 16:05:00,Rennes,Lorient,1.48788,1.94566
F1,2024-03-03 12:00:00,Toulouse,Nice,1.50074,1.91177
F1,2024-03-08 20:00:00,Nice,Montpellier,1.51018,1.66988
F1,2024-03-09 20:00:00,Lens,Brest,0.751467,0.522507
F1,2024-03-09 16:00:00,Lorient,Lyon,0.279234,2.37921
F1,2024-03-10 14:00:00,Le Havre,Toulouse,1.2502,0.212288
F1,2024-03-10 16:00:00,Lille,Rennes,2.4764,1.21123
F1,2024-03-10 19:45:00,Marseille,Nantes,2.03657,0.651156
F1,2024-03-10 14:00:00,Metz,Clermont Foot,1.82804,0.624762
F1,2024-03-10 12:00:00,Paris Saint Germain,Reims,1.53515,1.51893
F1,2024-03-10 14:00:00,Strasbourg,Monaco,0.268122,1.32837
F1,2024-03-15 20:00:00,Toulouse,Lyon,2.0594,1.49785
F1,2024-03-16 20:00:00,Lens,Nice,1.36305,1.80693
F1,2024-03-16 16:00:00,Nantes,Strasbourg,0.709166,1.88754
F1,2024-03-17 12:00:00,Brest,Lille,1.4278,0.845861
F1,2024-03-17 14:00:00,Clermont Foot,Le Havre,1.17889,1.13876
F1,2024-03-17 14:00:00,Monaco,Lorient,3.43264,0.75287
F1,2024-03-17 19:45:00,Montpellier,Paris Saint Germain,2.51778,2.24298
F1,2024-03-17 14:00:00,Reims,Metz,1.57996,1.12407
F1,2024-03-17 16:05:00,Rennes,Marseille,1.59209,0.740416
F1,2024-03-29 20:00:00,Lille,Lens,1.60249,0.741746
F1,2024-03-30 20:00:00,Lyon,Reims,2.12533,1.48533
F1,2024-03-30 16:00:00,Metz,Monaco,1.76276,2.86235
F1,2024-03-31 14:00:00,Clermont Foot,Toulouse,0.897271,2.30312
F1,2024-03-31 14:00:00,Le Havre,Montpellier,0.690722,1.81849
F1,2024-03-31 12:00:00,Lorient,Brest,1.41137,0.429902
F1,2024-03-31 19:45:00,Marseille,Paris Saint Germain,1.02584,1.73967
F1,2024-03-31 14:00:00,Nice,Nantes,1.21101,1.79381
F1,2024-03-31 16:05:00,Strasbourg,Rennes,2.45769,0.913264
F1,2024-04-05 19:00:00,Lille,Marseille,1.94744,0.849968
F1,2024-04-06 15:00:00,Lens,Le Havre,1.03136,1.54783
F1,2024-04-06 19:00:00,Paris Saint Germain,Clermont Foot,2.57381,0.28144
F1,2024-04-07 11:00:00,Brest,Metz,4.51637,2.08036
F1,2024-04-07 15:05:00,Monaco,Rennes,1.60487,1.6645
F1,2024-04-07 13:00:00,Montpellier,Lorient,2.68931,1.74832
F1,2024-04-07 18:45:00,Nantes,Lyon,1.10318,2.90994
F1,2024-04-07 13:00:00,Reims,Nice,0.537635,1.92153
F1,2024-04-07 13:00:00,Toulouse,Strasbourg,0.825103,0.582127
F1,2024-04-12 19:00:00,Metz,Lens,0.802713,1.90927
F1,2024-04-13 19:00:00,Rennes,Toulouse,0.877819,0.783871
F1,2024-04-13 15:00:00,Strasbourg,Reims,2.30507,0.739073
F1,2024-04-14 13:00:00,Clermont Foot,Montpellier,1.36904,1.71417
F1,2024-04-14 11:00:00,Le Havre,Nantes,1.6031,0.756172
F1,2024-04-14 18:45:00,Lyon,Brest,1.8478,1.7183
F1,2024-04-19 19:00:00,Nice,Lorient,2.51301,0.561667
F1,2024-04-20 19:00:00,Lens,Clermont Foot,2.80705,0.617299
F1,2024-04-20 15:00:00,Nantes,Rennes,0.159376,2.38163
F1,2024-04-21 15:05:00,Brest,Monaco,0.640964,1.30681
F1,2024-04-21 13:00:00,Le Havre,Metz,0.649411,1.50162
F1,2024-04-21 13:00:00,Lille,Strasbourg,1.26308,0.948728
F1,2024-04-21 19:00:00,Paris Saint Germain,Lyon,3.09132,0.667233
F1,2024-04-21 13:00:00,Reims,Montpellier,1.31942,1.35565
F1,2024-04-21 17:00:00,Toulouse,Marseille,0.654707,1.06509
F1,2024-04-24 17:00:00,Lorient,Paris Saint Germain,1.03633,1.97814
F1,2024-04-24 19:00:00,Marseille,Nice,1.77662,1.28789
F1,2024-04-24 19:00:00,Monaco,Lille,2.21532,1.28227
F1,2024-04-26 19:00:00,Montpellier,Nantes,0.679578,1.70799
F1,2024-04-27 19:00:00,Paris Saint Germain,Le Havre,2.25829,1.21268
F1,2024-04-28 13:00:00,Clermont Foot,Reims,2.56811,0.875188
F1,2024-04-28 13:00:00,Lorient,Toulouse,1.3574,2.23471
F1,2024-04-28 17:00:00,Lyon,Monaco,2.6414,2.04607
F1,2024-04-28 19:00:00,Marseille,Lens,1.77344,1.25145
F1,2024-04-28 11:00:00,Metz,Lille,1.28183,0.882087
F1,2024-04-28 15:05:00,Rennes,Brest,2.34207,2.18698
F1,2024-04-28 13:00:00,Strasbourg,Nice,1.04231,1.89803
F1,2024-05-03 19:00:00,Lens,Lorient,2.30235,0.459806
F1,2024-05-03 17:00:00,Toulouse,Montpellier,1.98611,0.660372
F1,2024-05-04 19:00:00,Brest,Nantes,0.621067,1.33601
F1,2024-05-04 13:00:00,Le Havre,Strasbourg,2.56306,0.631836
F1,2024-05-04 17:00:00,Metz,Rennes,0.829235,2.01818
F1,2024-05-04 15:00:00,Monaco,Clermont Foot,3.44513,1.01532
F1,2024-05-06 19:00:00,Lille,Lyon,1.12451,2.42982
F1,2024-05-10 19:00:00,Brest,Reims,1.34751,0.432216
F1,2024-05-10 19:00:00,Nice,Le Havre,1.93635,0.427788
F1,2024-05-12 19:00:00,Clermont Foot,Lyon,1.17651,0.389723
F1,2024-05-12 19:00:00,Marseille,Lorient,3.96907,1.0861
F1,2024-05-12 19:00:00,Montpellier,Monaco,1.12952,2.31591
F1,2024-05-12 19:00:00,Nantes,Lille,0.810391,1.40896
F1,2024-05-12 19:00:00,Paris Saint Germain,Toulouse,1.50414,1.71089
F1,2024-05-12 19:00:00,Rennes,Lens,2.1522,0.410537
F1,2024-05-12 19:00:00,Strasbourg,Metz,1.38725,0.896939
F1,2024-05-15 19:00:00,Nice,Paris Saint Germain,1.95517,1.44503
F1,2024-05-15 19:00:00,Reims,Marseille,0.879349,1.81257
F1,2024-05-19 19:00:00,Le Havre,Marseille,2.32336,2.32131
F1,2024-05-19 19:00:00,Lens,Montpellier,5.38555,1.11518
F1,2024-05-19 19:00:00,Lille,Nice,1.59935,1.32909
F1,2024-05-19 19:00:00,Lorient,Clermont Foot,4.92005,0.737223
F1,2024-05-19 19:00:00,Lyon,Strasbourg,3.26691,1.12544
F1,2024-05-19 19:00:00,Metz,Paris Saint Germain,1.20722,2.92879
F1,2024-05-19 19:00:00,Monaco,Nantes,1.85296,0.885758
F1,2024-05-19 19:00:00,Reims,Rennes,1.39024,1.25648
F1,2024-05-19 19:00:00,Toulouse,Brest,0.984204,1.02904
F1,2024-08-16 18:45:00,Le Havre,Paris Saint Germain,0.197023,2.9098
F1,2024-08-17 15:00:00,Brest,Marseille,1.51475,2.96496
F1,2024-08-17 19:00:00,Monaco,Saint-Etienne,2.78444,0.484117
F1,2024-08-17 17:00:00,Reims,Lille,0.0758907,2.31711
F1,2024-08-18 15:00:00,Angers,Lens,0.297792,1.04077
F1,2024-08-18 13:00:00,Auxerre,Nice,3.03248,0.58056
F1,2024-08-18 15:00:00,Montpellier,Strasbourg,1.44704,1.10476
F1,2024-08-18 18:45:00,Rennes,Lyon,2.57411,2.20066
F1,2024-08-18 15:00:00,Toulouse,Nantes,1.50937,0.513845
F1,2024-08-23 18:45:00,Paris Saint Germain,Montpellier,4.93703,0.772997
F1,2024-08-24 17:00:00,Lille,Angers,1.25796,0.737042
F1,2024-08-24 15:00:00,Lyon,Monaco,0.0144803,2.60916
F1,2024-08-24 19:00:00,Saint-Etienne,Le Havre,1.48827,2.23362
F1,2024-08-25 13:00:00,Lens,Brest,4.01926,0.695576
F1,2024-08-25 18:45:00,Marseille,Reims,2.94016,1.01201
F1,2024-08-25 15:00:00,Nantes,Auxerre,1.52541,0.876338
F1,2024-08-25 15:00:00,Nice,Toulouse,1.23725,0.946618
F1,2024-08-25 15:00:00,Strasbourg,Rennes,1.58875,1.40309
F1,2024-08-30 18:45:00,Lyon,Strasbourg,3.22754,2.44695
F1,2024-08-31 15:00:00,Brest,Saint-Etienne,3.60698,0.256612
F1,2024-08-31 17:00:00,Montpellier,Nantes,0.745975,1.69437
F1,2024-08-31 19:00:00,Toulouse,Marseille,0.485368,1.29819
F1,2024-09-01 15:00:00,Angers,Nice,1.33204,2.53408
F1,2024-09-01 15:00:00,Le Havre,Auxerre,2.83661,0.743523
F1,2024-09-01 18:45:00,Lille,Paris Saint Germain,1.57562,3.24139
F1,2024-09-01 13:00:00,Monaco,Lens,0.905621,1.91297
F1,2024-09-01 15:00:00,Reims,Rennes,2.00948,1.02619
F1,2024-09-13 18:30:00,Saint-Etienne,Lille,1.1774,2.73176
F1,2024-09-14 17:00:00,Auxerre,Monaco,0.419427,3.37672
F1,2024-09-14 15:00:00,Marseille,Nice,1.02694,1.72041
F1,2024-09-14 19:00:00,Paris Saint Germain,Brest,2.91245,1.00928
F1,2024-09-15 18:45:00,Lens,Lyon,0.623644,0.529029
F1,2024-09-15 15:00:00,Nantes,Reims,1.43325,0.549218
F1,2024-09-15 13:00:00,Rennes,Montpellier,1.26867,0.310262
F1,2024-09-15 15:00:00,Strasbourg,Angers,2.47918,0.855084
F1,2024-09-15 15:00:00,Toulouse,Le Havre,1.8674,0.15045
F1,2024-09-20 18:45:00,Nice,Saint-Etienne,4.50007,0.335532
F1,2024-09-21 15:00:00,Lille,Strasbourg,2.30213,3.02005
F1,2024-09-21 19:00:00,Reims,Paris Saint Germain,0.760314,1.90277
F1,2024-09-21 17:00:00,Rennes,Lens,1.34636,0.853348
F1,2024-09-22 15:00:00,Angers,Nantes,0.82486,1.28588
F1,2024-09-22 15:00:00,Brest,Toulouse,0.709045,2.3505
F1,2024-09-22 18:45:00,Lyon,Marseille,3.89273,0.675578
F1,2024-09-22 13:00:00,Monaco,Le Havre,1.84023,0.580512
F1,2024-09-22 15:00:00,Montpellier,Auxerre,1.78396,1.42586
F1,2024-09-27 17:00:00,Auxerre,Brest,2.9504,0.726126
F1,2024-09-27 19:00:00,Paris Saint Germain,Rennes,3.22405,2.02646
F1,2024-09-28 17:00:00,Le Havre,Lille,0.488988,3.5706
F1,2024-09-28 15:00:00,Lens,Nice,2.06424,0.9614
F1,2024-09-28 19:00:00,Monaco,Montpellier,3.45707,0.768868
F1,2024-09-29 15:00:00,Angers,Reims,1.08284,4.18122
F1,2024-09-29 15:00:00,Nantes,Saint-Etienne,2.61562,1.0242
F1,2024-09-29 18:45:00,Strasbourg,Marseille,1.67455,0.782395
F1,2024-09-29 13:00:00,Toulouse,Lyon,0.716626,0.730803
F1,2024-10-04 18:45:00,Marseille,Angers,0.896807,1.19435
F1,2024-10-05 17:00:00,Lille,Toulouse,1.37754,1.43654
F1,2024-10-05 19:00:00,Rennes,Monaco,0.640297,0.498715
F1,2024-10-05 15:00:00,Saint-Etienne,Auxerre,2.45106,0.71964
F1,2024-10-06 15:00:00,Brest,Le Havre,0.890433,2.11913
F1,2024-10-06 13:00:00,Lyon,Nantes,2.43324,0.765938
F1,2024-10-06 18:45:00,Nice,Paris Saint Germain,0.326466,0.822322
F1,2024-10-06 15:00:00,Reims,Montpellier,3.71514,0.874094
F1,2024-10-06 15:00:00,Strasbourg,Lens,1.31135,1.43012
F1,2024-10-18 18:45:00,Monaco,Lille,1.1914,0.163769
F1,2024-10-19 15:00:00,Brest,Rennes,1.42573,1.14445
F1,2024-10-19 19:00:00,Paris Saint Germain,Strasbourg,4.66981,2.22038
F1,2024-10-19 17:00:00,Saint-Etienne,Lens,0.782727,1.35593
F1,2024-10-20 15:00:00,Auxerre,Reims,2.86385,1.22872
F1,2024-10-20 13:00:00,Le Havre,Lyon,0.360268,2.76676
F1,2024-10-20 18:45:00,Montpellier,Marseille,1.75684,3.88109
F1,2024-10-20 15:00:00,Nantes,Nice,0.832336,0.776883
F1,2024-10-20 15:00:00,Toulouse,Angers,2.43778,1.47299
F1,2024-10-25 18:45:00,Rennes,Le Havre,1.84154,0.272294
F1,2024-10-26 15:00:00,Angers,Saint-Etienne,3.26778,1.33
F1,2024-10-26 19:00:00,Lens,Lille,0.865293,1.47637
F1,2024-10-26 17:00:00,Reims,Brest,1.44911,1.64092
F1,2024-10-27 14:00:00,Lyon,Auxerre,2.21183,1.0609
F1,2024-10-27 19:45:00,Marseille,Paris Saint Germain,0.277951,4.04221
F1,2024-10-27 16:00:00,Montpellier,Toulouse,0.241419,2.88708
F1,2024-10-27 16:00:00,Nice,Monaco,1.79435,0.796703
F1,2024-10-27 16:00:00,Strasbourg,Nantes,1.99679,0.761926
F1,2024-11-01 20:00:00,Lille,Lyon,1.67241,1.58011
F1,2024-11-01 18:00:00,Monaco,Angers,1.47525,0.50003
F1,2024-11-02 18:00:00,Brest,Nice,1.02021,1.92085
F1,2024-11-02 16:00:00,Paris Saint Germain,Lens,2.76932,0.803421
F1,2024-11-02 20:00:00,Saint-Etienne,Strasbourg,2.82745,0.451174
F1,2024-11-03 16:00:00,Auxerre,Rennes,2.39897,0.701873
F1,2024-11-03 16:00:00,Le Havre,Montpellier,1.7998,0.722691
F1,2024-11-03 19:45:00,Nantes,Marseille,1.25901,0.876221
F1,2024-11-03 14:00:00,Toulouse,Reims,0.910081,0.818661
F1,2024-11-08 19:45:00,Marseille,Auxerre,2.02831,2.09466
F1,2024-11-09 20:00:00,Angers,Paris Saint Germain,1.21483,4.38095
F1,2024-11-09 18:00:00,Lens,Nantes,3.74705,1.49891
F1,2024-11-09 16:00:00,Strasbourg,Monaco,0.771173,3.42574
F1,2024-11-10 16:00:00,Le Havre,Reims,1.51035,2.69952
F1,2024-11-10 19:45:00,Lyon,Saint-Etienne,2.28647,0.703111
F1,2024-11-10 16:00:00,Montpellier,Brest,3.03758,1.88669
F1,2024-11-10 14:00:00,Nice,Lille,1.92983,2.19562
F1,2024-11-10 16:00:00,Rennes,Toulouse,0.31279,1.31564
F1,2024-11-22 18:00:00,Monaco,Brest,2.55781,1.38684
F1,2024-11-22 20:00:00,Paris Saint Germain,Toulouse,1.63216,1.84157
F1,2024-11-23 16:00:00,Lens,Marseille,2.1723,1.37895
F1,2024-11-23 20:00:00,Reims,Lyon,1.17295,1.92683
F1,2024-11-23 18:00:00,Saint-Etienne,Montpellier,1.27297,0.862794
F1,2024-11-24 16:00:00,Auxerre,Angers,0.683126,1.14148
F1,2024-11-24 14:00:00,Lille,Rennes,0.641516,0.178059
F1,2024-11-24 16:00:00,Nantes,Le Havre,0.846924,0.977121
F1,2024-11-24 19:45:00,Nice,Strasbourg,2.03827,0.524154
F1,2024-11-29 19:45:00,Reims,Lens,0.589301,1.40788
F1,2024-11-30 18:00:00,Brest,Strasbourg,2.90417,0.930345
F1,2024-11-30 20:00:00,Paris Saint Germain,Nantes,3.85838,0.742742
F1,2024-11-30 16:00:00,Rennes,Saint-Etienne,3.01812,0.168428
F1,2024-12-01 16:00:00,Le Havre,Angers,0.322626,2.10367
F1,2024-12-01 16:00:00,Lyon,Nice,2.88467,2.03621
F1,2024-12-01 19:45:00,Marseille,Monaco,1.65632,0.958578
F1,2024-12-01 14:00:00,Montpellier,Lille,1.28241,2.06485
F1,2024-12-01 16:00:00,Toulouse,Auxerre,2.78623,0.129647
F1,2024-12-06 20:00:00,Auxerre,Paris Saint Germain,0.34154,3.04535
F1,2024-12-06 18:00:00,Lille,Brest,3.01042,0.740372
F1,2024-12-07 20:00:00,Angers,Lyon,0.505438,2.02701
F1,2024-12-07 16:00:00,Monaco,Toulouse,2.8043,0.232536
F1,2024-12-07 18:00:00,Nice,Le Havre,2.27599,1.42884
F1,2024-12-08 14:00:00,Lens,Montpellier,1.10272,1.51819
F1,2024-12-08 16:00:00,Nantes,Rennes,1.70972,0.285927
F1,2024-12-08 19:45:00,Saint-Etienne,Marseille,0.166752,2.9851
F1,2024-12-08 16:00:00,Strasbourg,Reims,1.0949,1.28455
F1,2024-12-13 19:45:00,Toulouse,Saint-Etienne,1.73249,0.388289
F1,2024-12-14 18:00:00,Auxerre,Lens,0.51026,1.73768
F1,2024-12-14 16:00:00,Marseille,Lille,1.21515,1.24013
F1,2024-12-14 20:00:00,Reims,Monaco,1.52074,1.3291
F1,2024-12-15 16:00:00,Brest,Nantes,2.20104,1.39913
F1,2024-12-15 16:00:00,Le Havre,Strasbourg,1.58328,1.39172
F1,2024-12-15 14:00:00,Montpellier,Nice,2.45121,1.55192
F1,2024-12-15 19:45:00,Paris Saint Germain,Lyon,2.59615,1.23945
F1,2024-12-15 16:00:00,Rennes,Angers,0.62717,0.391796
F1,2024-12-18 20:00:00,Monaco,Paris Saint Germain,3.10193,2.40654
F1,2025-01-03 20:00:00,Nice,Rennes,1.51944,1.50451
F1,2025-01-04 18:00:00,Lille,Nantes,1.13415,1.07277
F1,2025-01-04 20:00:00,Lyon,Montpellier,1.07725,1.55585
F1,2025-01-04 16:00:00,Saint-Etienne,Reims,3.18639,1.27612
F1,2025-01-05 14:00:00,Angers,Brest,1.90119,0.608874
F1,2025-01-05 14:00:00,Lens,Toulouse,1.32887,2.19226
F1,2025-01-05 19:45:00,Marseille,Le Havre,3.17491,0.885341
F1,2025-01-05 14:00:00,Strasbourg,Auxerre,2.89722,1.7605
F1,2025-01-10 20:00:00,Auxerre,Lille,0.601359,1.51829
F1,2025-01-10 18:00:00,Nantes,Monaco,1.41184,3.48791
F1,2025-01-11 16:00:00,Brest,Lyon,1.28964,1.40093
F1,2025-01-11 18:00:00,Reims,Nice,0.950928,3.22004
F1,2025-01-11 20:00:00,Rennes,Marseille,1.76569,2.49254
F1,2025-01-12 14:00:00,Le Havre,Lens,1.84216,3.10793
F1,2025-01-12 16:15:00,Montpellier,Angers,1.44663,3.46863
F1,2025-01-12 19:45:00,Paris Saint Germain,Saint-Etienne,5.07062,0.410024
F1,2025-01-12 16:15:00,Toulouse,Strasbourg,1.19281,1.82783
F1,2025-01-17 20:05:00,Lille,Nice,1.29219,2.90437
F1,2025-01-17 18:00:00,Montpellier,Monaco,2.60645,1.74957
F1,2025-01-18 16:00:00,Lens,Paris Saint Germain,1.34901,1.57299
F1,2025-01-18 20:05:00,Lyon,Toulouse,0.619056,1.36611
F1,2025-01-18 18:00:00,Rennes,Brest,1.92675,1.87321
F1,2025-01-19 16:15:00,Angers,Auxerre,1.21759,0.462137
F1,2025-01-19 19:45:00,Marseille,Strasbourg,3.29082,0.854933
F1,2025-01-19 16:15:00,Reims,Le Havre,1.49091,1.29453
F1,2025-01-19 14:00:00,Saint-Etienne,Nantes,0.836137,1.36031
F1,2025-01-24 19:45:00,Auxerre,Saint-Etienne,0.582829,1.1913
F1,2025-01-25 16:00:00,Monaco,Rennes,3.47384,1.85205
F1,2025-01-25 20:05:00,Paris Saint Germain,Reims,1.79628,0.613384
F1,2025-01-25 18:00:00,Strasbourg,Lille,1.19703,1.95469
F1,2025-01-26 14:00:00,Le Havre,Brest,0.696232,2.38282
F1,2025-01-26 16:15:00,Lens,Angers,2.01118,0.0813578
F1,2025-01-26 16:15:00,Nantes,Lyon,1.62983,1.61762
F1,2025-01-26 19:45:00,Nice,Marseille,2.10992,1.11157
F1,2025-01-26 16:15:00,Toulouse,Montpellier,1.34257,0.939857
F1,2025-01-31 19:45:00,Montpellier,Lens,1.11121,3.21001
F1,2025-02-01 16:00:00,Brest,Paris Saint Germain,0.63646,3.94899
F1,2025-02-01 20:05:00,Lille,Saint-Etienne,2.74822,2.10343
F1,2025-02-01 18:00:00,Monaco,Auxerre,2.07751,1.6376
F1,2025-02-02 16:15:00,Angers,Le Havre,1.77333,2.19254
F1,2025-02-02 19:45:00,Marseille,Lyon,3.61972,1.83806
F1,2025-02-02 16:15:00,Reims,Nantes,0.960868,1.41652
F1,2025-02-02 16:15:00,Rennes,Strasbourg,0.763344,0.994427
F1,2025-02-02 14:00:00,Toulouse,Nice,0.854551,1.51342
F1,2025-02-07 16:00:00,Nantes,Brest,1.45114,2.49765
F1,2025-02-07 20:05:00,Paris Saint Germain,Monaco,3.13964,0.924683
F1,2025-02-08 16:00:00,Lille,Le Havre,1.76979,1.65349
F1,2025-02-08 16:00:00,Nice,Lens,3.37347,1.02488
F1,2025-02-08 20:05:00,Saint-Etienne,Rennes,0.462142,4.06991
F1,2025-02-09 19:45:00,Angers,Marseille,0.367397,2.87581
F1,2025-02-09 16:15:00,Auxerre,Toulouse,0.716768,1.16269
F1,2025-02-09 14:00:00,Lyon,Reims,3.24979,0.307882
F1,2025-02-09 16:15:00,Strasbourg,Montpellier,3.17215,1.9822
F1,2025-02-14 19:45:00,Brest,Auxerre,1.97492,1.48646
F1,2025-02-15 16:00:00,Marseille,Saint-Etienne,5.94236,1.0312
F1,2025-02-15 18:00:00,Monaco,Nantes,5.14782,1.36606
F1,2025-02-15 20:05:00,Toulouse,Paris Saint Germain,1.19618,2.93281
F1,2025-02-16 16:15:00,Le Havre,Nice,0.555829,1.22276
F1,2025-02-16 16:15:00,Lens,Strasbourg,0.265561,1.97845
F1,2025-02-16 14:00:00,Montpellier,Lyon,1.33893,1.59077
F1,2025-02-16 16:15:00,Reims,Angers,2.06733,2.43148
F1,2025-02-16 19:45:00,Rennes,Lille,0.417057,3.01977
F1,2025-02-21 19:45:00,Rennes,Reims,3.0636,0.160269
F1,2025-02-22 20:05:00,Auxerre,Marseille,1.96607,1.22185
F1,2025-02-22 16:00:00,Lille,Monaco,1.04956,2.78007
F1,2025-02-22 18:00:00,Saint-Etienne,Angers,1.70031,3.1805
F1,2025-02-23 16:15:00,Le Havre,Toulouse,1.04249,2.60783
F1,2025-02-23 19:45:00,Lyon,Paris Saint Germain,1.76184,2.74583
F1,2025-02-23 14:00:00,Nantes,Lens,4.25273,2.06191
F1,2025-02-23 16:15:00,Nice,Montpellier,2.14122,0.916772
F1,2025-02-23 16:15:00,Strasbourg,Brest,0.785346,0.498988
F1,2025-02-28 19:45:00,Monaco,Reims,4.01066,0.722972
F1,2025-03-01 18:00:00,Lens,Le Havre,2.02687,1.73131
F1,2025-03-01 20:05:00,Paris Saint Germain,Lille,3.59846,0.872733
F1,2025-03-01 16:00:00,Saint-Etienne,Nice,1.01895,2.41374
F1,2025-03-02 16:15:00,Angers,Toulouse,0.363765,4.43647
F1,2025-03-02 16:15:00,Auxerre,Strasbourg,2.09273,1.52559
F1,2025-03-02 14:00:00,Lyon,Brest,1.54474,1.89282
F1,2025-03-02 19:45:00,Marseille,Nantes,2.61727,0.838148
F1,2025-03-02 16:15:00,Montpellier,Rennes,1.60296,2.49604
F1,2025-03-07 19:45:00,Toulouse,Monaco,1.25392,2.8576
F1,2025-03-08 18:00:00,Lille,Montpellier,1.7771,0.305936
F1,2025-03-08 20:05:00,Marseille,Lens,1.18945,1.23993
F1,2025-03-08 16:00:00,Rennes,Paris Saint Germain,2.10922,3.39834
F1,2025-03-09 14:00:00,Brest,Angers,4.53611,0.48923
F1,2025-03-09 16:15:00,Le Havre,Saint-Etienne,2.15479,1.3916
F1,2025-03-09 16:15:00,Nantes,Strasbourg,0.66134,1.17018
F1,2025-03-09 19:45:00,Nice,Lyon,1.50591,0.78019
F1,2025-03-09 16:15:00,Reims,Auxerre,1.83707,1.87605
F1,2025-03-14 19:45:00,Nice,Auxerre,2.29143,0.606081
F1,2025-03-15 18:00:00,Angers,Monaco,0.497795,2.03553
F1,2025-03-15 20:05:00,Lens,Rennes,0.643819,0.653605
F1,2025-03-15 16:00:00,Nantes,Lille,2.00991,2.45036
F1,2025-03-16 16:15:00,Brest,Reims,0.33799,0.985266
F1,2025-03-16 14:00:00,Lyon,Le Havre,3.58655,1.56105
F1,2025-03-16 16:15:00,Montpellier,Saint-Etienne,1.33869,1.13788
F1,2025-03-16 19:45:00,Paris Saint Germain,Marseille,2.60859,0.734284
F1,2025-03-16 16:15:00,Strasbourg,Toulouse,1.98742,1.39687
F1,2025-03-28 19:45:00,Strasbourg,Lyon,1.77552,2.87161
F1,2025-03-29 20:05:00,Monaco,Nice,2.52612,0.60151
F1,2025-03-29 16:00:00,Reims,Marseille,1.05547,1.07885
F1,2025-03-29 18:00:00,Saint-Etienne,Paris Saint Germain,1.27635,3.96021
F1,2025-03-30 16:15:00,Angers,Rennes,1.04854,1.63382
F1,2025-03-30 16:15:00,Auxerre,Montpellier,2.11681,0.457017
F1,2025-03-30 16:15:00,Le Havre,Nantes,4.01379,1.06585
F1,2025-03-30 19:45:00,Lille,Lens,1.95492,0.596446
F1,2025-03-30 14:00:00,Toulouse,Brest,2.44172,1.99117
F1,2025-04-04 18:45:00,Nice,Nantes,2.17922,0.945149
F1,2025-04-05 17:00:00,Brest,Monaco,0.90697,1.75483
F1,2025-04-05 19:05:00,Lyon,Lille,1.75398,0.656931
F1,2025-04-05 15:00:00,Paris Saint Germain,Angers,1.64379,0.280438
F1,2025-04-06 13:00:00,Lens,Saint-Etienne,2.50421,1.69228
F1,2025-04-06 18:45:00,Marseille,Toulouse,1.13222,1.30619
F1,2025-04-06 15:15:00,Montpellier,Le Havre,0.956146,1.72977
F1,2025-04-06 15:15:00,Reims,Strasbourg,0.891063,2.80314
F1,2025-04-06 15:15:00,Rennes,Auxerre,1.06426,1.10602
F1,2025-04-11 18:45:00,Lens,Reims,2.71917,1.44859
F1,2025-04-12 15:00:00,Monaco,Marseille,2.91516,0.877673
F1,2025-04-12 19:05:00,Strasbourg,Nice,0.789035,1.83829
F1,2025-04-12 17:00:00,Toulouse,Lille,0.982005,0.599675
F1,2025-04-13 15:15:00,Angers,Montpellier,1.771,0.452518
F1,2025-04-13 18:45:00,Auxerre,Lyon,1.00397,3.11801
F1,2025-04-13 15:15:00,Le Havre,Rennes,0.718016,3.72188
F1,2025-04-13 13:00:00,Saint-Etienne,Brest,1.02329,2.01379
F1,2025-04-18 18:45:00,Rennes,Nantes,2.52992,0.702331
F1,2025-04-19 19:05:00,Marseille,Montpellier,3.82233,0.304052
F1,2025-04-19 17:00:00,Monaco,Strasbourg,0.969947,0.340219
F1,2025-04-19 15:00:00,Paris Saint Germain,Le Havre,3.19233,0.709291
F1,2025-04-20 15:15:00,Brest,Lens,1.05399,2.98551
F1,2025-04-20 13:00:00,Lille,Auxerre,2.97047,0.280948
F1,2025-04-20 15:15:00,Nice,Angers,2.72567,0.278639
F1,2025-04-20 15:15:00,Reims,Toulouse,0.659517,1.32734
F1,2025-04-20 18:45:00,Saint-Etienne,Lyon,1.74645,0.632299
F1,2025-04-22 18:45:00,Nantes,Paris Saint Germain,0.520926,2.30552
F1,2025-04-25 18:45:00,Paris Saint Germain,Nice,4.50698,1.63001
F1,2025-04-26 17:00:00,Le Havre,Monaco,0.807798,3.28954
F1,2025-04-26 19:05:00,Lyon,Rennes,2.25879,0.781584
F1,2025-04-26 15:00:00,Strasbourg,Saint-Etienne,2.8346,2.2201
F1,2025-04-27 13:00:00,Angers,Lille,0.916985,2.22596
F1,2025-04-27 15:15:00,Lens,Auxerre,2.31455,2.38411
F1,2025-04-27 18:45:00,Marseille,Brest,1.12568,2.00913
F1,2025-04-27 15:15:00,Montpellier,Reims,0.949696,1.03714
F1,2025-04-27 15:15:00,Nantes,Toulouse,1.33764,0.410988
F1,2025-05-02 18:45:00,Nice,Reims,1.2118,0.876237
F1,2025-05-03 19:05:00,Saint-Etienne,Monaco,1.16957,1.84407
F1,2025-05-03 15:00:00,Strasbourg,Paris Saint Germain,1.42064,2.35931
F1,2025-05-03 17:00:00,Toulouse,Rennes,1.01393,1.57739
F1,2025-05-04 15:15:00,Auxerre,Le Havre,0.32277,1.30285
F1,2025-05-04 15:15:00,Brest,Montpellier,1.34191,0.413817
F1,2025-05-04 18:45:00,Lille,Marseille,0.682721,1.42571
F1,2025-05-04 15:15:00,Lyon,Lens,1.1801,0.952824
F1,2025-05-04 13:00:00,Nantes,Angers,0.14126,0.727966
F1,2025-05-10 19:00:00,Angers,Strasbourg,1.33058,0.710143
F1,2025-05-10 19:00:00,Auxerre,Nantes,0.624481,0.823377
F1,2025-05-10 19:00:00,Brest,Lille,1.88589,1.84479
F1,2025-05-10 19:00:00,Le Havre,Marseille,1.10297,2.16132
F1,2025-05-10 19:00:00,Monaco,Lyon,1.48659,0.390411
F1,2025-05-10 19:00:00,Montpellier,Paris Saint Germain,0.594471,1.78222
F1,2025-05-10 19:00:00,Reims,Saint-Etienne,1.12267,0.71062
F1,2025-05-10 19:00:00,Rennes,Nice,2.06744,1.23457
F1,2025-05-10 19:00:00,Toulouse,Lens,1.12406,0.766404
F1,2025-05-17 19:00:00,Lens,Monaco,2.49045,0.481188
F1,2025-05-17 19:00:00,Lille,Reims,2.31624,0.0983246
F1,2025-05-17 19:00:00,Lyon,Angers,3.75818,0.556633
F1,2025-05-17 19:00:00,Marseille,Rennes,4.06558,1.40321
F1,2025-05-17 19:00:00,Nantes,Montpellier,3.00657,0.602786
F1,2025-05-17 19:00:00,Nice,Brest,5.0223,0.68904
F1,2025-05-17 19:00:00,Paris Saint Germain,Auxerre,3.71972,0.9013
F1,2025-05-17 19:00:00,Saint-Etienne,Toulouse,1.32698,3.82215
F1,2025-05-17 19:00:00,Strasbourg,Le Havre,1.74414,2.49529
F1,2025-08-15 18:45:00,Rennes,Marseille,1.31418,2.07298
F1,2025-08-16 15:00:00,Lens,Lyon,1.87447,1.615
F1,2025-08-16 17:00:00,Monaco,Le Havre,1.88048,0.427494
F1,2025-08-16 19:05:00,Nice,Toulouse,0.95554,0.56945
F1,2025-08-17 15:15:00,Angers,Paris FC,0.82142,0.71125
F1,2025-08-17 15:15:00,Auxerre,Lorient,1.4925,1.84516
F1,2025-08-17 13:00:00,Brest,Lille,1.49573,1.84218
F1,2025-08-17 15:15:00,Metz,Strasbourg,0.184483,0.731013
F1,2025-08-17 18:45:00,Nantes,Paris Saint Germain,0.124428,1.35682
F1,2025-08-22 18:45:00,Paris Saint Germain,Angers,2.0878,0.176876
F1,2025-08-23 19:05:00,Lyon,Metz,2.35479,0.504863
F1,2025-08-23 15:00:00,Marseille,Paris FC,3.337,1.05457
F1,2025-08-23 17:00:00,Nice,Auxerre,2.66284,2.24407
F1,2025-08-24 15:15:00,Le Havre,Lens,2.0398,1.29098
F1,2025-08-24 18:45:00,Lille,Monaco,2.41091,1.52213
F1,2025-08-24 13:00:00,Lorient,Rennes,3.4466,0.0728372
F1,2025-08-24 15:15:00,Strasbourg,Nantes,1.81743,0.425423
F1,2025-08-24 15:15:00,Toulouse,Brest,1.32432,0.750148
F1,2025-08-29 18:45:00,Lens,Brest,4.42054,0.963409
F1,2025-08-30 15:00:00,Lorient,Lille,1.1603,3.70255
F1,2025-08-30 17:00:00,Nantes,Auxerre,0.418091,1.10996
F1,2025-08-30 19:05:00,Toulouse,Paris Saint Germain,2.33006,2.49609
F1,2025-08-31 13:00:00,Angers,Rennes,1.58619,1.73758
F1,2025-08-31 15:15:00,Le Havre,Nice,1.75553,0.715595
F1,2025-08-31 18:45:00,Lyon,Marseille,3.15727,0.896862
F1,2025-08-31 15:15:00,Monaco,Strasbourg,2.35547,1.7732
F1,2025-08-31 15:15:00,Paris FC,Metz,3.39898,1.6248
F1,2025-09-12 18:45:00,Marseille,Lorient,2.83367,0.187377
F1,2025-09-13 19:05:00,Auxerre,Monaco,0.904229,1.62646
F1,2025-09-13 15:00:00,Nice,Nantes,2.34645,0.775945
F1,2025-09-14 15:15:00,Brest,Paris FC,2.60519,1.85008
F1,2025-09-14 13:00:00,Lille,Toulouse,2.42116,1.15678
F1,2025-09-14 15:15:00,Metz,Angers,1.76271,1.98184
F1,2025-09-14 15:15:00,Paris Saint Germain,Lens,1.05815,1.2242
F1,2025-09-14 18:45:00,Rennes,Lyon,2.20918,1.7381
F1,2025-09-14 15:15:00,Strasbourg,Le Havre,1.43354,0.524832
F1,2025-09-19 18:45:00,Lyon,Angers,2.20483,0.677354
F1,2025-09-20 17:00:00,Brest,Nice,2.07376,2.26393
F1,2025-09-20 19:05:00,Lens,Lille,3.8174,1.89889
F1,2025-09-20 15:00:00,Nantes,Rennes,2.65629,1.44041
F1,2025-09-21 15:15:00,Auxerre,Toulouse,0.883373,1.50957
F1,2025-09-21 15:15:00,Le Havre,Lorient,2.23396,1.26993
F1,2025-09-21 15:15:00,Monaco,Metz,3.497,1.91296
F1,2025-09-21 13:00:00,Paris FC,Strasbourg,1.9014,2.46459
F1,2025-09-22 18:45:00,Marseille,Paris Saint Germain,1.77744,0.919565
F1,2025-09-26 18:45:00,Strasbourg,Marseille,1.0976,2.00258
F1,2025-09-27 15:00:00,Lorient,Monaco,2.09364,0.894035
F1,2025-09-27 19:05:00,Paris Saint Germain,Auxerre,2.11672,0.73132
F1,2025-09-27 17:00:00,Toulouse,Nantes,1.98573,1.8303
F1,2025-09-28 15:15:00,Angers,Brest,0.501827,1.34192
F1,2025-09-28 15:15:00,Lille,Lyon,1.65271,0.642572
F1,2025-09-28 15:15:00,Metz,Le Havre,0.39939,0.395921
F1,2025-09-28 13:00:00,Nice,Paris FC,1.36997,1.49444
F1,2025-09-28 18:45:00,Rennes,Lens,1.57438,1.51932
F1,2025-10-03 18:45:00,Paris FC,Lorient,1.83687,0.855852
F1,2025-10-04 19:05:00,Auxerre,Lens,1.27422,0.471027
F1,2025-10-04 17:00:00,Brest,Nantes,1.44552,0.489862
F1,2025-10-04 15:00:00,Metz,Marseille,0.1529,2.67719
F1,2025-10-05 15:15:00,Le Havre,Rennes,1.98097,1.21285
F1,2025-10-05 18:45:00,Lille,Paris Saint Germain,0.647492,1.71207
F1,2025-10-05 13:00:00,Lyon,Toulouse,1.42206,1.36525
F1,2025-10-05 15:15:00,Monaco,Nice,2.4556,1.13121
F1,2025-10-05 15:15:00,Strasbourg,Angers,4.2783,0.294622
F1,2025-10-17 18:45:00,Paris Saint Germain,Strasbourg,2.85659,1.92082
F1,2025-10-18 17:00:00,Angers,Monaco,1.58102,1.65166
F1,2025-10-18 19:05:00,Marseille,Le Havre,4.20445,0.352985
F1,2025-10-18 15:00:00,Nice,Lyon,1.16366,2.89867
F1,2025-10-19 13:00:00,Lens,Paris FC,1.98018,0.583966
F1,2025-10-19 15:15:00,Lorient,Brest,1.5878,1.56803
F1,2025-10-19 18:45:00,Nantes,Lille,0.772603,2.7603
F1,2025-10-19 15:15:00,Rennes,Auxerre,1.93587,1.66634
F1,2025-10-19 15:15:00,Toulouse,Metz,2.73037,0.119104
F1,2025-10-24 18:45:00,Paris FC,Nantes,0.951277,0.916827
F1,2025-10-25 15:00:00,Brest,Paris Saint Germain,1.89257,2.92453
F1,2025-10-25 19:05:00,Lens,Marseille,1.87596,0.765479
F1,2025-10-25 17:00:00,Monaco,Toulouse,3.37276,0.584122
F1,2025-10-26 15:15:00,Angers,Lorient,1.30397,2.00206
F1,2025-10-26 15:15:00,Auxerre,Le Havre,0.563862,1.52215
F1,2025-10-26 13:00:00,Lille,Metz,3.85054,1.01476
F1,2025-10-26 18:45:00,Lyon,Strasbourg,1.14566,0.798152
F1,2025-10-26 15:15:00,Rennes,Nice,1.54435,0.88734
F1,2025-10-29 17:00:00,Le Havre,Brest,0.556063,0.370311
F1,2025-10-29 17:00:00,Lorient,Paris Saint Germain,0.192946,1.28813
F1,2025-10-29 19:05:00,Marseille,Angers,1.58833,0.996929
F1,2025-10-29 17:00:00,Metz,Lens,3.11925,1.23771
F1,2025-10-29 19:05:00,Nantes,Monaco,2.1261,4.10211
F1,2025-10-29 17:00:00,Nice,Lille,1.74459,0.661109
F1,2025-10-29 19:05:00,Paris FC,Lyon,0.581508,1.21871
F1,2025-10-29 19:05:00,Strasbourg,Auxerre,4.10806,0.68695
F1,2025-10-29 19:05:00,Toulouse,Rennes,1.62131,1.26096
F1,2025-11-01 20:05:00,Auxerre,Marseille,1.09464,0.698037
F1,2025-11-01 18:00:00,Monaco,Paris FC,0.820947,1.18048
F1,2025-11-01 16:00:00,Paris Saint Germain,Nice,1.88647,0.3867
F1,2025-11-02 19:45:00,Brest,Lyon,1.63942,0.143862
F1,2025-11-02 16:15:00,Lens,Lorient,3.21467,1.98367
F1,2025-11-02 16:15:00,Lille,Angers,2.2089,0.277522
F1,2025-11-02 16:15:00,Nantes,Metz,1.07598,1.36245
F1,2025-11-02 14:00:00,Rennes,Strasbourg,3.06877,2.08816
F1,2025-11-02 16:15:00,Toulouse,Le Havre,1.07851,1.07299
F1,2025-11-07 19:45:00,Paris FC,Rennes,2.2285,1.36728
F1,2025-11-08 18:00:00,Le Havre,Nantes,0.984753,0.353936
F1,2025-11-08 16:00:00,Marseille,Brest,3.09058,0.69584
F1,2025-11-08 20:05:00,Monaco,Lens,2.4076,3.23933
F1,2025-11-09 16:15:00,Angers,Auxerre,1.15143,0.589602
F1,2025-11-09 14:00:00,Lorient,Toulouse,1.26999,1.15206
F1,2025-11-09 19:45:00,Lyon,Paris Saint Germain,0.712588,1.69872
F1,2025-11-09 16:15:00,Metz,Nice,1.32977,0.784993
F1,2025-11-09 16:15:00,Strasbourg,Lille,0.768163,0.480004
F1,2025-11-21 19:45:00,Nice,Marseille,1.36131,3.09163
F1,2025-11-22 16:00:00,Lens,Strasbourg,2.2242,0.400272
F1,2025-11-22 20:05:00,Paris Saint Germain,Le Havre,4.11577,1.28573
F1,2025-11-22 18:00:00,Rennes,Monaco,3.067,1.60818
F1,2025-11-23 14:00:00,Auxerre,Lyon,1.512,1.27606
F1,2025-11-23 16:15:00,Brest,Metz,3.36815,1.02855
F1,2025-11-23 19:45:00,Lille,Paris FC,4.14474,1.50332
F1,2025-11-23 16:15:00,Nantes,Lorient,0.915515,0.352154
F1,2025-11-23 16:15:00,Toulouse,Angers,1.85382,0.324057
F1,2025-11-28 19:45:00,Metz,Rennes,1.31354,0.980088
F1,2025-11-29 20:05:00,Marseille,Toulouse,1.62768,1.09387
F1,2025-11-29 16:00:00,Monaco,Paris Saint Germain,0.637875,1.47676
F1,2025-11-29 18:00:00,Paris FC,Auxerre,1.80891,1.15143
F1,2025-11-30 16:15:00,Angers,Lens,1.10642,1.96335
F1,2025-11-30 16:15:00,Le Havre,Lille,0.867678,1.35017
F1,2025-11-30 16:15:00,Lorient,Nice,3.49255,1.3285
F1,2025-11-30 19:45:00,Lyon,Nantes,2.1878,0.384922
F1,2025-11-30 14:00:00,Strasbourg,Brest,1.14608,1.00638
F1,2025-12-05 18:00:00,Brest,Monaco,1.13774,0.485017
F1,2025-12-05 20:00:00,Lille,Marseille,0.572302,0.902813
F1,2025-12-06 16:00:00,Nantes,Lens,1.1817,3.26397
F1,2025-12-06 20:05:00,Paris Saint Germain,Rennes,2.32641,0.153549
F1,2025-12-06 18:00:00,Toulouse,Strasbourg,0.64097,0.0918532
F1,2025-12-07 16:15:00,Auxerre,Metz,2.22374,0.346523
F1,2025-12-07 16:15:00,Le Havre,Paris FC,1.93371,1.2524
F1,2025-12-07 19:45:00,Lorient,Lyon,2.48644,0.475087
F1,2025-12-07 14:00:00,Nice,Angers,1.38209,1.33715
F1,2025-12-12 19:45:00,Angers,Nantes,3.04663,0.26526
F1,2025-12-13 18:00:00,Metz,Paris Saint Germain,0.363683,1.94768
F1,2025-12-13 20:05:00,Paris FC,Toulouse,0.366399,2.03766
F1,2025-12-13 16:00:00,Rennes,Brest,1.58903,0.872611
F1,2025-12-14 16:15:00,Auxerre,Lille,2.50862,0.733512
F1,2025-12-14 16:15:00,Lens,Nice,1.91622,0.733412
F1,2025-12-14 14:00:00,Lyon,Le Havre,2.9604,1.44459
F1,2025-12-14 19:45:00,Marseille,Monaco,2.02467,1.94962
F1,2025-12-14 16:15:00,Strasbourg,Lorient,0.911848,0.415871
F1,2026-01-02 19:45:00,Toulouse,Lens,0.46972,2.67769
F1,2026-01-03 20:05:00,Lille,Rennes,1.06111,1.49739
F1,2026-01-03 16:00:00,Monaco,Lyon,0.799996,1.95535
F1,2026-01-03 18:00:00,Nice,Strasbourg,2.39473,1.38731
F1,2026-01-04 16:15:00,Brest,Auxerre,1.54399,0.835513
F1,2026-01-04 16:15:00,Le Havre,Angers,1.54881,0.730978
F1,2026-01-04 16:15:00,Lorient,Metz,1.55407,0.364932
F1,2026-01-04 14:00:00,Marseille,Nantes,1.14141,3.16795
F1,2026-01-04 19:45:00,Paris Saint Germain,Paris FC,1.58716,0.938334
F1,2026-01-16 18:00:00,Monaco,Lorient,1.31321,1.17141
F1,2026-01-16 20:00:00,Paris Saint Germain,Lille,1.29284,0.67995
F1,2026-01-17 20:05:00,Angers,Marseille,1.03735,3.91118
F1,2026-01-17 16:00:00,Lens,Auxerre,2.61821,0.393025
F1,2026-01-17 18:00:00,Toulouse,Nice,1.77349,1.41914
F1,2026-01-18 19:45:00,Lyon,Brest,2.62893,1.16318
F1,2026-01-18 16:15:00,Nantes,Paris FC,0.411699,0.738941
F1,2026-01-18 16:15:00,Rennes,Le Havre,2.54723,0.538741
F1,2026-01-18 14:00:00,Strasbourg,Metz,1.019,0.984265
F1,2026-01-23 19:00:00,Auxerre,Paris Saint Germain,0.352997,2.19544
F1,2026-01-24 18:00:00,Le Havre,Monaco,0.171551,0.562454
F1,2026-01-24 20:05:00,Marseille,Lens,1.07239,1.00288
F1,2026-01-24 16:00:00,Rennes,Lorient,1.88241,1.10359
F1,2026-01-25 16:15:00,Brest,Toulouse,0.988274,0.684258
F1,2026-01-25 19:45:00,Lille,Strasbourg,1.74087,3.56512
F1,2026-01-25 16:15:00,Metz,Lyon,1.18331,3.34121
F1,2026-01-25 14:00:00,Nantes,Nice,1.98581,1.6112
F1,2026-01-25 16:15:00,Paris FC,Angers,0.759097,0.342734
F1,2026-01-30 19:45:00,Lens,Le Havre,1.60367,0.407119
F1,2026-01-31 18:00:00,Lorient,Nantes,0.777027,1.20179
F1,2026-01-31 20:05:00,Monaco,Rennes,2.28518,0.427968
F1,2026-01-31 16:00:00,Paris FC,Marseille,1.82048,2.71118
F1,2026-02-01 16:15:00,Angers,Metz,1.34676,0.397871
F1,2026-02-01 14:00:00,Lyon,Lille,0.616999,0.390671
F1,2026-02-01 16:15:00,Nice,Brest,1.2009,1.83505
F1,2026-02-01 19:45:00,Strasbourg,Paris Saint Germain,1.97116,1.16489
F1,2026-02-01 16:15:00,Toulouse,Auxerre,0.804565,0.871363
F1,2026-02-08 16:15:00,Angers,Toulouse,1.17089,0.691991
F1,2026-02-08 16:15:00,Auxerre,Paris FC,1.27393,0.758207
F1,2026-02-08 14:00:00,Brest,Lorient,2.05135,0.720569
F1,2026-02-08 16:15:00,Le Havre,Strasbourg,0.856821,0.51294
F1,2026-02-08 14:00:00,Lens,Rennes,1.01131,1.33597
F1,2026-02-08 14:00:00,Metz,Lille,0.581838,1.53538
F1,2026-02-08 14:00:00,Nantes,Lyon,0.795659,0.990033
F1,2026-02-08 14:00:00,Nice,Monaco,0.455943,0.827302
F1,2026-02-08 19:45:00,Paris Saint Germain,Marseille,4.63077,0.90611
F1,2026-02-13 20:05:00,Monaco,Nantes,2.20188,1.00661
F1,2026-02-13 18:00:00,Rennes,Paris Saint Germain,1.80204,4.17604
F1,2026-02-14 18:00:00,Lille,Brest,1.77426,0.841964
F1,2026-02-14 16:00:00,Marseille,Strasbourg,1.61535,2.39153
F1,2026-02-14 20:05:00,Paris FC,Lens,0.399344,3.50163
F1,2026-02-15 14:00:00,Le Havre,Toulouse,0.977711,3.12342
F1,2026-02-15 16:15:00,Lorient,Angers,1.4393,0.406012
F1,2026-02-15 19:45:00,Lyon,Nice,1.9974,1.30477
F1,2026-02-15 16:15:00,Metz,Auxerre,0.753602,1.05829
F1,2026-02-20 19:45:00,Brest,Marseille,1.33408,1.3575
F1,2026-02-21 16:00:00,Lens,Monaco,1.82827,2.34004
F1,2026-02-21 20:05:00,Paris Saint Germain,Metz,2.41445,0.0591146
F1,2026-02-21 18:00:00,Toulouse,Paris FC,2.67763,0.687806
F1,2026-02-22 16:15:00,Angers,Lille,0.24039,2.74265
F1,2026-02-22 14:00:00,Auxerre,Rennes,0.700042,1.10597
F1,2026-02-22 16:15:00,Nantes,Le Havre,1.70753,0.753349
F1,2026-02-22 16:15:00,Nice,Lorient,2.74646,1.97697
F1,2026-02-22 19:45:00,Strasbourg,Lyon,2.22901,0.427324
F1,2026-02-27 19:45:00,Strasbourg,Lens,0.874721,2.03807
F1,2026-02-28 20:05:00,Le Havre,Paris Saint Germain,0.682797,4.03627
F1,2026-02-28 18:00:00,Monaco,Angers,1.67082,0.609359
F1,2026-02-28 16:00:00,Rennes,Toulouse,0.709138,0.668386
F1,2026-03-01 16:15:00,Lille,Nantes,0.495693,0.171014
F1,2026-03-01 16:15:00,Lorient,Auxerre,1.02766,1.96667
F1,2026-03-01 19:45:00,Marseille,Lyon,1.78764,1.78524
F1,2026-03-01 16:15:00,Metz,Brest,1.58374,0.963216
F1,2026-03-01 14:00:00,Paris FC,Nice,1.3017,1.26295
F1,2026-03-06 19:45:00,Paris Saint Germain,Monaco,1.22179,1.75294
F1,2026-03-07 18:00:00,Auxerre,Strasbourg,1.03226,1.27324
F1,2026-03-07 16:00:00,Nantes,Angers,0.611683,0.853223
F1,2026-03-07 20:05:00,Toulouse,Marseille,1.28713,1.3226
F1,2026-03-08 16:15:00,Brest,Le Havre,1.26459,1.10286
F1,2026-03-08 14:00:00,Lens,Metz,2.22106,0.250806
F1,2026-03-08 16:15:00,Lille,Lorient,0.850092,0.929269
F1,2026-03-08 19:45:00,Lyon,Paris FC,1.92522,2.32579
F1,2026-03-08 16:15:00,Nice,Rennes,2.68488,1.87138
F1,2026-03-13 19:45:00,Marseille,Auxerre,1.12898,0.293047
F1,2026-03-14 18:00:00,Angers,Nice,0.889177,1.60128
F1,2026-03-14 16:00:00,Lorient,Lens,2.37345,1.01216
F1,2026-03-14 20:05:00,Monaco,Brest,2.81345,1.56097
F1,2026-03-15 16:15:00,Le Havre,Lyon,0.640079,1.13833
F1,2026-03-15 16:15:00,Metz,Toulouse,1.62616,1.74262
F1,2026-03-15 19:45:00,Rennes,Lille,1.5463,1.3508
F1,2026-03-15 14:00:00,Strasbourg,Paris FC,1.20221,0.616395
F1,2026-03-20 19:45:00,Lens,Angers,4.33933,1.15185
F1,2026-03-21 18:00:00,Auxerre,Brest,2.0573,0.882319
F1,2026-03-21 20:05:00,Nice,Paris Saint Germain,0.17662,4.04442
F1,2026-03-21 16:00:00,Toulouse,Lorient,1.48458,0.477676
F1,2026-03-22 14:00:00,Lyon,Monaco,1.10723,3.4997
F1,2026-03-22 16:15:00,Marseille,Lille,1.02929,1.61107
F1,2026-03-22 19:45:00,Nantes,Strasbourg,1.91469,2.83907
F1,2026-03-22 16:15:00,Paris FC,Le Havre,2.42628,1.74386
F1,2026-03-22 16:15:00,Rennes,Metz,1.70552,0.314914
F1,2026-04-03 18:45:00,Paris Saint Germain,Toulouse,1.7337,0.102597
F1,2026-04-04 17:00:00,Brest,Rennes,1.89452,2.7958
F1,2026-04-04 19:05:00,Lille,Lens,3.82171,0.412713
F1,2026-04-04 15:00:00,Strasbourg,Nice,2.70892,0.354354
F1,2026-04-05 13:00:00,Angers,Lyon,0.353538,0.522379
F1,2026-04-05 15:15:00,Le Havre,Auxerre,0.711193,2.40825
F1,2026-04-05 15:15:00,Lorient,Paris FC,1.16554,1.39879
F1,2026-04-05 15:15:00,Metz,Nantes,2.3189,0.389282
F1,2026-04-05 18:45:00,Monaco,Marseille,1.67743,3.10791
F1,2026-04-10 19:05:00,Marseille,Metz,3.31638,0.535052
F1,2026-04-10 17:00:00,Paris FC,Monaco,2.95341,1.7647
F1,2026-04-11 17:00:00,Auxerre,Nantes,0.797017,1.44705
F1,2026-04-11 19:05:00,Rennes,Angers,1.09968,1.19461
F1,2026-04-12 18:45:00,Lyon,Lorient,1.84879,1.57488
F1,2026-04-12 15:15:00,Nice,Le Havre,2.14773,2.12622
F1,2026-04-12 15:15:00,Toulouse,Lille,1.46514,2.08775
F1,2026-04-17 18:45:00,Lens,Toulouse,3.98387,0.578481
F1,2026-04-18 17:00:00,Angers,Le Havre,0.961095,1.54566
F1,2026-04-18 19:05:00,Lille,Nice,0.413432,0.171356
F1,2026-04-18 15:00:00,Lorient,Marseille,1.28628,2.13073
F1,2026-04-19 15:15:00,Metz,Paris FC,1.48448,1.97282
F1,2026-04-19 13:00:00,Monaco,Auxerre,1.94243,0.745123
F1,2026-04-19 15:15:00,Nantes,Brest,0.970265,0.631132
F1,2026-04-19 18:45:00,Paris Saint Germain,Lyon,3.20455,1.20364
F1,2026-04-19 15:15:00,Strasbourg,Rennes,0.944239,3.25297
F1,2026-04-22 18:00:00,Paris Saint Germain,Nantes,2.26452,0.672206
F1,2026-04-24 18:45:00,Brest,Lens,0.309794,3.24582
F1,2026-04-25 17:00:00,Angers,Paris Saint Germain,0.977437,3.00296
F1,2026-04-25 13:00:00,Lyon,Auxerre,2.16328,0.883316
F1,2026-04-25 19:05:00,Toulouse,Monaco,2.15303,1.34617
F1,2026-04-26 15:15:00,Le Havre,Metz,2.64995,1.88709
F1,2026-04-26 13:00:00,Lorient,Strasbourg,2.57081,1.98869
F1,2026-04-26 18:45:00,Marseille,Nice,2.82843,1.41493
F1,2026-04-26 15:15:00,Paris FC,Lille,1.12423,1.75999
F1,2026-04-26 15:15:00,Rennes,Nantes,1.55601,2.51691
F1,2026-05-03 15:15:00,Auxerre,Angers,2.5499,2.16783
F1,2026-05-03 13:00:00,Lille,Le Havre,1.9163,0.334256
F1,2026-05-03 18:45:00,Lyon,Rennes,2.6657,1.06495
F1,2026-05-03 13:00:00,Metz,Monaco,1.1478,1.58879
F1,2026-05-03 13:00:00,Nantes,Marseille,3.07178,1.55164
F1,2026-05-03 13:00:00,Nice,Lens,1.33864,1.55241
F1,2026-05-03 15:15:00,Paris FC,Brest,2.86094,0.733091
F1,2026-05-03 13:00:00,Paris Saint Germain,Lorient,2.98414,1.27737
F1,2026-05-03 15:15:00,Strasbourg,Toulouse,0.405296,1.67665
F1,2026-05-08 18:45:00,Lens,Nantes,0.719134,1.06721
F1,2026-05-10 19:00:00,Angers,Strasbourg,0.793655,1.81952
F1,2026-05-10 19:00:00,Auxerre,Nice,0.866185,2.07007
F1,2026-05-10 19:00:00,Le Havre,Marseille,1.23305,1.03467
F1,2026-05-10 19:00:00,Metz,Lorient,0.730271,1.76754
F1,2026-05-10 19:00:00,Monaco,Lille,0.308864,0.400405
F1,2026-05-10 19:00:00,Paris Saint Germain,Brest,1.608,0.123268
F1,2026-05-10 19:00:00,Rennes,Paris FC,1.53143,1.59351
F1,2026-05-10 19:00:00,Toulouse,Lyon,1.87108,1.56954
F1,2026-05-13 17:00:00,Brest,Strasbourg,2.64653,1.69163
F1,2026-05-13 19:00:00,Lens,Paris Saint Germain,3.03896,0.943876
F1,2026-05-17 19:00:00,Brest,Angers,2.38724,1.06418
F1,2026-05-17 19:00:00,Lille,Auxerre,1.22445,0.615778
F1,2026-05-17 19:00:00,Lorient,Le Havre,1.26937,1.28765
F1,2026-05-17 19:00:00,Lyon,Lens,1.12358,2.01573
F1,2026-05-17 19:00:00,Marseille,Rennes,3.90151,2.20696
F1,2026-05-17 18:00:00,Nantes,Toulouse,0.0840142,0.319014
F1,2026-05-17 19:00:00,Nice,Metz,1.216,0.836784
F1,2026-05-17 19:00:00,Paris FC,Paris Saint Germain,2.32862,0.863934
F1,2026-05-17 19:00:00,Strasbourg,Monaco,2.11536,1.44729
